{"type":"FeatureCollection","features":[{"type":"Feature","properties":{"s":"st-carrer-dels-llebrencs"},"geometry":{"type":"MultiLineString","coordinates":[[[2.10247,41.41271],[2.10223,41.41391]]]}},{"type":"Feature","properties":{"s":"st-carrer-a-zona-franca"},"geometry":{"type":"MultiLineString","coordinates":[[[2.13282,41.32343],[2.13593,41.32853],[2.13867,41.33297],[2.14415,41.34171],[2.14584,41.34435],[2.14743,41.3472],[2.14551,41.3478]]]}},{"type":"Feature","properties":{"s":"st-carrer-de-guerau-de-liost"},"geometry":{"type":"MultiLineString","coordinates":[[[2.10344,41.41238],[2.10328,41.41362],[2.10277,41.41402]]]}},{"type":"Feature","properties":{"s":"st-carrer-de-l-abat-odo"},"geometry":{"type":"MultiLineString","coordinates":[[[2.18428,41.43258],[2.18574,41.43247]],[[2.1864,41.43241],[2.18747,41.43232],[2.18872,41.43223],[2.18929,41.43218]]]}},{"type":"Feature","properties":{"s":"st-carrer-de-l-abat-samso"},"geometry":{"type":"MultiLineString","coordinates":[[[2.12509,41.39688],[2.12586,41.39619]]]}},{"type":"Feature","properties":{"s":"st-carrer-de-l-abadessa-olzet"},"geometry":{"type":"MultiLineString","coordinates":[[[2.11459,41.39053],[2.11303,41.39168],[2.11169,41.39264],[2.1103,41.3937]],[[2.10768,41.39555],[2.10827,41.39516],[2.10914,41.39452],[2.10973,41.39384]]]}},{"type":"Feature","properties":{"s":"st-carrer-dels-abaixadors"},"geometry":{"type":"MultiLineString","coordinates":[[[2.18154,41.38354],[2.18147,41.38342],[2.18102,41.38297]]]}},{"type":"Feature","properties":{"s":"st-carrer-d-abd-el-kader"},"geometry":{"type":"MultiLineString","coordinates":[[[2.1639,41.41366],[2.16479,41.41227]]]}},{"type":"Feature","properties":{"s":"st-carrer-d-abella"},"geometry":{"type":"MultiLineString","coordinates":[[[2.16618,41.43433],[2.16607,41.43409]]]}},{"type":"Feature","properties":{"s":"st-carrer-de-manuel-ballbe"},"geometry":{"type":"MultiLineString","coordinates":[[[2.10916,41.3837],[2.10705,41.38673]]]}},{"type":"Feature","properties":{"s":"st-carrer-de-les-acacies"},"geometry":{"type":"MultiLineString","coordinates":[[[2.17818,41.4232],[2.17822,41.42373],[2.1782,41.42479],[2.17812,41.42642]]]}},{"type":"Feature","properties":{"s":"st-placa-de-l-academia"},"geometry":{"type":"MultiLineString","coordinates":[[[2.1807,41.38765],[2.18098,41.38773]]]}},{"type":"Feature","properties":{"s":"st-carrer-de-la-sequia"},"geometry":{"type":"MultiLineString","coordinates":[[[2.17984,41.38865],[2.17932,41.3889]]]}},{"type":"Feature","properties":{"s":"st-carrer-de-la-sequia-comtal"},"geometry":{"type":"MultiLineString","coordinates":[[[2.18686,41.40852],[2.18828,41.40797]]]}},{"type":"Feature","properties":{"s":"st-carrer-de-la-sequia-madriguera"},"geometry":{"type":"MultiLineString","coordinates":[[[2.20334,41.43601],[2.20313,41.4373]],[[2.20313,41.4373],[2.20311,41.43825]],[[2.20313,41.4373],[2.20267,41.43742]]]}},{"type":"Feature","properties":{"s":"st-carrer-de-l-acer"},"geometry":{"type":"MultiLineString","coordinates":[[[2.1354,41.35369],[2.13656,41.35209],[2.13821,41.3503],[2.13925,41.34932],[2.13964,41.34894]],[[2.13345,41.35643],[2.13296,41.35714]]]}},{"type":"Feature","properties":{"s":"st-carrer-de-l-actor-morano"},"geometry":{"type":"MultiLineString","coordinates":[[[2.10508,41.41288],[2.10559,41.41362]]]}},{"type":"Feature","properties":{"s":"st-carrer-de-l-actriu-tubau"},"geometry":{"type":"MultiLineString","coordinates":[[[2.10517,41.41378],[2.1059,41.4135]]]}},{"type":"Feature","properties":{"s":"st-carrer-d-adolf-florensa"},"geometry":{"type":"MultiLineString","coordinates":[[[2.11412,41.38496],[2.11481,41.38343],[2.11513,41.38268],[2.11558,41.38172]]]}},{"type":"Feature","properties":{"s":"st-carrer-adrall"},"geometry":{"type":"MultiLineString","coordinates":[[[2.20265,41.43819],[2.20261,41.43842]]]}},{"type":"Feature","properties":{"s":"st-avinguda-d-adria-gual"},"geometry":{"type":"MultiLineString","coordinates":[[[2.13512,41.4192],[2.13482,41.41961],[2.13451,41.41992],[2.13345,41.42015]]]}},{"type":"Feature","properties":{"s":"st-carrer-d-adria-margarit"},"geometry":{"type":"MultiLineString","coordinates":[[[2.13282,41.41511],[2.13173,41.41442],[2.13084,41.41382]]]}},{"type":"Feature","properties":{"s":"st-placa-d-adria"},"geometry":{"type":"MultiLineString","coordinates":[[[2.13886,41.4011],[2.13958,41.40159],[2.13901,41.40108],[2.13886,41.4011]]]}},{"type":"Feature","properties":{"s":"st-carrer-de-la-duana"},"geometry":{"type":"MultiLineString","coordinates":[[[2.18534,41.38328],[2.18495,41.3835],[2.18431,41.38382]]]}},{"type":"Feature","properties":{"s":"st-carrer-dels-afores"},"geometry":{"type":"MultiLineString","coordinates":[[[2.19056,41.43009],[2.19078,41.42944]]]}},{"type":"Feature","properties":{"s":"st-carrer-de-n-agla"},"geometry":{"type":"MultiLineString","coordinates":[[[2.17667,41.37992],[2.1764,41.38015]]]}},{"type":"Feature","properties":{"s":"st-carrer-d-agramunt"},"geometry":{"type":"MultiLineString","coordinates":[[[2.14718,41.41014],[2.14508,41.40905]]]}},{"type":"Feature","properties":{"s":"st-carrer-de-l-agregacio"},"geometry":{"type":"MultiLineString","coordinates":[[[2.17568,41.42162],[2.17617,41.42234],[2.17671,41.42308],[2.17722,41.42382]]]}},{"type":"Feature","properties":{"s":"st-carrer-d-anna-m-martinez-sagi"},"geometry":{"type":"MultiLineString","coordinates":[[[2.1789,41.42113],[2.17733,41.42137],[2.1771,41.42139],[2.17568,41.42162]]]}},{"type":"Feature","properties":{"s":"st-carrer-de-l-agricultura"},"geometry":{"type":"MultiLineString","coordinates":[[[2.20642,41.41423],[2.20852,41.41264],[2.21195,41.41008]],[[2.20392,41.41613],[2.20262,41.41708],[2.20151,41.41795],[2.19924,41.41963],[2.1981,41.4205],[2.19602,41.4223]]]}},{"type":"Feature","properties":{"s":"st-carretera-de-les-aigues"},"geometry":{"type":"MultiLineString","coordinates":[[[2.12893,41.41735],[2.12756,41.41951],[2.12939,41.41949],[2.13039,41.41997],[2.13221,41.4199],[2.13125,41.42124],[2.1328,41.42154],[2.13528,41.42136]],[[2.10212,41.38739],[2.10016,41.38974],[2.10417,41.4009],[2.10588,41.40291],[2.1073,41.40446],[2.10632,41.40654]],[[2.1289,41.4173],[2.12878,41.41714],[2.12109,41.4164]],[[2.1049,41.40603],[2.10459,41.40678],[2.10439,41.40884],[2.10652,41.40962],[2.10811,41.41142],[2.10824,41.41209],[2.11014,41.41226],[2.11111,41.41362],[2.11421,41.4122],[2.11947,41.41245],[2.11926,41.41364],[2.12109,41.4164]],[[2.12109,41.4164],[2.12064,41.41805]]]}},{"type":"Feature","properties":{"s":"st-cami-de-les-aigues"},"geometry":{"type":"MultiLineString","coordinates":[[[2.10848,41.4032],[2.10804,41.40346]]]}},{"type":"Feature","properties":{"s":"st-carrer-dels-agudells"},"geometry":{"type":"MultiLineString","coordinates":[[[2.15981,41.42495],[2.15964,41.42445],[2.15878,41.42377],[2.15803,41.42364]],[[2.15809,41.42342],[2.15633,41.42255],[2.15541,41.42211]]]}},{"type":"Feature","properties":{"s":"st-carrer-de-les-agudes"},"geometry":{"type":"MultiLineString","coordinates":[[[2.17415,41.46226],[2.17439,41.46159],[2.17159,41.46043]],[[2.17572,41.46068],[2.17612,41.46185],[2.17739,41.46268]],[[2.17739,41.46268],[2.17867,41.4635],[2.17579,41.46372]],[[2.17739,41.46268],[2.17755,41.4623]]]}},{"type":"Feature","properties":{"s":"st-carrer-de-l-aliga"},"geometry":{"type":"MultiLineString","coordinates":[[[2.14333,41.37296],[2.14338,41.37525]]]}},{"type":"Feature","properties":{"s":"st-carrer-d-aguilar"},"geometry":{"type":"MultiLineString","coordinates":[[[2.16969,41.42302],[2.16949,41.42554],[2.16859,41.42575]]]}},{"type":"Feature","properties":{"s":"st-carrer-d-agullana"},"geometry":{"type":"MultiLineString","coordinates":[[[2.16783,41.43478],[2.16858,41.43473]]]}},{"type":"Feature","properties":{"s":"st-carrer-dels-agullers"},"geometry":{"type":"MultiLineString","coordinates":[[[2.18124,41.38207],[2.18166,41.38252],[2.18183,41.38273],[2.18208,41.38301]]]}},{"type":"Feature","properties":{"s":"st-carrer-d-agusti-duran-i-sanpere"},"geometry":{"type":"MultiLineString","coordinates":[[[2.16825,41.38113],[2.16764,41.38165]]]}},{"type":"Feature","properties":{"s":"st-carrer-d-agusti-i-mila"},"geometry":{"type":"MultiLineString","coordinates":[[[2.189,41.43778],[2.18722,41.43838],[2.18658,41.43854],[2.18515,41.43876]]]}},{"type":"Feature","properties":{"s":"st-carrer-d-agustina-saragossa"},"geometry":{"type":"MultiLineString","coordinates":[[[2.135,41.39024],[2.13391,41.39198]]]}},{"type":"Feature","properties":{"s":"st-carrer-d-aiguablava"},"geometry":{"type":"MultiLineString","coordinates":[[[2.17959,41.44607],[2.18033,41.44718],[2.18091,41.44782],[2.18193,41.44864],[2.18263,41.44924],[2.18339,41.45004],[2.18462,41.45016],[2.18581,41.45082],[2.18662,41.45227]],[[2.18662,41.45227],[2.18691,41.45334]],[[2.18662,41.45227],[2.18549,41.45131]],[[2.18706,41.45311],[2.18691,41.45334]],[[2.18691,41.45334],[2.18648,41.45574]]]}},{"type":"Feature","properties":{"s":"st-carrer-d-aiguafreda"},"geometry":{"type":"MultiLineString","coordinates":[[[2.15901,41.42678],[2.1594,41.42665],[2.16129,41.42745]]]}},{"type":"Feature","properties":{"s":"st-carrer-d-alaba"},"geometry":{"type":"MultiLineString","coordinates":[[[2.18817,41.40072],[2.18931,41.39992],[2.19043,41.39904],[2.19307,41.3971],[2.19726,41.39396],[2.19884,41.3928]]]}},{"type":"Feature","properties":{"s":"st-carrer-de-l-alba"},"geometry":{"type":"MultiLineString","coordinates":[[[2.16158,41.40192],[2.16238,41.40245]]]}},{"type":"Feature","properties":{"s":"st-carrer-d-albacete"},"geometry":{"type":"MultiLineString","coordinates":[[[2.15161,41.40751],[2.15109,41.40806]]]}},{"type":"Feature","properties":{"s":"st-carrer-d-albania"},"geometry":{"type":"MultiLineString","coordinates":[[[2.21812,41.41461],[2.2175,41.41509]]]}},{"type":"Feature","properties":{"s":"st-carrer-d-albareda"},"geometry":{"type":"MultiLineString","coordinates":[[[2.17283,41.37406],[2.17363,41.37383],[2.17451,41.37356]]]}},{"type":"Feature","properties":{"s":"st-carrer-d-ourense"},"geometry":{"type":"MultiLineString","coordinates":[[[2.15164,41.42261],[2.15131,41.42268],[2.151,41.42272]]]}},{"type":"Feature","properties":{"s":"st-carrer-d-albert-llanas"},"geometry":{"type":"MultiLineString","coordinates":[[[2.15664,41.41669],[2.15833,41.41626],[2.15878,41.41533],[2.15939,41.41472]]]}},{"type":"Feature","properties":{"s":"st-carrer-dels-albigesos"},"geometry":{"type":"MultiLineString","coordinates":[[[2.14898,41.40959],[2.15051,41.41045],[2.15107,41.41075]]]}},{"type":"Feature","properties":{"s":"st-carrer-d-alcala-de-guadaira"},"geometry":{"type":"MultiLineString","coordinates":[[[2.19753,41.41667],[2.19527,41.41839]]]}},{"type":"Feature","properties":{"s":"st-carrer-de-l-alcalde-miralles"},"geometry":{"type":"MultiLineString","coordinates":[[[2.10471,41.4131],[2.10432,41.41356]]]}},{"type":"Feature","properties":{"s":"st-carrer-de-l-alcalde-de-mostoles"},"geometry":{"type":"MultiLineString","coordinates":[[[2.1673,41.40993],[2.16662,41.41048],[2.1662,41.41078],[2.16502,41.41171]]]}},{"type":"Feature","properties":{"s":"st-carrer-de-l-alcalde-de-zalamea"},"geometry":{"type":"MultiLineString","coordinates":[[[2.15658,41.42227],[2.15701,41.42033]]]}},{"type":"Feature","properties":{"s":"st-carrer-d-alcamo"},"geometry":{"type":"MultiLineString","coordinates":[[[2.21564,41.41612],[2.21494,41.41664]]]}},{"type":"Feature","properties":{"s":"st-carrer-d-alcanar"},"geometry":{"type":"MultiLineString","coordinates":[[[2.19054,41.38029],[2.19086,41.37947],[2.19118,41.3787]]]}},{"type":"Feature","properties":{"s":"st-carrer-d-alcantara"},"geometry":{"type":"MultiLineString","coordinates":[[[2.17196,41.44508],[2.17265,41.44605],[2.17271,41.44668],[2.1726,41.44736],[2.17251,41.44787]]]}},{"type":"Feature","properties":{"s":"st-carrer-de-marti-i-franques"},"geometry":{"type":"MultiLineString","coordinates":[[[2.11787,41.3859],[2.11854,41.38439],[2.11902,41.38317],[2.11992,41.38123]]]}},{"type":"Feature","properties":{"s":"st-avinguda-de-l-exercit"},"geometry":{"type":"MultiLineString","coordinates":[[[2.1105,41.38503],[2.11229,41.38708]]]}},{"type":"Feature","properties":{"s":"st-carrer-d-alcolea"},"geometry":{"type":"MultiLineString","coordinates":[[[2.13426,41.38135],[2.13584,41.3781],[2.13705,41.37537]]]}},{"type":"Feature","properties":{"s":"st-carrer-d-alcoi"},"geometry":{"type":"MultiLineString","coordinates":[[[2.13142,41.40867],[2.13025,41.40782],[2.12914,41.40699]]]}},{"type":"Feature","properties":{"s":"st-carrer-d-alcudia"},"geometry":{"type":"MultiLineString","coordinates":[[[2.17617,41.43828],[2.17373,41.43514],[2.17332,41.43463],[2.17278,41.43405]]]}},{"type":"Feature","properties":{"s":"st-carrer-de-l-aldea"},"geometry":{"type":"MultiLineString","coordinates":[[[2.14991,41.41889],[2.14994,41.41819],[2.15005,41.41751]]]}},{"type":"Feature","properties":{"s":"st-carrer-de-ca-l-alegre-de-dalt"},"geometry":{"type":"MultiLineString","coordinates":[[[2.16337,41.40684],[2.16236,41.40783],[2.16015,41.41018],[2.1594,41.41099],[2.15924,41.41114],[2.15859,41.41186],[2.15825,41.4122]]]}},{"type":"Feature","properties":{"s":"st-carrer-de-la-malva"},"geometry":{"type":"MultiLineString","coordinates":[[[2.09395,41.4296],[2.09377,41.43147]]]}},{"type":"Feature","properties":{"s":"st-carrer-d-alexandre-de-torrelles"},"geometry":{"type":"MultiLineString","coordinates":[[[2.16007,41.41578],[2.16222,41.41647]]]}},{"type":"Feature","properties":{"s":"st-carrer-d-alella"},"geometry":{"type":"MultiLineString","coordinates":[[[2.17501,41.43152],[2.17903,41.43145],[2.1815,41.43142]]]}},{"type":"Feature","properties":{"s":"st-carrer-de-l-alfambra"},"geometry":{"type":"MultiLineString","coordinates":[[[2.11331,41.38477],[2.11229,41.38708]]]}},{"type":"Feature","properties":{"s":"st-carrer-d-alfarras"},"geometry":{"type":"MultiLineString","coordinates":[[[2.20521,41.43622],[2.20487,41.43783],[2.20476,41.43844]]]}},{"type":"Feature","properties":{"s":"st-carrer-d-alfons-xii"},"geometry":{"type":"MultiLineString","coordinates":[[[2.15074,41.39683],[2.15025,41.3978],[2.14978,41.39834],[2.14927,41.39878],[2.1483,41.39967],[2.14749,41.40032],[2.1467,41.40099],[2.14559,41.40181]]]}},{"type":"Feature","properties":{"s":"st-carrer-de-costa-i-cuxart"},"geometry":{"type":"MultiLineString","coordinates":[[[2.1728,41.42771],[2.17353,41.42769],[2.17492,41.42795],[2.17658,41.42828]]]}},{"type":"Feature","properties":{"s":"st-carrer-d-alfons-el-magnanim"},"geometry":{"type":"MultiLineString","coordinates":[[[2.21057,41.41936],[2.2117,41.41853],[2.21412,41.41678],[2.21532,41.41587],[2.21621,41.41522],[2.21647,41.415],[2.21701,41.41462],[2.21861,41.41341]]]}},{"type":"Feature","properties":{"s":"st-placa-d-alfons-el-savi"},"geometry":{"type":"MultiLineString","coordinates":[[[2.16465,41.41164],[2.16502,41.41171],[2.16532,41.41191],[2.16479,41.41227],[2.16437,41.41213],[2.16422,41.41185],[2.16465,41.41164]]]}},{"type":"Feature","properties":{"s":"st-carrer-dels-algarves"},"geometry":{"type":"MultiLineString","coordinates":[[[2.1056,41.41438],[2.10636,41.41485],[2.10853,41.41489]]]}},{"type":"Feature","properties":{"s":"st-carrer-de-l-alguer"},"geometry":{"type":"MultiLineString","coordinates":[[[2.15536,41.42167],[2.15396,41.4209]]]}},{"type":"Feature","properties":{"s":"st-passatge-del-violer"},"geometry":{"type":"MultiLineString","coordinates":[[[2.10051,41.4286],[2.09976,41.42753]]]}},{"type":"Feature","properties":{"s":"st-carrer-d-alhucemas"},"geometry":{"type":"MultiLineString","coordinates":[[[2.18342,41.44761],[2.18258,41.44805]]]}},{"type":"Feature","properties":{"s":"st-passatge-d-ali-bei"},"geometry":{"type":"MultiLineString","coordinates":[[[2.18987,41.40031],[2.18932,41.40072]]]}},{"type":"Feature","properties":{"s":"st-carrer-d-alacant"},"geometry":{"type":"MultiLineString","coordinates":[[[2.13172,41.39969],[2.1346,41.40098],[2.13565,41.40162]]]}},{"type":"Feature","properties":{"s":"st-carrer-d-alighieri"},"geometry":{"type":"MultiLineString","coordinates":[[[2.16015,41.42828],[2.16062,41.42838]]]}},{"type":"Feature","properties":{"s":"st-passatge-d-alio"},"geometry":{"type":"MultiLineString","coordinates":[[[2.16584,41.4031],[2.16471,41.40395]]]}},{"type":"Feature","properties":{"s":"st-carrer-dels-magatzems"},"geometry":{"type":"MultiLineString","coordinates":[[[2.18834,41.38065],[2.18799,41.38152]]]}},{"type":"Feature","properties":{"s":"st-carrer-d-almagro"},"geometry":{"type":"MultiLineString","coordinates":[[[2.17413,41.44183],[2.17364,41.44242],[2.17327,41.44311],[2.17287,41.44373]],[[2.17156,41.44483],[2.17191,41.44456],[2.17253,41.44403]]]}},{"type":"Feature","properties":{"s":"st-carrer-d-almansa"},"geometry":{"type":"MultiLineString","coordinates":[[[2.17723,41.44135],[2.17657,41.44165],[2.17618,41.44198],[2.17579,41.44231],[2.17522,41.44292],[2.17492,41.44328],[2.17466,41.44368],[2.17453,41.44384],[2.17413,41.44443],[2.17372,41.44547],[2.17358,41.446]]]}},{"type":"Feature","properties":{"s":"st-carrero-de-les-animes"},"geometry":{"type":"MultiLineString","coordinates":[[[2.12778,41.37643],[2.12826,41.37643],[2.12962,41.37649]]]}},{"type":"Feature","properties":{"s":"st-carrer-d-almassora"},"geometry":{"type":"MultiLineString","coordinates":[[[2.19082,41.45139],[2.19008,41.45163],[2.18938,41.45157]]]}},{"type":"Feature","properties":{"s":"st-carrer-d-almenara-alta"},"geometry":{"type":"MultiLineString","coordinates":[[[2.18688,41.41035],[2.18789,41.41006]]]}},{"type":"Feature","properties":{"s":"st-carrer-dels-ametllers"},"geometry":{"type":"MultiLineString","coordinates":[[[2.10419,41.39488],[2.10382,41.3935],[2.10355,41.39269]]]}},{"type":"Feature","properties":{"s":"st-passatge-dels-ametllers"},"geometry":{"type":"MultiLineString","coordinates":[[[2.10318,41.39363],[2.10452,41.39337]]]}},{"type":"Feature","properties":{"s":"st-carrer-d-almeria"},"geometry":{"type":"MultiLineString","coordinates":[[[2.13889,41.37226],[2.13962,41.37095]],[[2.13868,41.37262],[2.13817,41.37355],[2.13767,41.37439]]]}},{"type":"Feature","properties":{"s":"st-carrer-d-emilia-llorca-martin"},"geometry":{"type":"MultiLineString","coordinates":[[[2.18846,41.37708],[2.19084,41.37761],[2.191,41.37769],[2.19113,41.37779]]]}},{"type":"Feature","properties":{"s":"st-carrer-de-l-almirall-barcelo"},"geometry":{"type":"MultiLineString","coordinates":[[[2.19173,41.37966],[2.19141,41.38047]],[[2.19143,41.37898],[2.19177,41.37906],[2.1917,41.37925]]]}},{"type":"Feature","properties":{"s":"st-carrer-de-pepe-rubianes"},"geometry":{"type":"MultiLineString","coordinates":[[[2.18809,41.37804],[2.18978,41.37839],[2.19204,41.37889]]]}},{"type":"Feature","properties":{"s":"st-carrer-de-l-almirall-okendo"},"geometry":{"type":"MultiLineString","coordinates":[[[2.20661,41.42825],[2.20783,41.42967]]]}},{"type":"Feature","properties":{"s":"st-carrer-de-l-almirall-proixida"},"geometry":{"type":"MultiLineString","coordinates":[[[2.19086,41.44162],[2.18927,41.44153]]]}},{"type":"Feature","properties":{"s":"st-carrer-de-miquel-pedrola-i-alegre"},"geometry":{"type":"MultiLineString","coordinates":[[[2.18996,41.37843],[2.18966,41.37922]]]}},{"type":"Feature","properties":{"s":"st-carrer-dels-almogavers"},"geometry":{"type":"MultiLineString","coordinates":[[[2.18917,41.39647],[2.19264,41.39902],[2.1938,41.39985],[2.19607,41.40159],[2.19735,41.40236],[2.19773,41.40282]]]}},{"type":"Feature","properties":{"s":"st-carrer-d-alonso-cano"},"geometry":{"type":"MultiLineString","coordinates":[[[2.17281,41.44147],[2.17399,41.44201]]]}},{"type":"Feature","properties":{"s":"st-passatge-d-aloi"},"geometry":{"type":"MultiLineString","coordinates":[[[2.18041,41.41754],[2.18187,41.41718]]]}},{"type":"Feature","properties":{"s":"st-carrer-d-alpens"},"geometry":{"type":"MultiLineString","coordinates":[[[2.14084,41.37176],[2.14007,41.37265],[2.13981,41.373]]]}},{"type":"Feature","properties":{"s":"st-carrer-d-alsacia"},"geometry":{"type":"MultiLineString","coordinates":[[[2.171,41.43759],[2.17119,41.43877]]]}},{"type":"Feature","properties":{"s":"st-carrer-de-n-alsina"},"geometry":{"type":"MultiLineString","coordinates":[[[2.17461,41.38158],[2.17448,41.38177]]]}},{"type":"Feature","properties":{"s":"st-passatge-alt-del-turo"},"geometry":{"type":"MultiLineString","coordinates":[[[2.17095,41.41984],[2.17207,41.41938]]]}},{"type":"Feature","properties":{"s":"st-carrer-alt"},"geometry":{"type":"MultiLineString","coordinates":[[[2.19144,41.45151],[2.19116,41.45106]]]}},{"type":"Feature","properties":{"s":"st-placa-alta-de-can-clos"},"geometry":{"type":"MultiLineString","coordinates":[[[2.14631,41.36133],[2.14661,41.36154],[2.14656,41.36199]]]}},{"type":"Feature","properties":{"s":"st-carrer-alt-de-gironella"},"geometry":{"type":"MultiLineString","coordinates":[[[2.13459,41.39777],[2.13399,41.39735],[2.13308,41.39678],[2.13115,41.39551],[2.1304,41.39499],[2.1293,41.3943]]]}},{"type":"Feature","properties":{"s":"st-carrer-alt-de-mariner"},"geometry":{"type":"MultiLineString","coordinates":[[[2.16003,41.43139],[2.1596,41.43112],[2.15881,41.4307]]]}},{"type":"Feature","properties":{"s":"st-passatge-alt-de-mariner"},"geometry":{"type":"MultiLineString","coordinates":[[[2.1596,41.43112],[2.15928,41.43139]]]}},{"type":"Feature","properties":{"s":"st-carrer-alt-de-pedrell"},"geometry":{"type":"MultiLineString","coordinates":[[[2.16926,41.42343],[2.169,41.42408],[2.16859,41.42575],[2.16844,41.42619],[2.1699,41.42585],[2.17061,41.42447],[2.17062,41.42421],[2.17105,41.42294]]]}},{"type":"Feature","properties":{"s":"st-carretera-alta-de-les-roquetes"},"geometry":{"type":"MultiLineString","coordinates":[[[2.15819,41.43939],[2.15776,41.43983],[2.15937,41.44112],[2.1597,41.44214],[2.15996,41.44239],[2.16195,41.44371],[2.17481,41.45059],[2.17747,41.45138],[2.17853,41.45163],[2.17894,41.45212],[2.1777,41.45151]]]}},{"type":"Feature","properties":{"s":"st-carrer-de-sant-pere-mes-alt"},"geometry":{"type":"MultiLineString","coordinates":[[[2.1752,41.38721],[2.17519,41.38706],[2.17494,41.38683]]]}},{"type":"Feature","properties":{"s":"st-carrer-d-altafulla"},"geometry":{"type":"MultiLineString","coordinates":[[[2.13656,41.373],[2.13688,41.37305]]]}},{"type":"Feature","properties":{"s":"st-carrer-dels-alts-forns"},"geometry":{"type":"MultiLineString","coordinates":[[[2.143,41.36029],[2.14232,41.35977],[2.14206,41.3596],[2.14035,41.35836],[2.13869,41.35778],[2.13721,41.35718],[2.13605,41.35669]],[[2.13605,41.35669],[2.13545,41.35755]],[[2.13605,41.35669],[2.13497,41.35626]],[[2.13461,41.35675],[2.13515,41.35699]]]}},{"type":"Feature","properties":{"s":"st-carrer-de-l-alumini"},"geometry":{"type":"MultiLineString","coordinates":[[[2.1331,41.35869],[2.13366,41.35806],[2.13497,41.35626],[2.13653,41.35418]],[[2.13561,41.35732],[2.13532,41.35719],[2.13495,41.35768]]]}},{"type":"Feature","properties":{"s":"st-carrer-d-alvarado"},"geometry":{"type":"MultiLineString","coordinates":[[[2.17831,41.44705],[2.1779,41.44725],[2.17696,41.44764]]]}},{"type":"Feature","properties":{"s":"st-passeig-de-l-agricola"},"geometry":{"type":"MultiLineString","coordinates":[[[2.15838,41.35143],[2.15885,41.35207]]]}},{"type":"Feature","properties":{"s":"st-carrer-d-allada-vermell"},"geometry":{"type":"MultiLineString","coordinates":[[[2.1804,41.3871],[2.18147,41.38633]],[[2.18046,41.38724],[2.18159,41.38639]]]}},{"type":"Feature","properties":{"s":"st-carrer-d-alloza"},"geometry":{"type":"MultiLineString","coordinates":[[[2.17624,41.4323],[2.17549,41.43181],[2.1744,41.43116]]]}},{"type":"Feature","properties":{"s":"st-carrer-de-la-rosella"},"geometry":{"type":"MultiLineString","coordinates":[[[2.13784,41.41893],[2.13685,41.41821]]]}},{"type":"Feature","properties":{"s":"st-carrer-de-n-amargos"},"geometry":{"type":"MultiLineString","coordinates":[[[2.17398,41.38673],[2.17432,41.3859]]]}},{"type":"Feature","properties":{"s":"st-carrer-de-l-amargor"},"geometry":{"type":"MultiLineString","coordinates":[[[2.18529,41.41429],[2.18454,41.41483]]]}},{"type":"Feature","properties":{"s":"st-carrer-d-amer"},"geometry":{"type":"MultiLineString","coordinates":[[[2.1689,41.43465],[2.16906,41.43501]]]}},{"type":"Feature","properties":{"s":"st-carrer-d-america"},"geometry":{"type":"MultiLineString","coordinates":[[[2.17899,41.41469],[2.17742,41.41591],[2.17637,41.41692]]]}},{"type":"Feature","properties":{"s":"st-placa-d-amich"},"geometry":{"type":"MultiLineString","coordinates":[[[2.12006,41.40134],[2.12028,41.40141]]]}},{"type":"Feature","properties":{"s":"st-carrer-d-amigo"},"geometry":{"type":"MultiLineString","coordinates":[[[2.14615,41.39397],[2.14347,41.39608],[2.1414,41.39768],[2.14099,41.39803],[2.14039,41.3984]]]}},{"type":"Feature","properties":{"s":"st-carrer-dels-amics"},"geometry":{"type":"MultiLineString","coordinates":[[[2.17202,41.42951],[2.17259,41.42969],[2.17289,41.42975]]]}},{"type":"Feature","properties":{"s":"st-carrer-d-amilcar"},"geometry":{"type":"MultiLineString","coordinates":[[[2.17315,41.4202],[2.17293,41.4215]],[[2.17288,41.4219],[2.17267,41.42373],[2.17251,41.42502],[2.17245,41.42575],[2.17235,41.42651],[2.17195,41.43015]]]}},{"type":"Feature","properties":{"s":"st-carrer-de-l-amistat"},"geometry":{"type":"MultiLineString","coordinates":[[[2.20637,41.40078],[2.20534,41.39984],[2.20502,41.39957]]]}},{"type":"Feature","properties":{"s":"st-carrer-de-l-amor"},"geometry":{"type":"MultiLineString","coordinates":[[[2.15134,41.4274],[2.15096,41.42741],[2.15044,41.42743]]]}},{"type":"Feature","properties":{"s":"st-carrer-de-joan-obiols"},"geometry":{"type":"MultiLineString","coordinates":[[[2.11447,41.38656],[2.11402,41.38757]]]}},{"type":"Feature","properties":{"s":"st-carrer-d-amposta"},"geometry":{"type":"MultiLineString","coordinates":[[[2.14739,41.37191],[2.14848,41.37046]]]}},{"type":"Feature","properties":{"s":"st-carrer-de-l-emporda"},"geometry":{"type":"MultiLineString","coordinates":[[[2.2099,41.42409],[2.20952,41.42379],[2.20894,41.42336],[2.20816,41.42311],[2.20735,41.42248]]]}},{"type":"Feature","properties":{"s":"st-carrer-d-empuries"},"geometry":{"type":"MultiLineString","coordinates":[[[2.18335,41.44741],[2.18146,41.4473]]]}},{"type":"Feature","properties":{"s":"st-carrer-d-anna-piferrer"},"geometry":{"type":"MultiLineString","coordinates":[[[2.14119,41.41727],[2.13902,41.4181]]]}},{"type":"Feature","properties":{"s":"st-passeig-d-anna-rubies"},"geometry":{"type":"MultiLineString","coordinates":[[[2.08729,41.42261],[2.08808,41.42254],[2.0883,41.42246],[2.08854,41.42242]]]}},{"type":"Feature","properties":{"s":"st-passatge-d-andalet"},"geometry":{"type":"MultiLineString","coordinates":[[[2.15429,41.42777],[2.15375,41.42716]]]}},{"type":"Feature","properties":{"s":"st-carrer-d-andalusia"},"geometry":{"type":"MultiLineString","coordinates":[[[2.13455,41.37109],[2.13403,41.37115],[2.13362,41.37118],[2.13218,41.37088]]]}},{"type":"Feature","properties":{"s":"st-carrer-de-l-andana-de-l-estacio"},"geometry":{"type":"MultiLineString","coordinates":[[[2.19387,41.43817],[2.19374,41.43773],[2.19311,41.43626]],[[2.1939,41.44236],[2.19465,41.44429]]]}},{"type":"Feature","properties":{"s":"st-carrer-d-andorra"},"geometry":{"type":"MultiLineString","coordinates":[[[2.18494,41.43599],[2.18489,41.4356]]]}},{"type":"Feature","properties":{"s":"st-carrer-d-andrade"},"geometry":{"type":"MultiLineString","coordinates":[[[2.20037,41.41539],[2.20004,41.41595],[2.19897,41.41517],[2.19972,41.41491]],[[2.20037,41.41539],[2.19972,41.41491]],[[2.20037,41.41539],[2.2015,41.41626],[2.20543,41.4192],[2.20604,41.41964],[2.2084,41.42143],[2.20939,41.42183],[2.20993,41.42196],[2.2106,41.42229]],[[2.19927,41.41419],[2.1981,41.41369],[2.19582,41.41201],[2.19412,41.41072],[2.19355,41.41026]],[[2.19969,41.4145],[2.19972,41.41491]]]}},{"type":"Feature","properties":{"s":"st-carrer-d-andratx"},"geometry":{"type":"MultiLineString","coordinates":[[[2.17431,41.43419],[2.17387,41.43367],[2.17333,41.43308],[2.1737,41.43319]]]}},{"type":"Feature","properties":{"s":"st-carrer-d-andrea-doria"},"geometry":{"type":"MultiLineString","coordinates":[[[2.1888,41.3799],[2.18899,41.37994]],[[2.18968,41.3801],[2.19072,41.38033],[2.19124,41.38044],[2.19192,41.3806],[2.19329,41.38091]]]}},{"type":"Feature","properties":{"s":"st-carrer-d-andreu-febrer"},"geometry":{"type":"MultiLineString","coordinates":[[[2.2142,41.41968],[2.2136,41.41924],[2.2122,41.41817]]]}},{"type":"Feature","properties":{"s":"st-passatge-d-andrevi"},"geometry":{"type":"MultiLineString","coordinates":[[[2.18274,41.41462],[2.1821,41.41484]]]}},{"type":"Feature","properties":{"s":"st-carrer-d-andromeda"},"geometry":{"type":"MultiLineString","coordinates":[[[2.17636,41.44328],[2.17673,41.443],[2.1771,41.44276]]]}},{"type":"Feature","properties":{"s":"st-carrer-d-aneto"},"geometry":{"type":"MultiLineString","coordinates":[[[2.16952,41.43329],[2.17005,41.43293],[2.1712,41.43211],[2.17171,41.43176],[2.1718,41.43142]],[[2.17189,41.43129],[2.17214,41.43147]]]}},{"type":"Feature","properties":{"s":"st-carrer-de-l-angel"},"geometry":{"type":"MultiLineString","coordinates":[[[2.15403,41.40156],[2.1534,41.40223]]]}},{"type":"Feature","properties":{"s":"st-pas-de-l-angel"},"geometry":{"type":"MultiLineString","coordinates":[[[2.15381,41.40179],[2.15343,41.40157]]]}},{"type":"Feature","properties":{"s":"st-placa-de-l-angel"},"geometry":{"type":"MultiLineString","coordinates":[[[2.17873,41.38396],[2.17854,41.3841],[2.17825,41.38388],[2.17845,41.38373],[2.17873,41.38396]]]}},{"type":"Feature","properties":{"s":"st-carrer-d-angel-j-baixeras"},"geometry":{"type":"MultiLineString","coordinates":[[[2.18091,41.38232],[2.18047,41.38174],[2.18038,41.38159]]]}},{"type":"Feature","properties":{"s":"st-carrer-d-angel-guimera"},"geometry":{"type":"MultiLineString","coordinates":[[[2.13381,41.39508],[2.13357,41.39531],[2.13142,41.39752],[2.13179,41.39777]]]}},{"type":"Feature","properties":{"s":"st-carrer-d-angel-marques"},"geometry":{"type":"MultiLineString","coordinates":[[[2.14316,41.43227],[2.14238,41.43056],[2.14172,41.42914]]]}},{"type":"Feature","properties":{"s":"st-placa-d-angel-pestana"},"geometry":{"type":"MultiLineString","coordinates":[[[2.18018,41.4414],[2.17935,41.44169]]]}},{"type":"Feature","properties":{"s":"st-carrer-dels-angels"},"geometry":{"type":"MultiLineString","coordinates":[[[2.16896,41.38155],[2.16783,41.38266],[2.16771,41.38282]]]}},{"type":"Feature","properties":{"s":"st-cami-dels-angels"},"geometry":{"type":"MultiLineString","coordinates":[[[2.14947,41.42163],[2.14782,41.42161]]]}},{"type":"Feature","properties":{"s":"st-placa-dels-angels"},"geometry":{"type":"MultiLineString","coordinates":[[[2.16771,41.38282],[2.1676,41.38302],[2.16784,41.38291],[2.16771,41.38282]],[[2.16771,41.38282],[2.16783,41.38266]]]}},{"type":"Feature","properties":{"s":"st-carrer-d-anglesola"},"geometry":{"type":"MultiLineString","coordinates":[[[2.13198,41.38724],[2.13341,41.38873]]]}},{"type":"Feature","properties":{"s":"st-carrer-d-angli"},"geometry":{"type":"MultiLineString","coordinates":[[[2.12005,41.40584],[2.11964,41.40636],[2.11927,41.40698]],[[2.11895,41.40751],[2.11865,41.40787]],[[2.11863,41.40931],[2.11781,41.40859],[2.11852,41.40807]],[[2.1202,41.40591],[2.12116,41.405],[2.12204,41.40409],[2.12294,41.4032],[2.12809,41.39791]]]}},{"type":"Feature","properties":{"s":"st-carrer-d-annibal"},"geometry":{"type":"MultiLineString","coordinates":[[[2.15994,41.37221],[2.1635,41.37148]]]}},{"type":"Feature","properties":{"s":"st-carrer-de-l-anisadeta"},"geometry":{"type":"MultiLineString","coordinates":[[[2.18184,41.38318],[2.18191,41.38327]]]}},{"type":"Feature","properties":{"s":"st-carrer-d-anselm-turmeda"},"geometry":{"type":"MultiLineString","coordinates":[[[2.1816,41.43699],[2.18176,41.43743],[2.18113,41.43842]]]}},{"type":"Feature","properties":{"s":"st-carrer-d-antequera"},"geometry":{"type":"MultiLineString","coordinates":[[[2.15747,41.41424],[2.15691,41.41337],[2.15617,41.413],[2.15534,41.41265]]]}},{"type":"Feature","properties":{"s":"st-carrer-antic-de-bofarull"},"geometry":{"type":"MultiLineString","coordinates":[[[2.18638,41.41127],[2.18617,41.41027]]]}},{"type":"Feature","properties":{"s":"st-carrer-antic-de-sant-joan"},"geometry":{"type":"MultiLineString","coordinates":[[[2.18463,41.38416],[2.18399,41.38454],[2.18372,41.38472],[2.18308,41.38512]]]}},{"type":"Feature","properties":{"s":"st-carrer-antic-del-guinardo"},"geometry":{"type":"MultiLineString","coordinates":[[[2.17509,41.41808],[2.17443,41.41824]]]}},{"type":"Feature","properties":{"s":"st-passatge-antic-de-valencia"},"geometry":{"type":"MultiLineString","coordinates":[[[2.1619,41.37118],[2.16263,41.37103]]]}},{"type":"Feature","properties":{"s":"st-cami-antic-de-valencia"},"geometry":{"type":"MultiLineString","coordinates":[[[2.19908,41.40272],[2.20022,41.40399],[2.20095,41.40475],[2.20192,41.40568],[2.20315,41.40645],[2.20454,41.40711]]]}},{"type":"Feature","properties":{"s":"st-carrer-de-les-antilles"},"geometry":{"type":"MultiLineString","coordinates":[[[2.18655,41.42494],[2.18753,41.42522],[2.18808,41.42531],[2.18888,41.4254]]]}},{"type":"Feature","properties":{"s":"st-carrer-d-antoni-de-capmany"},"geometry":{"type":"MultiLineString","coordinates":[[[2.12998,41.37008],[2.13097,41.3709],[2.13179,41.37188],[2.13246,41.37245],[2.13344,41.37351],[2.13456,41.37477],[2.13502,41.37541]],[[2.1327,41.37194],[2.13202,41.37132]],[[2.1355,41.37539],[2.13511,41.37481],[2.13469,41.37431]]]}},{"type":"Feature","properties":{"s":"st-carrer-d-antoni-costa"},"geometry":{"type":"MultiLineString","coordinates":[[[2.18169,41.42774],[2.18171,41.42866]],[[2.18173,41.42942],[2.18175,41.4302]]]}},{"type":"Feature","properties":{"s":"st-passatge-d-antoni-gassol"},"geometry":{"type":"MultiLineString","coordinates":[[[2.19525,41.41242],[2.19638,41.41328]]]}},{"type":"Feature","properties":{"s":"st-placa-de-correus"},"geometry":{"type":"MultiLineString","coordinates":[[[2.18221,41.38133],[2.18169,41.38174],[2.18123,41.38127],[2.18197,41.38101],[2.18221,41.38133]]]}},{"type":"Feature","properties":{"s":"st-placa-d-antoni-maura"},"geometry":{"type":"MultiLineString","coordinates":[[[2.17696,41.3853],[2.1769,41.38566]],[[2.17657,41.38534],[2.17652,41.38563]]]}},{"type":"Feature","properties":{"s":"st-carrer-d-antonio-machado"},"geometry":{"type":"MultiLineString","coordinates":[[[2.16243,41.44136],[2.1638,41.44184],[2.16476,41.44221]],[[2.17114,41.44448],[2.16959,41.44407],[2.16768,41.44335],[2.16476,41.44221]],[[2.16476,41.44221],[2.16448,41.44276]]]}},{"type":"Feature","properties":{"s":"st-carrer-de-francesc-bolos"},"geometry":{"type":"MultiLineString","coordinates":[[[2.1728,41.42771],[2.1727,41.4288],[2.17259,41.42969]]]}},{"type":"Feature","properties":{"s":"st-carrer-d-antonio-ricardos"},"geometry":{"type":"MultiLineString","coordinates":[[[2.18877,41.42514],[2.18888,41.4254],[2.18941,41.42641]]]}},{"type":"Feature","properties":{"s":"st-carrer-d-arago"},"geometry":{"type":"MultiLineString","coordinates":[[[2.1924,41.41284],[2.19051,41.41137],[2.18886,41.41016],[2.18787,41.40939],[2.18685,41.40863]],[[2.18686,41.40852],[2.18573,41.4078],[2.18507,41.40731]]]}},{"type":"Feature","properties":{"s":"st-carrer-de-n-arai"},"geometry":{"type":"MultiLineString","coordinates":[[[2.17723,41.38092],[2.17714,41.3807],[2.17717,41.38028]]]}},{"type":"Feature","properties":{"s":"st-carrer-d-arbeca"},"geometry":{"type":"MultiLineString","coordinates":[[[2.20866,41.43666],[2.20814,41.43911],[2.20798,41.43976]]]}},{"type":"Feature","properties":{"s":"st-carrer-d-arbos"},"geometry":{"type":"MultiLineString","coordinates":[[[2.15912,41.42132],[2.15849,41.42158],[2.15734,41.42144]]]}},{"type":"Feature","properties":{"s":"st-carrer-d-arbucies"},"geometry":{"type":"MultiLineString","coordinates":[[[2.18583,41.43593],[2.18632,41.43701],[2.1864,41.4373]]]}},{"type":"Feature","properties":{"s":"st-carrer-de-la-volta-d-en-bufanalla"},"geometry":{"type":"MultiLineString","coordinates":[[[2.18291,41.38393],[2.1825,41.3841]]]}},{"type":"Feature","properties":{"s":"st-carrer-de-la-volta-d-en-colomines"},"geometry":{"type":"MultiLineString","coordinates":[[[2.17903,41.38461],[2.17921,41.3845]]]}},{"type":"Feature","properties":{"s":"st-carrer-de-la-volta-d-en-dusai"},"geometry":{"type":"MultiLineString","coordinates":[[[2.18319,41.38439],[2.18293,41.38452],[2.18278,41.38458]]]}},{"type":"Feature","properties":{"s":"st-carrer-de-l-arc-de-sant-marti"},"geometry":{"type":"MultiLineString","coordinates":[[[2.17202,41.42208],[2.17189,41.42317],[2.17182,41.42401],[2.17169,41.42469],[2.17142,41.42549],[2.17062,41.42621],[2.16828,41.42689],[2.16734,41.4271]]]}},{"type":"Feature","properties":{"s":"st-passatge-de-l-arc-de-sant-marti"},"geometry":{"type":"MultiLineString","coordinates":[[[2.17169,41.42469],[2.17061,41.42447]]]}},{"type":"Feature","properties":{"s":"st-carrer-de-la-volta-dels-jueus"},"geometry":{"type":"MultiLineString","coordinates":[[[2.18052,41.38871],[2.18003,41.38884]]]}},{"type":"Feature","properties":{"s":"st-carrer-de-l-arc-del-mercat"},"geometry":{"type":"MultiLineString","coordinates":[[[2.18892,41.43497],[2.18924,41.43495]]]}},{"type":"Feature","properties":{"s":"st-carrer-de-la-volta-de-la-perdiu"},"geometry":{"type":"MultiLineString","coordinates":[[[2.17675,41.38669],[2.17697,41.38641]]]}},{"type":"Feature","properties":{"s":"st-carrer-de-la-volta-del-remei"},"geometry":{"type":"MultiLineString","coordinates":[[[2.17527,41.38175],[2.17532,41.38166],[2.17556,41.38143]]]}},{"type":"Feature","properties":{"s":"st-carrer-de-l-arc-de-sant-agusti"},"geometry":{"type":"MultiLineString","coordinates":[[[2.17277,41.37993],[2.17206,41.38067]]]}},{"type":"Feature","properties":{"s":"st-carrer-de-l-arc-de-sant-cristofol"},"geometry":{"type":"MultiLineString","coordinates":[[[2.17904,41.38768],[2.17873,41.38723]]]}},{"type":"Feature","properties":{"s":"st-carrer-de-l-arc-de-sant-onofre"},"geometry":{"type":"MultiLineString","coordinates":[[[2.17855,41.38482],[2.17882,41.38469]]]}},{"type":"Feature","properties":{"s":"st-carrer-de-l-arc-de-sant-ramon-del-call"},"geometry":{"type":"MultiLineString","coordinates":[[[2.17577,41.38213],[2.17551,41.38239],[2.17534,41.38264],[2.1754,41.38293]]]}},{"type":"Feature","properties":{"s":"st-carrer-de-l-arc-de-sant-sever"},"geometry":{"type":"MultiLineString","coordinates":[[[2.18604,41.40973],[2.18544,41.40998]]]}},{"type":"Feature","properties":{"s":"st-carrer-de-l-arc-de-sant-silvestre"},"geometry":{"type":"MultiLineString","coordinates":[[[2.17841,41.38502],[2.17873,41.38539]]]}},{"type":"Feature","properties":{"s":"st-carrer-de-l-arc-de-sant-vicenc"},"geometry":{"type":"MultiLineString","coordinates":[[[2.18168,41.38456],[2.18177,41.38464],[2.18204,41.38492]]]}},{"type":"Feature","properties":{"s":"st-carrer-de-l-arc-de-santa-eulalia"},"geometry":{"type":"MultiLineString","coordinates":[[[2.17495,41.38167],[2.17499,41.38157],[2.17534,41.38125]]]}},{"type":"Feature","properties":{"s":"st-carrer-de-la-volta-dels-tamborets"},"geometry":{"type":"MultiLineString","coordinates":[[[2.18242,41.38397],[2.18283,41.3838]]]}},{"type":"Feature","properties":{"s":"st-carrer-de-l-arc-del-teatre"},"geometry":{"type":"MultiLineString","coordinates":[[[2.17271,41.3748],[2.17353,41.3766],[2.17399,41.37706],[2.17418,41.37721],[2.17451,41.37752],[2.17501,41.37815],[2.17534,41.37846]]]}},{"type":"Feature","properties":{"s":"st-carrer-dels-arcs"},"geometry":{"type":"MultiLineString","coordinates":[[[2.17412,41.38459],[2.17499,41.38433]]]}},{"type":"Feature","properties":{"s":"st-carrer-d-ardena"},"geometry":{"type":"MultiLineString","coordinates":[[[2.10952,41.39253],[2.10982,41.39382]],[[2.10511,41.38827],[2.10718,41.39046],[2.10866,41.39162],[2.1092,41.39276]]]}},{"type":"Feature","properties":{"s":"st-carrer-d-ardevol"},"geometry":{"type":"MultiLineString","coordinates":[[[2.20567,41.43695],[2.20531,41.43859]]]}},{"type":"Feature","properties":{"s":"st-carrer-de-l-esquirol-volador"},"geometry":{"type":"MultiLineString","coordinates":[[[2.17264,41.43972],[2.17247,41.43865]]]}},{"type":"Feature","properties":{"s":"st-carrer-de-les-arenes-dels-canvis"},"geometry":{"type":"MultiLineString","coordinates":[[[2.18183,41.38273],[2.18163,41.38286]]]}},{"type":"Feature","properties":{"s":"st-carrer-de-les-arenes-de-sant-pere"},"geometry":{"type":"MultiLineString","coordinates":[[[2.17743,41.38789],[2.17787,41.38762]]]}},{"type":"Feature","properties":{"s":"st-carrer-d-arenys"},"geometry":{"type":"MultiLineString","coordinates":[[[2.14976,41.42463],[2.14819,41.42353],[2.14803,41.42346],[2.14768,41.42341],[2.14574,41.42279],[2.1449,41.42255],[2.14273,41.42198],[2.14082,41.42186]]]}},{"type":"Feature","properties":{"s":"st-passatge-d-arenys"},"geometry":{"type":"MultiLineString","coordinates":[[[2.14753,41.42277],[2.14724,41.42327]]]}},{"type":"Feature","properties":{"s":"st-carrer-dels-argensola"},"geometry":{"type":"MultiLineString","coordinates":[[[2.17524,41.44485],[2.17538,41.44571]]]}},{"type":"Feature","properties":{"s":"st-carrer-del-castell-d-argencola"},"geometry":{"type":"MultiLineString","coordinates":[[[2.17518,41.45495],[2.17439,41.45437],[2.17355,41.45407],[2.17288,41.45283]]]}},{"type":"Feature","properties":{"s":"st-carrer-de-l-argentera"},"geometry":{"type":"MultiLineString","coordinates":[[[2.14571,41.41178],[2.1464,41.41177]]]}},{"type":"Feature","properties":{"s":"st-passeig-de-l-argentinita"},"geometry":{"type":"MultiLineString","coordinates":[[[2.09463,41.42492],[2.09603,41.42568]]]}},{"type":"Feature","properties":{"s":"st-carrer-d-argentona"},"geometry":{"type":"MultiLineString","coordinates":[[[2.15834,41.40808],[2.15976,41.4089]]]}},{"type":"Feature","properties":{"s":"st-carrer-d-argimon"},"geometry":{"type":"MultiLineString","coordinates":[[[2.15657,41.42745],[2.15624,41.42776],[2.15469,41.42807]]]}},{"type":"Feature","properties":{"s":"st-carrer-d-argullos"},"geometry":{"type":"MultiLineString","coordinates":[[[2.1854,41.43969],[2.18317,41.44047],[2.18188,41.44148],[2.18103,41.44205],[2.18059,41.44222],[2.18011,41.44242],[2.17841,41.44321]]]}},{"type":"Feature","properties":{"s":"st-passatge-d-argullos"},"geometry":{"type":"MultiLineString","coordinates":[[[2.18099,41.44079],[2.18188,41.44148]]]}},{"type":"Feature","properties":{"s":"st-carrer-d-aribau"},"geometry":{"type":"MultiLineString","coordinates":[[[2.15059,41.39497],[2.14933,41.39594],[2.14844,41.39676],[2.14796,41.39724],[2.147,41.39813],[2.14666,41.39843],[2.14484,41.39989]]]}},{"type":"Feature","properties":{"s":"st-carrer-d-arimon"},"geometry":{"type":"MultiLineString","coordinates":[[[2.13468,41.40246],[2.13575,41.403],[2.1361,41.40338]],[[2.13625,41.40355],[2.13765,41.40514]]]}},{"type":"Feature","properties":{"s":"st-carrer-d-ariosto"},"geometry":{"type":"MultiLineString","coordinates":[[[2.14289,41.42012],[2.14237,41.42013],[2.14173,41.42076],[2.1422,41.42105]]]}},{"type":"Feature","properties":{"s":"st-carrer-dels-aritjols"},"geometry":{"type":"MultiLineString","coordinates":[[[2.1816,41.44168],[2.18248,41.44267],[2.18421,41.44479]]]}},{"type":"Feature","properties":{"s":"st-carrer-d-arizala"},"geometry":{"type":"MultiLineString","coordinates":[[[2.12522,41.37561],[2.12521,41.37617],[2.12471,41.37687],[2.12323,41.37916]]]}},{"type":"Feature","properties":{"s":"st-carrer-d-arlet"},"geometry":{"type":"MultiLineString","coordinates":[[[2.17742,41.38324],[2.1776,41.38305],[2.17792,41.38278]]]}},{"type":"Feature","properties":{"s":"st-placa-de-l-armada"},"geometry":{"type":"MultiLineString","coordinates":[[[2.17215,41.37064],[2.17226,41.3703],[2.17215,41.37064]]]}},{"type":"Feature","properties":{"s":"st-carrer-d-armengol"},"geometry":{"type":"MultiLineString","coordinates":[[[2.17947,41.38783],[2.17972,41.38801]]]}},{"type":"Feature","properties":{"s":"st-carrer-de-l-harmonia"},"geometry":{"type":"MultiLineString","coordinates":[[[2.14658,41.43386],[2.14434,41.43426]],[[2.1449,41.43181],[2.14456,41.43387],[2.14434,41.43426]],[[2.14434,41.43426],[2.1439,41.43439],[2.14351,41.43448],[2.14259,41.43409]],[[2.14259,41.43409],[2.14207,41.43387],[2.14082,41.43459],[2.13921,41.4354]],[[2.14259,41.43409],[2.14322,41.43392]],[[2.14354,41.43411],[2.1443,41.43391]]]}},{"type":"Feature","properties":{"s":"st-carrer-d-arnau-d-oms"},"geometry":{"type":"MultiLineString","coordinates":[[[2.17723,41.42779],[2.17727,41.42818],[2.17732,41.4291],[2.17739,41.43172],[2.1775,41.43192]]]}},{"type":"Feature","properties":{"s":"st-carrer-d-arnau"},"geometry":{"type":"MultiLineString","coordinates":[[[2.17032,41.42883],[2.1701,41.42974]]]}},{"type":"Feature","properties":{"s":"st-carrer-d-arnau-bargues"},"geometry":{"type":"MultiLineString","coordinates":[[[2.21263,41.41786],[2.21334,41.4184]],[[2.21404,41.41892],[2.21462,41.41936]]]}},{"type":"Feature","properties":{"s":"st-carrer-d-arnes"},"geometry":{"type":"MultiLineString","coordinates":[[[2.14158,41.35298],[2.14121,41.35294],[2.14073,41.35287],[2.14173,41.35362],[2.142,41.35327],[2.14179,41.35311],[2.14158,41.35298]],[[2.14158,41.35298],[2.14126,41.35267],[2.14088,41.35235],[2.13922,41.35088]],[[2.13821,41.3503],[2.13906,41.35077]]]}},{"type":"Feature","properties":{"s":"st-carrer-d-arnus-i-de-gari"},"geometry":{"type":"MultiLineString","coordinates":[[[2.10707,41.39333],[2.10629,41.39408]],[[2.10662,41.39388],[2.10716,41.39437]]]}},{"type":"Feature","properties":{"s":"st-carrer-de-la-vall-d-aro"},"geometry":{"type":"MultiLineString","coordinates":[[[2.18233,41.44736],[2.18258,41.44805]]]}},{"type":"Feature","properties":{"s":"st-carrer-de-n-aroles"},"geometry":{"type":"MultiLineString","coordinates":[[[2.17447,41.38056],[2.17437,41.38063],[2.17376,41.38137]]]}},{"type":"Feature","properties":{"s":"st-carrer-d-arquimedes"},"geometry":{"type":"MultiLineString","coordinates":[[[2.18658,41.43854],[2.1868,41.43898],[2.18755,41.44015],[2.18791,41.4408],[2.18826,41.44127]]]}},{"type":"Feature","properties":{"s":"st-carrer-d-august-font"},"geometry":{"type":"MultiLineString","coordinates":[[[2.13404,41.4191],[2.13364,41.41953],[2.13334,41.41916],[2.13258,41.41894]],[[2.13232,41.41856],[2.13054,41.41828]]]}},{"type":"Feature","properties":{"s":"st-carrer-de-l-arquitecte-martorell"},"geometry":{"type":"MultiLineString","coordinates":[[[2.14108,41.42995],[2.14112,41.42929]]]}},{"type":"Feature","properties":{"s":"st-carrer-de-l-arquitecte-mas"},"geometry":{"type":"MultiLineString","coordinates":[[[2.12079,41.39914],[2.12104,41.39929]]]}},{"type":"Feature","properties":{"s":"st-passatge-de-l-arquitecte-millas"},"geometry":{"type":"MultiLineString","coordinates":[[[2.17986,41.42908],[2.17896,41.42909]]]}},{"type":"Feature","properties":{"s":"st-carrer-de-l-arquitectura"},"geometry":{"type":"MultiLineString","coordinates":[[[2.1446,41.42966],[2.14343,41.42957],[2.14172,41.42914],[2.13932,41.42977],[2.1386,41.42993]]]}},{"type":"Feature","properties":{"s":"st-carrer-de-l-escull"},"geometry":{"type":"MultiLineString","coordinates":[[[2.11978,41.39793],[2.11944,41.39776]]]}},{"type":"Feature","properties":{"s":"st-carrer-de-les-penedides"},"geometry":{"type":"MultiLineString","coordinates":[[[2.17262,41.37971],[2.17367,41.37923]]]}},{"type":"Feature","properties":{"s":"st-passatge-d-arriassa"},"geometry":{"type":"MultiLineString","coordinates":[[[2.20434,41.42347],[2.2049,41.42389]]]}},{"type":"Feature","properties":{"s":"st-placa-dels-traginers"},"geometry":{"type":"MultiLineString","coordinates":[[[2.17991,41.38207],[2.17992,41.38227]]]}},{"type":"Feature","properties":{"s":"st-carrer-d-arta"},"geometry":{"type":"MultiLineString","coordinates":[[[2.17982,41.43835],[2.17926,41.43863]]]}},{"type":"Feature","properties":{"s":"st-carrer-de-l-art"},"geometry":{"type":"MultiLineString","coordinates":[[[2.17412,41.41872],[2.17679,41.42028],[2.17832,41.42121],[2.179,41.4216],[2.1794,41.42185]]]}},{"type":"Feature","properties":{"s":"st-passatge-d-artemis"},"geometry":{"type":"MultiLineString","coordinates":[[[2.18278,41.41922],[2.18161,41.42004]]]}},{"type":"Feature","properties":{"s":"st-carrer-d-artes"},"geometry":{"type":"MultiLineString","coordinates":[[[2.17997,41.46676],[2.17936,41.46684],[2.1791,41.46777]]]}},{"type":"Feature","properties":{"s":"st-carrer-d-artesa-de-segre"},"geometry":{"type":"MultiLineString","coordinates":[[[2.13419,41.40291],[2.13517,41.4035]]]}},{"type":"Feature","properties":{"s":"st-carrer-de-l-artesania"},"geometry":{"type":"MultiLineString","coordinates":[[[2.17631,41.43858],[2.17514,41.43903],[2.1743,41.43983],[2.1736,41.44036],[2.17318,41.44073],[2.17281,41.44147],[2.17273,41.44194],[2.1722,41.44273],[2.17164,41.44348],[2.17114,41.44448],[2.17109,41.4456],[2.17141,41.4466],[2.1726,41.44736],[2.17429,41.44821]]]}},{"type":"Feature","properties":{"s":"st-placa-d-artos"},"geometry":{"type":"MultiLineString","coordinates":[[[2.1256,41.39574],[2.12622,41.39541],[2.12564,41.39505],[2.1256,41.39574]],[[2.1256,41.39574],[2.12514,41.39579],[2.12527,41.39594],[2.1256,41.39574]]]}},{"type":"Feature","properties":{"s":"st-carrer-d-asco"},"geometry":{"type":"MultiLineString","coordinates":[[[2.14032,41.34989],[2.13922,41.35088]]]}},{"type":"Feature","properties":{"s":"st-carrer-dels-ases"},"geometry":{"type":"MultiLineString","coordinates":[[[2.18252,41.38321],[2.18286,41.38373]]]}},{"type":"Feature","properties":{"s":"st-carrer-dels-assaonadors"},"geometry":{"type":"MultiLineString","coordinates":[[[2.18187,41.38645],[2.18159,41.38639],[2.18147,41.38633],[2.18121,41.38623],[2.18102,41.38613],[2.18076,41.38603],[2.18004,41.38566]]]}},{"type":"Feature","properties":{"s":"st-placa-de-l-assemblea-de-catalunya"},"geometry":{"type":"MultiLineString","coordinates":[[[2.18879,41.4246],[2.18877,41.42514],[2.18888,41.4254],[2.18808,41.42531],[2.18753,41.42522],[2.18756,41.42457],[2.18879,41.4246]]]}},{"type":"Feature","properties":{"s":"st-carrer-de-la-drassana"},"geometry":{"type":"MultiLineString","coordinates":[[[2.1901,41.37572],[2.18935,41.37555]]]}},{"type":"Feature","properties":{"s":"st-carrer-d-asturies"},"geometry":{"type":"MultiLineString","coordinates":[[[2.15265,41.40243],[2.15373,41.403],[2.15522,41.40392],[2.15696,41.40497],[2.15772,41.40545]]]}},{"type":"Feature","properties":{"s":"st-passatge-de-la-talaia"},"geometry":{"type":"MultiLineString","coordinates":[[[2.10729,41.40255],[2.10755,41.40297]]]}},{"type":"Feature","properties":{"s":"st-drecera-de-vallvidrera"},"geometry":{"type":"MultiLineString","coordinates":[[[2.11076,41.4089],[2.11034,41.40908],[2.10811,41.41142],[2.10508,41.41288],[2.10471,41.4131]]]}},{"type":"Feature","properties":{"s":"st-carrer-d-ataulf"},"geometry":{"type":"MultiLineString","coordinates":[[[2.17961,41.38064],[2.1792,41.38092],[2.17849,41.38137],[2.17809,41.38164]]]}},{"type":"Feature","properties":{"s":"st-carrer-d-atenes"},"geometry":{"type":"MultiLineString","coordinates":[[[2.14403,41.4024],[2.14332,41.4027],[2.14236,41.40317],[2.1399,41.40406]]]}},{"type":"Feature","properties":{"s":"st-carrer-de-l-atlantida"},"geometry":{"type":"MultiLineString","coordinates":[[[2.19087,41.37707],[2.18902,41.38175]]]}},{"type":"Feature","properties":{"s":"st-passatge-de-l-atom"},"geometry":{"type":"MultiLineString","coordinates":[[[2.10256,41.42847],[2.10297,41.42781]]]}},{"type":"Feature","properties":{"s":"st-carrer-dels-ocells"},"geometry":{"type":"MultiLineString","coordinates":[[[2.17959,41.38924],[2.1802,41.38909]]]}},{"type":"Feature","properties":{"s":"st-carrer-d-auger"},"geometry":{"type":"MultiLineString","coordinates":[[[2.21003,41.41659],[2.21118,41.41745]]]}},{"type":"Feature","properties":{"s":"st-via-augusta"},"geometry":{"type":"MultiLineString","coordinates":[[[2.15119,41.40096],[2.15134,41.40039]],[[2.15497,41.39674],[2.15406,41.39767],[2.15326,41.39846]],[[2.15205,41.39969],[2.15171,41.40009],[2.15134,41.40039]],[[2.15134,41.40039],[2.151,41.40066],[2.15,41.40099],[2.14899,41.40118],[2.14876,41.4012],[2.14758,41.40118]],[[2.12986,41.39778],[2.13459,41.39777],[2.13873,41.39779],[2.1399,41.39784],[2.14099,41.39803],[2.14227,41.39843],[2.14322,41.39887],[2.14484,41.39989],[2.14607,41.4007],[2.1467,41.40099]],[[2.12986,41.39778],[2.12905,41.39778]],[[2.12986,41.39778],[2.12926,41.39748],[2.12905,41.39778]],[[2.12905,41.39778],[2.1284,41.39778]],[[2.12801,41.39779],[2.12608,41.39819],[2.12419,41.39959]],[[2.12419,41.39959],[2.12375,41.40001],[2.12304,41.40081],[2.12186,41.40169],[2.12081,41.40199]],[[2.12419,41.39959],[2.12468,41.39869],[2.12495,41.39843]],[[2.11788,41.40467],[2.11821,41.40416],[2.11894,41.40342],[2.11992,41.40257],[2.12081,41.40199]],[[2.1227,41.40062],[2.12206,41.40115],[2.12147,41.40151],[2.12081,41.40199]]]}},{"type":"Feature","properties":{"s":"st-carrer-d-aulestia-i-pijoan"},"geometry":{"type":"MultiLineString","coordinates":[[[2.15163,41.40226],[2.1507,41.40337]]]}},{"type":"Feature","properties":{"s":"st-carrer-de-l-aurora"},"geometry":{"type":"MultiLineString","coordinates":[[[2.16685,41.3778],[2.16875,41.37917]]]}},{"type":"Feature","properties":{"s":"st-carrer-d-ausona"},"geometry":{"type":"MultiLineString","coordinates":[[[2.19221,41.45039],[2.19218,41.45144],[2.19197,41.45239],[2.19141,41.45275],[2.19063,41.45295],[2.19009,41.45293],[2.18932,41.45282]]]}},{"type":"Feature","properties":{"s":"st-carrer-de-l-ave-maria"},"geometry":{"type":"MultiLineString","coordinates":[[[2.1743,41.38232],[2.17475,41.38253]]]}},{"type":"Feature","properties":{"s":"st-carrer-dels-avella"},"geometry":{"type":"MultiLineString","coordinates":[[[2.17757,41.38554],[2.17813,41.38594]]]}},{"type":"Feature","properties":{"s":"st-carrer-de-l-aviacio"},"geometry":{"type":"MultiLineString","coordinates":[[[2.13515,41.38772],[2.13569,41.38716]]]}},{"type":"Feature","properties":{"s":"st-carrer-de-l-aviador-duran"},"geometry":{"type":"MultiLineString","coordinates":[[[2.14012,41.36077],[2.14039,41.36088],[2.14087,41.361],[2.1415,41.36107]]]}},{"type":"Feature","properties":{"s":"st-carrer-del-mecanic-pablo-rada"},"geometry":{"type":"MultiLineString","coordinates":[[[2.14087,41.361],[2.14143,41.36028]]]}},{"type":"Feature","properties":{"s":"st-carrer-de-l-aviador-ruiz-de-alda"},"geometry":{"type":"MultiLineString","coordinates":[[[2.14039,41.36088],[2.14232,41.35977]]]}},{"type":"Feature","properties":{"s":"st-carrer-de-jimenez-i-iglesias"},"geometry":{"type":"MultiLineString","coordinates":[[[2.12301,41.38766],[2.12177,41.39041]]]}},{"type":"Feature","properties":{"s":"st-carrer-d-avila"},"geometry":{"type":"MultiLineString","coordinates":[[[2.19979,41.39363],[2.19831,41.39473],[2.19491,41.39731],[2.19384,41.3981],[2.18873,41.40201]]]}},{"type":"Feature","properties":{"s":"st-carrer-d-avinyonet"},"geometry":{"type":"MultiLineString","coordinates":[[[2.17977,41.45602],[2.17861,41.45299],[2.17813,41.45269]]]}},{"type":"Feature","properties":{"s":"st-carrer-d-avinyo"},"geometry":{"type":"MultiLineString","coordinates":[[[2.17968,41.38005],[2.17924,41.38025],[2.1789,41.38037],[2.17803,41.38061],[2.17733,41.38087],[2.1764,41.38128],[2.17585,41.38165],[2.17548,41.38184]]]}},{"type":"Feature","properties":{"s":"st-carrer-de-l-avio-plus-ultra"},"geometry":{"type":"MultiLineString","coordinates":[[[2.12211,41.40026],[2.12146,41.40072],[2.12018,41.40165]]]}},{"type":"Feature","properties":{"s":"st-passatge-d-ayma"},"geometry":{"type":"MultiLineString","coordinates":[[[2.20565,41.39681],[2.20388,41.39798]]]}},{"type":"Feature","properties":{"s":"st-carrer-de-l-ajuntament"},"geometry":{"type":"MultiLineString","coordinates":[[[2.19,41.43549],[2.19073,41.43577]]]}},{"type":"Feature","properties":{"s":"st-carrer-de-les-acores"},"geometry":{"type":"MultiLineString","coordinates":[[[2.18985,41.42516],[2.18877,41.42514]]]}},{"type":"Feature","properties":{"s":"st-placa-d-otero-pedrayo"},"geometry":{"type":"MultiLineString","coordinates":[[[2.17631,41.43858],[2.17617,41.43828],[2.17652,41.43833],[2.17631,41.43858]]]}},{"type":"Feature","properties":{"s":"st-carrer-b-zona-franca"},"geometry":{"type":"MultiLineString","coordinates":[[[2.13687,41.33362],[2.13412,41.3292]]]}},{"type":"Feature","properties":{"s":"st-carrer-de-bacardi"},"geometry":{"type":"MultiLineString","coordinates":[[[2.13032,41.37361],[2.12918,41.37309],[2.12763,41.37243],[2.12673,41.37201]]]}},{"type":"Feature","properties":{"s":"st-passatge-de-bacardi"},"geometry":{"type":"MultiLineString","coordinates":[[[2.17548,41.37961],[2.17491,41.37925]]]}},{"type":"Feature","properties":{"s":"st-placa-de-bacardi"},"geometry":{"type":"MultiLineString","coordinates":[[[2.16362,41.42999],[2.16391,41.42972],[2.16362,41.42999]]]}},{"type":"Feature","properties":{"s":"st-carrer-de-bac-de-roda"},"geometry":{"type":"MultiLineString","coordinates":[[[2.19357,41.4154],[2.1947,41.41453],[2.19559,41.41387]],[[2.19581,41.4137],[2.19819,41.41189],[2.2014,41.4095],[2.20225,41.40884],[2.20396,41.40757],[2.20454,41.40711],[2.20511,41.40669],[2.20794,41.40452],[2.21,41.40296],[2.21032,41.40273],[2.21151,41.40181]]]}},{"type":"Feature","properties":{"s":"st-carrer-de-badajoz"},"geometry":{"type":"MultiLineString","coordinates":[[[2.18868,41.40376],[2.19042,41.40241],[2.1989,41.39598],[2.2008,41.39452]]]}},{"type":"Feature","properties":{"s":"st-rambla-de-badal"},"geometry":{"type":"MultiLineString","coordinates":[[[2.13179,41.37188],[2.13149,41.37276],[2.13046,41.37549]],[[2.13202,41.37132],[2.13292,41.36893],[2.13375,41.36742],[2.13471,41.36608],[2.13534,41.36511]]]}},{"type":"Feature","properties":{"s":"st-passatge-de-badal"},"geometry":{"type":"MultiLineString","coordinates":[[[2.13152,41.37204],[2.13046,41.37153]]]}},{"type":"Feature","properties":{"s":"st-carrer-de-badalona"},"geometry":{"type":"MultiLineString","coordinates":[[[2.13584,41.3781],[2.13803,41.37909]]]}},{"type":"Feature","properties":{"s":"st-carrer-de-badia"},"geometry":{"type":"MultiLineString","coordinates":[[[2.15429,41.40334],[2.15301,41.40451]]]}},{"type":"Feature","properties":{"s":"st-carrer-de-badosa"},"geometry":{"type":"MultiLineString","coordinates":[[[2.18143,41.44178],[2.18061,41.44108],[2.17991,41.44053]]]}},{"type":"Feature","properties":{"s":"st-carrer-de-begur"},"geometry":{"type":"MultiLineString","coordinates":[[[2.13179,41.37188],[2.13152,41.37204],[2.13072,41.3731],[2.12957,41.37456],[2.12922,41.37553]]]}},{"type":"Feature","properties":{"s":"st-carrer-de-bailen"},"geometry":{"type":"MultiLineString","coordinates":[[[2.16162,41.40374],[2.16368,41.40215]]]}},{"type":"Feature","properties":{"s":"st-passatge-baix-del-turo"},"geometry":{"type":"MultiLineString","coordinates":[[[2.17125,41.42019],[2.17233,41.41975]]]}},{"type":"Feature","properties":{"s":"st-carrer-baix-de-mariner"},"geometry":{"type":"MultiLineString","coordinates":[[[2.16038,41.43112],[2.15973,41.43051]]]}},{"type":"Feature","properties":{"s":"st-carrer-de-sant-pere-mes-baix"},"geometry":{"type":"MultiLineString","coordinates":[[[2.17932,41.3889],[2.17913,41.38863],[2.17876,41.38832],[2.17837,41.38803],[2.17787,41.38762],[2.17748,41.38722],[2.17705,41.38688],[2.17675,41.38669],[2.17652,41.38658],[2.17558,41.38623]]]}},{"type":"Feature","properties":{"s":"st-carrer-de-balboa"},"geometry":{"type":"MultiLineString","coordinates":[[[2.18664,41.38179],[2.19116,41.38282]]]}},{"type":"Feature","properties":{"s":"st-carrer-de-balcells"},"geometry":{"type":"MultiLineString","coordinates":[[[2.15883,41.4099],[2.16113,41.41114]]]}},{"type":"Feature","properties":{"s":"st-carrer-de-baldiri-reixac"},"geometry":{"type":"MultiLineString","coordinates":[[[2.11558,41.38172],[2.11747,41.3822],[2.1185,41.38243]]]}},{"type":"Feature","properties":{"s":"st-carrer-de-baldomer-girona"},"geometry":{"type":"MultiLineString","coordinates":[[[2.13656,41.42821],[2.13426,41.42805]]]}},{"type":"Feature","properties":{"s":"st-carrer-de-les-balears"},"geometry":{"type":"MultiLineString","coordinates":[[[2.1459,41.41524],[2.14622,41.41495],[2.14715,41.41406]]]}},{"type":"Feature","properties":{"s":"st-carrer-de-balenya"},"geometry":{"type":"MultiLineString","coordinates":[[[2.18203,41.45445],[2.18237,41.45508],[2.18591,41.45596]]]}},{"type":"Feature","properties":{"s":"st-carrer-de-baliarda"},"geometry":{"type":"MultiLineString","coordinates":[[[2.18879,41.43651],[2.18796,41.43662],[2.18632,41.43701],[2.18464,41.43733]]]}},{"type":"Feature","properties":{"s":"st-passatge-de-baliarda"},"geometry":{"type":"MultiLineString","coordinates":[[[2.18931,41.43643],[2.18879,41.43651]]]}},{"type":"Feature","properties":{"s":"st-carrer-de-balira"},"geometry":{"type":"MultiLineString","coordinates":[[[2.18929,41.44126],[2.18826,41.44127]]]}},{"type":"Feature","properties":{"s":"st-carrer-de-balmes"},"geometry":{"type":"MultiLineString","coordinates":[[[2.15382,41.39601],[2.15267,41.3969],[2.1519,41.39758],[2.15079,41.39893],[2.15016,41.39945],[2.14818,41.40076],[2.14758,41.40118],[2.14715,41.40146],[2.14619,41.40197],[2.14486,41.4027],[2.1444,41.40284],[2.14289,41.40338],[2.14219,41.40387],[2.14072,41.40442],[2.13965,41.40505],[2.13906,41.40594],[2.13788,41.4082],[2.13719,41.40957]],[[2.13719,41.40957],[2.13706,41.41025]],[[2.13719,41.40957],[2.13661,41.41012]]]}},{"type":"Feature","properties":{"s":"st-carrer-del-volo"},"geometry":{"type":"MultiLineString","coordinates":[[[2.18421,41.433],[2.1833,41.43304]]]}},{"type":"Feature","properties":{"s":"st-carrer-de-balsareny"},"geometry":{"type":"MultiLineString","coordinates":[[[2.12824,41.41158],[2.12958,41.41165]]]}},{"type":"Feature","properties":{"s":"st-carrer-de-les-basses-de-sant-pere"},"geometry":{"type":"MultiLineString","coordinates":[[[2.17952,41.38916],[2.17984,41.38865],[2.18019,41.38834],[2.18044,41.38819]]]}},{"type":"Feature","properties":{"s":"st-carrer-de-baltasar-gracian"},"geometry":{"type":"MultiLineString","coordinates":[[[2.18235,41.43979],[2.18099,41.44079],[2.18018,41.4414]]]}},{"type":"Feature","properties":{"s":"st-carrer-de-baltasar-samper"},"geometry":{"type":"MultiLineString","coordinates":[[[2.18176,41.43743],[2.1807,41.43763]]]}},{"type":"Feature","properties":{"s":"st-carrer-del-baluard"},"geometry":{"type":"MultiLineString","coordinates":[[[2.19043,41.37649],[2.19028,41.3767],[2.18834,41.38159]]]}},{"type":"Feature","properties":{"s":"st-carrer-de-ballot"},"geometry":{"type":"MultiLineString","coordinates":[[[2.17622,41.44798],[2.17588,41.44832]]]}},{"type":"Feature","properties":{"s":"st-carrer-de-ballester"},"geometry":{"type":"MultiLineString","coordinates":[[[2.14833,41.40913],[2.14812,41.4089],[2.14744,41.40824],[2.14485,41.40601],[2.14445,41.40548]]]}},{"type":"Feature","properties":{"s":"st-passatge-de-la-banca"},"geometry":{"type":"MultiLineString","coordinates":[[[2.1766,41.37704],[2.17741,41.37717]]]}},{"type":"Feature","properties":{"s":"st-carrer-de-banyoles"},"geometry":{"type":"MultiLineString","coordinates":[[[2.16208,41.4014],[2.16345,41.40233]]]}},{"type":"Feature","properties":{"s":"st-carrer-dels-banys-nous"},"geometry":{"type":"MultiLineString","coordinates":[[[2.17548,41.38184],[2.17475,41.38253],[2.17462,41.38277],[2.17446,41.38316]]]}},{"type":"Feature","properties":{"s":"st-carrer-dels-banys-vells"},"geometry":{"type":"MultiLineString","coordinates":[[[2.18179,41.38386],[2.18157,41.384],[2.18106,41.38427],[2.18087,41.38439],[2.18071,41.38447],[2.18018,41.38481]]]}},{"type":"Feature","properties":{"s":"st-carrer-la-rambla"},"geometry":{"type":"MultiLineString","coordinates":[[[2.17067,41.38459],[2.17123,41.38372],[2.17172,41.38301],[2.17245,41.38211],[2.17316,41.38129],[2.17461,41.37957],[2.17549,41.37864],[2.17564,41.37843],[2.1761,41.3777],[2.17637,41.37733],[2.17725,41.37629]]]}},{"type":"Feature","properties":{"s":"st-via-de-barcino"},"geometry":{"type":"MultiLineString","coordinates":[[[2.19392,41.45387],[2.19395,41.45297],[2.19253,41.45081],[2.19221,41.45039],[2.19296,41.44943],[2.19178,41.44807],[2.19043,41.44809]]]}},{"type":"Feature","properties":{"s":"st-carrer-de-barnola"},"geometry":{"type":"MultiLineString","coordinates":[[[2.20563,41.43825],[2.20551,41.43879]],[[2.20604,41.43631],[2.20577,41.43756]]]}},{"type":"Feature","properties":{"s":"st-carrer-del-baro-de-la-barre"},"geometry":{"type":"MultiLineString","coordinates":[[[2.14468,41.41414],[2.14289,41.41577],[2.14196,41.41713],[2.1408,41.41876]]]}},{"type":"Feature","properties":{"s":"st-carrer-del-baro-d-esponella"},"geometry":{"type":"MultiLineString","coordinates":[[[2.17325,41.42975],[2.17322,41.42884],[2.1736,41.42745]]]}},{"type":"Feature","properties":{"s":"st-passatge-del-baro-de-grino"},"geometry":{"type":"MultiLineString","coordinates":[[[2.13741,41.37337],[2.13817,41.37355]]]}},{"type":"Feature","properties":{"s":"st-carrer-del-baro-de-sant-lluis"},"geometry":{"type":"MultiLineString","coordinates":[[[2.1645,41.41536],[2.16286,41.41669],[2.16243,41.41714]]]}},{"type":"Feature","properties":{"s":"st-carrer-de-la-barra-de-ferro"},"geometry":{"type":"MultiLineString","coordinates":[[[2.18076,41.38516],[2.18018,41.38481],[2.17991,41.38461]]]}},{"type":"Feature","properties":{"s":"st-carrer-del-barri-vermell"},"geometry":{"type":"MultiLineString","coordinates":[[[2.2027,41.43596],[2.20306,41.43382]]]}},{"type":"Feature","properties":{"s":"st-carrer-de-bartrina"},"geometry":{"type":"MultiLineString","coordinates":[[[2.18515,41.43876],[2.18585,41.43922],[2.18621,41.43976]],[[2.18737,41.44149],[2.18712,41.44107],[2.18669,41.44043],[2.18621,41.43976]],[[2.18621,41.43976],[2.1854,41.43969]]]}},{"type":"Feature","properties":{"s":"st-carrer-de-basea"},"geometry":{"type":"MultiLineString","coordinates":[[[2.18089,41.38358],[2.18077,41.38341],[2.18056,41.38312]]]}},{"type":"Feature","properties":{"s":"st-carrer-de-bassegoda"},"geometry":{"type":"MultiLineString","coordinates":[[[2.12626,41.37536],[2.12502,41.37479],[2.12387,41.37419]]]}},{"type":"Feature","properties":{"s":"st-carrer-de-bassols"},"geometry":{"type":"MultiLineString","coordinates":[[[2.18287,41.40817],[2.18441,41.40933]]]}},{"type":"Feature","properties":{"s":"st-carrer-de-batet"},"geometry":{"type":"MultiLineString","coordinates":[[[2.15018,41.42115],[2.15121,41.42068]]]}},{"type":"Feature","properties":{"s":"st-carrer-de-batista"},"geometry":{"type":"MultiLineString","coordinates":[[[2.20022,41.40399],[2.19912,41.40451]]]}},{"type":"Feature","properties":{"s":"st-carrer-de-batllori"},"geometry":{"type":"MultiLineString","coordinates":[[[2.17841,41.44321],[2.17789,41.44345],[2.17695,41.44379],[2.17583,41.44435],[2.17524,41.44485]]]}},{"type":"Feature","properties":{"s":"st-carrer-de-la-colonia-bausili"},"geometry":{"type":"MultiLineString","coordinates":[[[2.14334,41.35328],[2.14383,41.35277]]]}},{"type":"Feature","properties":{"s":"st-carrer-de-les-beates"},"geometry":{"type":"MultiLineString","coordinates":[[[2.17636,41.38652],[2.17679,41.38615]]]}},{"type":"Feature","properties":{"s":"st-placa-de-les-beates"},"geometry":{"type":"MultiLineString","coordinates":[[[2.17679,41.38615],[2.17675,41.38601]]]}},{"type":"Feature","properties":{"s":"st-carrer-del-beat-almato"},"geometry":{"type":"MultiLineString","coordinates":[[[2.14974,41.42033],[2.14897,41.4189],[2.14738,41.41607],[2.14704,41.41544]]]}},{"type":"Feature","properties":{"s":"st-carrer-del-pare-miquel-de-sarria"},"geometry":{"type":"MultiLineString","coordinates":[[[2.11997,41.4],[2.12021,41.40001],[2.12119,41.40023]]]}},{"type":"Feature","properties":{"s":"st-carrer-del-beat-simo"},"geometry":{"type":"MultiLineString","coordinates":[[[2.17539,41.38093],[2.17557,41.38104]]]}},{"type":"Feature","properties":{"s":"st-carrer-de-beatriu"},"geometry":{"type":"MultiLineString","coordinates":[[[2.1572,41.42755],[2.15701,41.42867]]]}},{"type":"Feature","properties":{"s":"st-avinguda-de-j-v-foix"},"geometry":{"type":"MultiLineString","coordinates":[[[2.12089,41.39427],[2.1204,41.39494],[2.1201,41.39538],[2.12,41.396],[2.12033,41.39692],[2.11983,41.39737],[2.11944,41.39776],[2.11865,41.39853],[2.11698,41.39932],[2.11468,41.40069],[2.11422,41.4013]]]}},{"type":"Feature","properties":{"s":"st-carrer-de-beethoven"},"geometry":{"type":"MultiLineString","coordinates":[[[2.14251,41.39212],[2.14165,41.39253],[2.14029,41.39342]]]}},{"type":"Feature","properties":{"s":"st-carrer-de-la-begonia"},"geometry":{"type":"MultiLineString","coordinates":[[[2.14582,41.36995],[2.14629,41.37013]]]}},{"type":"Feature","properties":{"s":"st-carrer-de-betlem"},"geometry":{"type":"MultiLineString","coordinates":[[[2.15151,41.40446],[2.1541,41.40566]]]}},{"type":"Feature","properties":{"s":"st-carrer-de-bellafila"},"geometry":{"type":"MultiLineString","coordinates":[[[2.17825,41.38198],[2.17868,41.38233]]]}},{"type":"Feature","properties":{"s":"st-placa-de-bellavista"},"geometry":{"type":"MultiLineString","coordinates":[[[2.10941,41.4032],[2.1093,41.40315]]]}},{"type":"Feature","properties":{"s":"st-passatge-de-bellavista"},"geometry":{"type":"MultiLineString","coordinates":[[[2.08657,41.42789],[2.08604,41.42799],[2.08523,41.42825]]]}},{"type":"Feature","properties":{"s":"st-cami-de-bellavista"},"geometry":{"type":"MultiLineString","coordinates":[[[2.08459,41.42775],[2.08588,41.42741]]]}},{"type":"Feature","properties":{"s":"st-carrer-de-bellcaire"},"geometry":{"type":"MultiLineString","coordinates":[[[2.16793,41.43498],[2.16577,41.43554],[2.16504,41.43571],[2.16411,41.43591],[2.16426,41.43628]]]}},{"type":"Feature","properties":{"s":"st-carrer-de-bellesguard"},"geometry":{"type":"MultiLineString","coordinates":[[[2.12836,41.40797],[2.12784,41.40844],[2.12633,41.40914],[2.12578,41.41034],[2.12478,41.41139],[2.12397,41.41181],[2.12262,41.41277],[2.12209,41.41327]]]}},{"type":"Feature","properties":{"s":"st-carrer-de-bellmunt"},"geometry":{"type":"MultiLineString","coordinates":[[[2.20619,41.43702],[2.20582,41.43864]]]}},{"type":"Feature","properties":{"s":"st-carrer-de-bellprat"},"geometry":{"type":"MultiLineString","coordinates":[[[2.17487,41.45355],[2.17482,41.45499]]]}},{"type":"Feature","properties":{"s":"st-carrer-de-bellver"},"geometry":{"type":"MultiLineString","coordinates":[[[2.1532,41.40568],[2.15376,41.40607],[2.15428,41.40635]]]}},{"type":"Feature","properties":{"s":"st-carrer-de-benavent"},"geometry":{"type":"MultiLineString","coordinates":[[[2.12574,41.3775],[2.12394,41.37963]]]}},{"type":"Feature","properties":{"s":"st-carrer-de-benedetti"},"geometry":{"type":"MultiLineString","coordinates":[[[2.12578,41.41034],[2.1252,41.40983],[2.12387,41.40889],[2.12262,41.40774],[2.12242,41.40752]]]}},{"type":"Feature","properties":{"s":"st-placa-de-benet-xv"},"geometry":{"type":"MultiLineString","coordinates":[[[2.12005,41.40584],[2.1202,41.40591]]]}},{"type":"Feature","properties":{"s":"st-carrer-de-benet-mateu"},"geometry":{"type":"MultiLineString","coordinates":[[[2.12708,41.39182],[2.12644,41.39322],[2.12564,41.39505]]]}},{"type":"Feature","properties":{"s":"st-carrer-de-benevent"},"geometry":{"type":"MultiLineString","coordinates":[[[2.21742,41.41571],[2.21672,41.41623]]]}},{"type":"Feature","properties":{"s":"st-carrer-de-benet-mercade"},"geometry":{"type":"MultiLineString","coordinates":[[[2.15153,41.40116],[2.15301,41.39991]]]}},{"type":"Feature","properties":{"s":"st-carrer-de-benlliure"},"geometry":{"type":"MultiLineString","coordinates":[[[2.14249,41.43244],[2.14211,41.43161],[2.14154,41.43064],[2.14108,41.42995],[2.14049,41.42946]]]}},{"type":"Feature","properties":{"s":"st-placa-de-ramon-berenguer-el-gran"},"geometry":{"type":"MultiLineString","coordinates":[[[2.17812,41.38442],[2.17771,41.38474],[2.17736,41.38449],[2.17783,41.38418],[2.17812,41.38442]]]}},{"type":"Feature","properties":{"s":"st-carrer-de-berenguer-mallol"},"geometry":{"type":"MultiLineString","coordinates":[[[2.19207,41.37973],[2.19175,41.38056]]]}},{"type":"Feature","properties":{"s":"st-carrer-de-berenguer-de-palou"},"geometry":{"type":"MultiLineString","coordinates":[[[2.19127,41.42043],[2.19181,41.42266],[2.19173,41.42392],[2.1917,41.42509],[2.1917,41.42546],[2.19165,41.42656],[2.19158,41.42777]]]}},{"type":"Feature","properties":{"s":"st-carrer-de-ramon-berenguer-el-vell"},"geometry":{"type":"MultiLineString","coordinates":[[[2.17297,41.37536],[2.17377,41.37532]]]}},{"type":"Feature","properties":{"s":"st-carrer-de-beret"},"geometry":{"type":"MultiLineString","coordinates":[[[2.16755,41.43201],[2.16814,41.43252],[2.16852,41.43298],[2.16903,41.4335]]]}},{"type":"Feature","properties":{"s":"st-carrer-de-berga"},"geometry":{"type":"MultiLineString","coordinates":[[[2.15346,41.40024],[2.15201,41.40147]]]}},{"type":"Feature","properties":{"s":"st-carrer-de-bergueda"},"geometry":{"type":"MultiLineString","coordinates":[[[2.1363,41.38878],[2.13657,41.38852],[2.13815,41.38685]]]}},{"type":"Feature","properties":{"s":"st-carrer-de-bergnes-de-las-casas"},"geometry":{"type":"MultiLineString","coordinates":[[[2.17025,41.4101],[2.16962,41.41063]]]}},{"type":"Feature","properties":{"s":"st-carrer-de-berlin"},"geometry":{"type":"MultiLineString","coordinates":[[[2.13626,41.38206],[2.13752,41.38255],[2.13906,41.3832],[2.14035,41.38394]]]}},{"type":"Feature","properties":{"s":"st-carrer-del-berlines"},"geometry":{"type":"MultiLineString","coordinates":[[[2.13739,41.40483],[2.13894,41.40405],[2.14022,41.40336]]]}},{"type":"Feature","properties":{"s":"st-carrer-de-bermejo"},"geometry":{"type":"MultiLineString","coordinates":[[[2.21709,41.41299],[2.21816,41.41375]],[[2.21801,41.41386],[2.21868,41.41439]]]}},{"type":"Feature","properties":{"s":"st-carrer-de-berna"},"geometry":{"type":"MultiLineString","coordinates":[[[2.14559,41.40665],[2.14677,41.40575],[2.14732,41.40535]]]}},{"type":"Feature","properties":{"s":"st-passatge-de-bernardi-martorell"},"geometry":{"type":"MultiLineString","coordinates":[[[2.16973,41.37933],[2.16911,41.38007]]]}},{"type":"Feature","properties":{"s":"st-carrer-de-bernat-bransi"},"geometry":{"type":"MultiLineString","coordinates":[[[2.15498,41.42496],[2.15265,41.424]]]}},{"type":"Feature","properties":{"s":"st-carrer-de-bernat-martorell"},"geometry":{"type":"MultiLineString","coordinates":[[[2.21085,41.41773],[2.21143,41.41806],[2.212,41.41832],[2.21273,41.41887]],[[2.21342,41.41938],[2.214,41.41983]]]}},{"type":"Feature","properties":{"s":"st-carrer-de-bernat-desclot"},"geometry":{"type":"MultiLineString","coordinates":[[[2.21102,41.41903],[2.21254,41.42016],[2.21305,41.42056]]]}},{"type":"Feature","properties":{"s":"st-passatge-de-bernat-fenollar"},"geometry":{"type":"MultiLineString","coordinates":[[[2.18044,41.42017],[2.17993,41.42071]]]}},{"type":"Feature","properties":{"s":"st-carrer-de-bernat-metge"},"geometry":{"type":"MultiLineString","coordinates":[[[2.20986,41.41847],[2.21057,41.41936],[2.21139,41.42001],[2.21259,41.42088]]]}},{"type":"Feature","properties":{"s":"st-carrer-de-berruguete"},"geometry":{"type":"MultiLineString","coordinates":[[[2.14658,41.43386],[2.14848,41.43334],[2.15142,41.43257]]]}},{"type":"Feature","properties":{"s":"st-carrer-de-bertran"},"geometry":{"type":"MultiLineString","coordinates":[[[2.1416,41.40477],[2.14044,41.4051],[2.13992,41.40525],[2.13987,41.40561],[2.13977,41.40754],[2.13964,41.4108]]]}},{"type":"Feature","properties":{"s":"st-carrer-de-bertrand-i-serra"},"geometry":{"type":"MultiLineString","coordinates":[[[2.1322,41.40185],[2.13348,41.40241],[2.13419,41.40291]]]}},{"type":"Feature","properties":{"s":"st-carrer-de-besalu"},"geometry":{"type":"MultiLineString","coordinates":[[[2.18548,41.41635],[2.18425,41.41434],[2.18384,41.4137],[2.18323,41.41268],[2.18279,41.41196]]]}},{"type":"Feature","properties":{"s":"st-carrer-del-besos"},"geometry":{"type":"MultiLineString","coordinates":[[[2.14854,41.42196],[2.14705,41.42183],[2.14639,41.42186],[2.14511,41.42193]]]}},{"type":"Feature","properties":{"s":"st-carrer-de-betania"},"geometry":{"type":"MultiLineString","coordinates":[[[2.1408,41.41876],[2.14013,41.41768]]]}},{"type":"Feature","properties":{"s":"st-carrer-de-bethencourt"},"geometry":{"type":"MultiLineString","coordinates":[[[2.1365,41.3789],[2.13721,41.37921]]]}},{"type":"Feature","properties":{"s":"st-carrer-de-besiers"},"geometry":{"type":"MultiLineString","coordinates":[[[2.21254,41.41914],[2.21273,41.41887],[2.21334,41.4184],[2.21362,41.41821]]]}},{"type":"Feature","properties":{"s":"st-carrer-de-bigai"},"geometry":{"type":"MultiLineString","coordinates":[[[2.13381,41.40608],[2.13308,41.40539],[2.13231,41.40463]]]}},{"type":"Feature","properties":{"s":"st-passatge-de-bigai"},"geometry":{"type":"MultiLineString","coordinates":[[[2.13347,41.40576],[2.13406,41.40549]]]}},{"type":"Feature","properties":{"s":"st-carrer-de-bilbao"},"geometry":{"type":"MultiLineString","coordinates":[[[2.19128,41.41197],[2.1924,41.41111],[2.19486,41.40929],[2.19607,41.4084],[2.19723,41.40751],[2.19835,41.40669],[2.19901,41.40618],[2.20095,41.40475],[2.20174,41.40414],[2.2033,41.403],[2.20346,41.4029],[2.20405,41.40244],[2.20506,41.40175],[2.20687,41.4004]]]}},{"type":"Feature","properties":{"s":"st-carrer-de-biosca"},"geometry":{"type":"MultiLineString","coordinates":[[[2.20691,41.43646],[2.20678,41.4371],[2.2067,41.43774],[2.20648,41.43872]]]}},{"type":"Feature","properties":{"s":"st-carrer-de-la-bisbal"},"geometry":{"type":"MultiLineString","coordinates":[[[2.17419,41.41794],[2.17254,41.41819],[2.17184,41.41831]]]}},{"type":"Feature","properties":{"s":"st-carrer-de-bismarck"},"geometry":{"type":"MultiLineString","coordinates":[[[2.16338,41.4155],[2.16259,41.41536],[2.16092,41.41492],[2.16094,41.41507]]]}},{"type":"Feature","properties":{"s":"st-passatge-de-bismarck"},"geometry":{"type":"MultiLineString","coordinates":[[[2.16259,41.41536],[2.16226,41.41622]]]}},{"type":"Feature","properties":{"s":"st-passatge-de-la-blada"},"geometry":{"type":"MultiLineString","coordinates":[[[2.10948,41.40195],[2.10909,41.40113]]]}},{"type":"Feature","properties":{"s":"st-riera-blanca-sarria"},"geometry":{"type":"MultiLineString","coordinates":[[[2.12018,41.39154],[2.1204,41.39239]]]}},{"type":"Feature","properties":{"s":"st-carrer-d-en-blanco"},"geometry":{"type":"MultiLineString","coordinates":[[[2.13177,41.37624],[2.13263,41.37593],[2.13348,41.37582],[2.13374,41.37584],[2.13463,41.37584]]]}},{"type":"Feature","properties":{"s":"st-baixada-de-blanes"},"geometry":{"type":"MultiLineString","coordinates":[[[2.14523,41.41116],[2.14436,41.41066]]]}},{"type":"Feature","properties":{"s":"st-carrer-de-la-blanqueria"},"geometry":{"type":"MultiLineString","coordinates":[[[2.18027,41.38681],[2.18121,41.38623]]]}},{"type":"Feature","properties":{"s":"st-carrer-de-blasco-de-garay"},"geometry":{"type":"MultiLineString","coordinates":[[[2.16274,41.37327],[2.16245,41.37253]],[[2.16232,41.37215],[2.16205,41.37146],[2.16145,41.37035]]]}},{"type":"Feature","properties":{"s":"st-placa-del-sortidor"},"geometry":{"type":"MultiLineString","coordinates":[[[2.16214,41.37239],[2.16245,41.37253],[2.16262,41.37229],[2.16232,41.37215],[2.16214,41.37239]]]}},{"type":"Feature","properties":{"s":"st-carrer-de-blai"},"geometry":{"type":"MultiLineString","coordinates":[[[2.16578,41.37319],[2.16685,41.37278]]]}},{"type":"Feature","properties":{"s":"st-carrer-de-blesa"},"geometry":{"type":"MultiLineString","coordinates":[[[2.16937,41.37178],[2.1685,41.37216],[2.16685,41.37278]]]}},{"type":"Feature","properties":{"s":"st-carrer-de-boada"},"geometry":{"type":"MultiLineString","coordinates":[[[2.17991,41.44053],[2.17886,41.43969],[2.17835,41.4391]]]}},{"type":"Feature","properties":{"s":"st-carrer-de-la-bobila"},"geometry":{"type":"MultiLineString","coordinates":[[[2.15869,41.37366],[2.15838,41.37301],[2.15799,41.37217]]]}},{"type":"Feature","properties":{"s":"st-carrer-dels-bofarull"},"geometry":{"type":"MultiLineString","coordinates":[[[2.18908,41.41874],[2.18824,41.41669],[2.18817,41.41647]],[[2.18759,41.41478],[2.18803,41.41615]]]}},{"type":"Feature","properties":{"s":"st-carrer-de-marti-garralaga"},"geometry":{"type":"MultiLineString","coordinates":[[[2.19129,41.41993],[2.18979,41.42032]]]}},{"type":"Feature","properties":{"s":"st-avinguda-del-bogatell"},"geometry":{"type":"MultiLineString","coordinates":[[[2.18954,41.39279],[2.19097,41.39281],[2.19179,41.3928],[2.1935,41.39283],[2.19376,41.39301],[2.19579,41.39284],[2.19648,41.39286],[2.19884,41.3928],[2.20008,41.39288]]]}},{"type":"Feature","properties":{"s":"st-carrer-dels-bohemis"},"geometry":{"type":"MultiLineString","coordinates":[[[2.0975,41.42453],[2.09667,41.4242],[2.09734,41.42547],[2.09825,41.42599]]]}},{"type":"Feature","properties":{"s":"st-carrer-de-bolivar"},"geometry":{"type":"MultiLineString","coordinates":[[[2.14567,41.41077],[2.1468,41.40994],[2.14812,41.4089]]]}},{"type":"Feature","properties":{"s":"st-carrer-de-bolivia"},"geometry":{"type":"MultiLineString","coordinates":[[[2.18817,41.40072],[2.19274,41.40414]],[[2.2041,41.41256],[2.20174,41.4109],[2.20061,41.41008],[2.19949,41.40922],[2.19917,41.40899],[2.19841,41.40843],[2.19723,41.40751],[2.19612,41.40668],[2.19508,41.40593],[2.19429,41.4053]],[[2.21085,41.41773],[2.20965,41.41687],[2.20853,41.41605],[2.20726,41.41528],[2.20701,41.41497]]]}},{"type":"Feature","properties":{"s":"st-carrer-d-en-boltres"},"geometry":{"type":"MultiLineString","coordinates":[[[2.17965,41.37927],[2.18032,41.37896]]]}},{"type":"Feature","properties":{"s":"st-carrer-del-bonaire"},"geometry":{"type":"MultiLineString","coordinates":[[[2.18325,41.38396],[2.18352,41.38441],[2.18372,41.38472]]]}},{"type":"Feature","properties":{"s":"st-passeig-de-la-bonanova"},"geometry":{"type":"MultiLineString","coordinates":[[[2.12194,41.40016],[2.1227,41.40062],[2.12339,41.401],[2.12571,41.40232],[2.12687,41.40294],[2.12794,41.40354],[2.1294,41.40438],[2.13269,41.4062],[2.1332,41.40647]]]}},{"type":"Feature","properties":{"s":"st-placa-de-la-bonanova"},"geometry":{"type":"MultiLineString","coordinates":[[[2.13378,41.4068],[2.13422,41.40652],[2.13381,41.40608],[2.1332,41.40647],[2.13378,41.4068]],[[2.13378,41.4068],[2.13348,41.40688]]]}},{"type":"Feature","properties":{"s":"st-carrer-de-bonaplata"},"geometry":{"type":"MultiLineString","coordinates":[[[2.12514,41.39579],[2.1229,41.39631],[2.12245,41.39684],[2.12222,41.39698],[2.12175,41.39747]]]}},{"type":"Feature","properties":{"s":"st-passatge-de-bone"},"geometry":{"type":"MultiLineString","coordinates":[[[2.16687,41.41127],[2.16716,41.41166],[2.16735,41.41175]]]}},{"type":"Feature","properties":{"s":"st-carrer-de-bonsoms"},"geometry":{"type":"MultiLineString","coordinates":[[[2.12763,41.37243],[2.12684,41.37275],[2.12604,41.37373],[2.125,41.37395]]]}},{"type":"Feature","properties":{"s":"st-carrer-de-bonvei"},"geometry":{"type":"MultiLineString","coordinates":[[[2.12502,41.37479],[2.12458,41.37529]]]}},{"type":"Feature","properties":{"s":"st-carrer-d-en-boquer"},"geometry":{"type":"MultiLineString","coordinates":[[[2.18013,41.38558],[2.17959,41.38519]]]}},{"type":"Feature","properties":{"s":"st-carrer-de-la-boqueria"},"geometry":{"type":"MultiLineString","coordinates":[[[2.17348,41.3813],[2.17412,41.38147],[2.17495,41.38167],[2.17527,41.38175],[2.17548,41.38184]]]}},{"type":"Feature","properties":{"s":"st-pla-de-la-boqueria"},"geometry":{"type":"MultiLineString","coordinates":[[[2.1733,41.38112],[2.17348,41.3813],[2.17344,41.38137],[2.17316,41.38129]]]}},{"type":"Feature","properties":{"s":"st-avinguda-dels-quinze"},"geometry":{"type":"MultiLineString","coordinates":[[[2.17617,41.42544],[2.17607,41.42611],[2.17577,41.42684],[2.17492,41.42795],[2.17438,41.42892],[2.17434,41.42934]]]}},{"type":"Feature","properties":{"s":"st-carretera-de-la-bordeta"},"geometry":{"type":"MultiLineString","coordinates":[[[2.14195,41.37247],[2.14245,41.37268],[2.14415,41.37321],[2.14459,41.37333],[2.14582,41.37363],[2.14752,41.37383]]]}},{"type":"Feature","properties":{"s":"st-carrer-de-bordils"},"geometry":{"type":"MultiLineString","coordinates":[[[2.16858,41.43473],[2.16925,41.43456]]]}},{"type":"Feature","properties":{"s":"st-carrer-de-borgonya"},"geometry":{"type":"MultiLineString","coordinates":[[[2.16906,41.43501],[2.16915,41.43602]]]}},{"type":"Feature","properties":{"s":"st-passatge-de-bori"},"geometry":{"type":"MultiLineString","coordinates":[[[2.20115,41.39856],[2.20229,41.3977]]]}},{"type":"Feature","properties":{"s":"st-carrer-de-bori-i-fontesta"},"geometry":{"type":"MultiLineString","coordinates":[[[2.13391,41.39198],[2.13489,41.39209],[2.13577,41.39232],[2.13863,41.393],[2.14029,41.39342],[2.14132,41.39369],[2.14193,41.39387]]]}},{"type":"Feature","properties":{"s":"st-carrer-de-la-boria"},"geometry":{"type":"MultiLineString","coordinates":[[[2.17846,41.38416],[2.17883,41.38454],[2.17904,41.38478]]]}},{"type":"Feature","properties":{"s":"st-carrer-de-les-borges-blanques"},"geometry":{"type":"MultiLineString","coordinates":[[[2.18021,41.44472],[2.17959,41.44402]]]}},{"type":"Feature","properties":{"s":"st-passeig-del-born"},"geometry":{"type":"MultiLineString","coordinates":[[[2.18242,41.38397],[2.18259,41.38423]],[[2.18308,41.38512],[2.1835,41.38545]],[[2.18308,41.38512],[2.18293,41.38508],[2.18241,41.38426],[2.18259,41.38423]],[[2.18308,41.38512],[2.183,41.38496],[2.18266,41.38438],[2.18259,41.38423]]]}},{"type":"Feature","properties":{"s":"st-carrer-de-borras"},"geometry":{"type":"MultiLineString","coordinates":[[[2.17886,41.43969],[2.17839,41.43993],[2.17671,41.44076]]]}},{"type":"Feature","properties":{"s":"st-placa-de-borras"},"geometry":{"type":"MultiLineString","coordinates":[[[2.11743,41.40423],[2.11746,41.40402],[2.11718,41.40401],[2.11718,41.40422],[2.11743,41.40423]],[[2.11743,41.40423],[2.11788,41.40467]]]}},{"type":"Feature","properties":{"s":"st-passatge-de-borrell"},"geometry":{"type":"MultiLineString","coordinates":[[[2.20558,41.40461],[2.2067,41.40547]]]}},{"type":"Feature","properties":{"s":"st-carrer-de-bosch"},"geometry":{"type":"MultiLineString","coordinates":[[[2.15444,41.39727],[2.15375,41.39689]]]}},{"type":"Feature","properties":{"s":"st-carrer-de-bosch-i-alsina"},"geometry":{"type":"MultiLineString","coordinates":[[[2.13412,41.41416],[2.13268,41.4141]]]}},{"type":"Feature","properties":{"s":"st-passatge-de-bosch-i-labrus"},"geometry":{"type":"MultiLineString","coordinates":[[[2.19866,41.40394],[2.1992,41.40362],[2.19963,41.40334]]]}},{"type":"Feature","properties":{"s":"st-carrer-del-bosc"},"geometry":{"type":"MultiLineString","coordinates":[[[2.11076,41.41302],[2.11204,41.41092],[2.11246,41.41052],[2.1125,41.40916],[2.11164,41.40901]]]}},{"type":"Feature","properties":{"s":"st-placa-de-boston"},"geometry":{"type":"MultiLineString","coordinates":[[[2.14039,41.40337],[2.14022,41.40336]]]}},{"type":"Feature","properties":{"s":"st-carrer-d-en-bot"},"geometry":{"type":"MultiLineString","coordinates":[[[2.17179,41.38468],[2.17212,41.38407],[2.17223,41.38389],[2.17261,41.3834]]]}},{"type":"Feature","properties":{"s":"st-carrer-d-en-botella"},"geometry":{"type":"MultiLineString","coordinates":[[[2.16584,41.3787],[2.16592,41.37947]]]}},{"type":"Feature","properties":{"s":"st-carrer-dels-boters"},"geometry":{"type":"MultiLineString","coordinates":[[[2.17499,41.38433],[2.17415,41.38398],[2.17389,41.38388]]]}},{"type":"Feature","properties":{"s":"st-carrer-de-braganca"},"geometry":{"type":"MultiLineString","coordinates":[[[2.15307,41.42855],[2.15286,41.42802]],[[2.15294,41.42767],[2.15286,41.42802]],[[2.15286,41.42802],[2.15284,41.42827]]]}},{"type":"Feature","properties":{"s":"st-rambla-del-brasil"},"geometry":{"type":"MultiLineString","coordinates":[[[2.13046,41.37549],[2.13015,41.37642],[2.12908,41.37936]]]}},{"type":"Feature","properties":{"s":"st-carrer-de-breton-de-los-herreros"},"geometry":{"type":"MultiLineString","coordinates":[[[2.15249,41.40268],[2.15163,41.40226],[2.15088,41.40188]]]}},{"type":"Feature","properties":{"s":"st-carrer-del-violer"},"geometry":{"type":"MultiLineString","coordinates":[[[2.09941,41.42741],[2.09944,41.42835]]]}},{"type":"Feature","properties":{"s":"st-carrer-de-briquets"},"geometry":{"type":"MultiLineString","coordinates":[[[2.17536,41.44894],[2.17654,41.44932],[2.17747,41.44984]]]}},{"type":"Feature","properties":{"s":"st-baixada-de-briz"},"geometry":{"type":"MultiLineString","coordinates":[[[2.14855,41.41261],[2.14796,41.41209],[2.14716,41.41143]]]}},{"type":"Feature","properties":{"s":"st-carrer-dels-brocaters"},"geometry":{"type":"MultiLineString","coordinates":[[[2.17774,41.38379],[2.17753,41.38362]]]}},{"type":"Feature","properties":{"s":"st-carrer-del-bronze"},"geometry":{"type":"MultiLineString","coordinates":[[[2.13631,41.35843],[2.13559,41.35807],[2.13409,41.35746]],[[2.13561,41.35732],[2.13545,41.35755]],[[2.13532,41.35719],[2.13495,41.35768]]]}},{"type":"Feature","properties":{"s":"st-carrer-de-brossa"},"geometry":{"type":"MultiLineString","coordinates":[[[2.17761,41.43574],[2.17679,41.43486],[2.1765,41.43452]]]}},{"type":"Feature","properties":{"s":"st-carrer-del-brosoli"},"geometry":{"type":"MultiLineString","coordinates":[[[2.18087,41.38439],[2.18068,41.38415],[2.18047,41.38378],[2.18042,41.38366]]]}},{"type":"Feature","properties":{"s":"st-placa-de-brugada"},"geometry":{"type":"MultiLineString","coordinates":[[[2.19177,41.37906],[2.1917,41.37925]],[[2.19225,41.37977],[2.19251,41.37963],[2.19235,41.38002],[2.19216,41.37998]]]}},{"type":"Feature","properties":{"s":"st-carrer-de-bruguera"},"geometry":{"type":"MultiLineString","coordinates":[[[2.16577,41.43415],[2.16527,41.43433],[2.16492,41.43442]]]}},{"type":"Feature","properties":{"s":"st-carrer-del-brull"},"geometry":{"type":"MultiLineString","coordinates":[[[2.17691,41.45807],[2.17567,41.45814],[2.17454,41.45813]],[[2.17652,41.4585],[2.17611,41.45901]]]}},{"type":"Feature","properties":{"s":"st-carrer-de-bruniquer"},"geometry":{"type":"MultiLineString","coordinates":[[[2.15951,41.40391],[2.16012,41.40431],[2.16088,41.40477],[2.16205,41.40552],[2.16265,41.40587]]]}},{"type":"Feature","properties":{"s":"st-carrer-de-brusselles"},"geometry":{"type":"MultiLineString","coordinates":[[[2.17029,41.41882],[2.16956,41.41771],[2.16912,41.41708],[2.1687,41.41667]]]}},{"type":"Feature","properties":{"s":"st-carrer-de-brusi"},"geometry":{"type":"MultiLineString","coordinates":[[[2.14779,41.39928],[2.14506,41.40151],[2.14403,41.4024]]]}},{"type":"Feature","properties":{"s":"st-carrer-de-gabriel-ferrater"},"geometry":{"type":"MultiLineString","coordinates":[[[2.10877,41.41502],[2.10857,41.4154],[2.1095,41.41642],[2.10975,41.41703],[2.11142,41.41851]]]}},{"type":"Feature","properties":{"s":"st-carrer-de-ventura-plaja"},"geometry":{"type":"MultiLineString","coordinates":[[[2.12747,41.37519],[2.12648,41.37478],[2.12427,41.37354]]]}},{"type":"Feature","properties":{"s":"st-carrer-de-bonaventura-polles"},"geometry":{"type":"MultiLineString","coordinates":[[[2.1327,41.37194],[2.13322,41.37025]],[[2.13365,41.36994],[2.13353,41.37031]]]}},{"type":"Feature","properties":{"s":"st-passatge-de-bonavista"},"geometry":{"type":"MultiLineString","coordinates":[[[2.11612,41.40818],[2.11647,41.40951]]]}},{"type":"Feature","properties":{"s":"st-placa-del-bonsucces"},"geometry":{"type":"MultiLineString","coordinates":[[[2.16988,41.38413],[2.16944,41.38374],[2.16932,41.38379]]]}},{"type":"Feature","properties":{"s":"st-carrer-de-buigas"},"geometry":{"type":"MultiLineString","coordinates":[[[2.12992,41.39251],[2.13027,41.39315],[2.13147,41.39391]],[[2.13293,41.39487],[2.13201,41.39427]]]}},{"type":"Feature","properties":{"s":"st-carrer-de-bunyola"},"geometry":{"type":"MultiLineString","coordinates":[[[2.17539,41.43726],[2.17413,41.43771]]]}},{"type":"Feature","properties":{"s":"st-carrer-de-bordeus"},"geometry":{"type":"MultiLineString","coordinates":[[[2.14169,41.38842],[2.13982,41.38956]]]}},{"type":"Feature","properties":{"s":"st-carrer-de-burgos"},"geometry":{"type":"MultiLineString","coordinates":[[[2.13202,41.37132],[2.1327,41.37194],[2.13359,41.37217],[2.13592,41.37311]]]}},{"type":"Feature","properties":{"s":"st-carrer-de-borriana"},"geometry":{"type":"MultiLineString","coordinates":[[[2.18974,41.43009],[2.19067,41.43035],[2.1919,41.43059],[2.19561,41.43128]]]}},{"type":"Feature","properties":{"s":"st-passatge-de-burrull"},"geometry":{"type":"MultiLineString","coordinates":[[[2.19757,41.40493],[2.19694,41.40446]]]}},{"type":"Feature","properties":{"s":"st-carrer-de-buscarons"},"geometry":{"type":"MultiLineString","coordinates":[[[2.13778,41.40706],[2.13868,41.40583]]]}},{"type":"Feature","properties":{"s":"st-carrer-de-buxo"},"geometry":{"type":"MultiLineString","coordinates":[[[2.10788,41.39489],[2.10827,41.39516]]]}},{"type":"Feature","properties":{"s":"st-carrer-c-zona-franca"},"geometry":{"type":"MultiLineString","coordinates":[[[2.13447,41.33447],[2.13175,41.33004]]]}},{"type":"Feature","properties":{"s":"st-carrer-de-caballero"},"geometry":{"type":"MultiLineString","coordinates":[[[2.13937,41.38478],[2.13814,41.38405],[2.13705,41.38332],[2.13318,41.38192]]]}},{"type":"Feature","properties":{"s":"st-carrer-dels-cavallers"},"geometry":{"type":"MultiLineString","coordinates":[[[2.11767,41.39522],[2.11494,41.39319],[2.11303,41.39168],[2.11181,41.39075],[2.10899,41.38851],[2.10829,41.38778],[2.10728,41.38662]]]}},{"type":"Feature","properties":{"s":"st-carrer-de-cabanes"},"geometry":{"type":"MultiLineString","coordinates":[[[2.16937,41.37178],[2.16996,41.37299],[2.17036,41.37374],[2.17096,41.3749]]]}},{"type":"Feature","properties":{"s":"st-carrer-del-cabanyal"},"geometry":{"type":"MultiLineString","coordinates":[[[2.18906,41.40781],[2.1895,41.4077]]]}},{"type":"Feature","properties":{"s":"st-carrer-de-cabestany"},"geometry":{"type":"MultiLineString","coordinates":[[[2.13216,41.38646],[2.13298,41.38562]],[[2.13191,41.38672],[2.1312,41.38746]]]}},{"type":"Feature","properties":{"s":"st-carrer-de-les-cabres"},"geometry":{"type":"MultiLineString","coordinates":[[[2.17244,41.38099],[2.17213,41.38143]],[[2.17127,41.38227],[2.17097,41.38263]]]}},{"type":"Feature","properties":{"s":"st-carrer-de-cabrera"},"geometry":{"type":"MultiLineString","coordinates":[[[2.18695,41.43585],[2.18422,41.43604]]]}},{"type":"Feature","properties":{"s":"st-carrer-de-caceres"},"geometry":{"type":"MultiLineString","coordinates":[[[2.13081,41.37456],[2.13372,41.37503]]]}},{"type":"Feature","properties":{"s":"st-carrer-de-cadaques"},"geometry":{"type":"MultiLineString","coordinates":[[[2.12695,41.37624],[2.1266,41.37617]]]}},{"type":"Feature","properties":{"s":"st-cami-de-la-cadena"},"geometry":{"type":"MultiLineString","coordinates":[[[2.13764,41.36638],[2.13691,41.36679]]]}},{"type":"Feature","properties":{"s":"st-carrer-del-cadi"},"geometry":{"type":"MultiLineString","coordinates":[[[2.16705,41.43092],[2.16834,41.43114],[2.16933,41.432],[2.17042,41.43341],[2.17078,41.43347]]]}},{"type":"Feature","properties":{"s":"st-carrer-de-cadis"},"geometry":{"type":"MultiLineString","coordinates":[[[2.14405,41.40665],[2.14243,41.4065]]]}},{"type":"Feature","properties":{"s":"st-carrer-de-queixans"},"geometry":{"type":"MultiLineString","coordinates":[[[2.15759,41.4198],[2.15853,41.42037]]]}},{"type":"Feature","properties":{"s":"st-carrer-del-caire"},"geometry":{"type":"MultiLineString","coordinates":[[[2.14098,41.41171],[2.14137,41.41096]]]}},{"type":"Feature","properties":{"s":"st-passatge-de-la-caixa-d-estalvis"},"geometry":{"type":"MultiLineString","coordinates":[[[2.17921,41.41533],[2.17968,41.41577]]]}},{"type":"Feature","properties":{"s":"st-carrer-de-calaf"},"geometry":{"type":"MultiLineString","coordinates":[[[2.14203,41.3959],[2.14525,41.39821]]]}},{"type":"Feature","properties":{"s":"st-passatge-de-calafell"},"geometry":{"type":"MultiLineString","coordinates":[[[2.15479,41.42359],[2.15411,41.4246]]]}},{"type":"Feature","properties":{"s":"st-carrer-de-les-calandries"},"geometry":{"type":"MultiLineString","coordinates":[[[2.12245,41.39684],[2.12383,41.39701]]]}},{"type":"Feature","properties":{"s":"st-carrer-de-calatrava"},"geometry":{"type":"MultiLineString","coordinates":[[[2.13179,41.39777],[2.13113,41.39862],[2.12834,41.40146],[2.12687,41.40294]]]}},{"type":"Feature","properties":{"s":"st-carrer-de-calderon-de-la-barca"},"geometry":{"type":"MultiLineString","coordinates":[[[2.15456,41.42346],[2.1551,41.42268],[2.15541,41.42211],[2.15536,41.42167],[2.15671,41.42069],[2.15701,41.42033],[2.1573,41.41856]]]}},{"type":"Feature","properties":{"s":"st-carrer-de-calders"},"geometry":{"type":"MultiLineString","coordinates":[[[2.18381,41.38425],[2.18352,41.38441],[2.18286,41.38471]]]}},{"type":"Feature","properties":{"s":"st-carrer-de-calella"},"geometry":{"type":"MultiLineString","coordinates":[[[2.17849,41.38137],[2.17874,41.38157]]]}},{"type":"Feature","properties":{"s":"st-carrer-de-calendau"},"geometry":{"type":"MultiLineString","coordinates":[[[2.14572,41.41211],[2.14631,41.4121]]]}},{"type":"Feature","properties":{"s":"st-passeig-de-calvell"},"geometry":{"type":"MultiLineString","coordinates":[[[2.20513,41.3964],[2.20565,41.39681],[2.20623,41.39729],[2.20802,41.399],[2.20833,41.39931]]]}},{"type":"Feature","properties":{"s":"st-carrer-de-calvet"},"geometry":{"type":"MultiLineString","coordinates":[[[2.1441,41.3942],[2.14256,41.39542],[2.14133,41.39653],[2.14059,41.39717],[2.1399,41.39784]]]}},{"type":"Feature","properties":{"s":"st-placa-de-calvo"},"geometry":{"type":"MultiLineString","coordinates":[[[2.13143,41.41067],[2.13175,41.41097],[2.13135,41.41123],[2.131,41.41093],[2.13143,41.41067]]]}},{"type":"Feature","properties":{"s":"st-carrer-del-call"},"geometry":{"type":"MultiLineString","coordinates":[[[2.17548,41.38184],[2.17577,41.38213],[2.17628,41.38229],[2.17667,41.38262]]]}},{"type":"Feature","properties":{"s":"st-carrer-del-callao"},"geometry":{"type":"MultiLineString","coordinates":[[[2.14255,41.37664],[2.14342,41.37579],[2.14367,41.37556],[2.144,41.37523]]]}},{"type":"Feature","properties":{"s":"st-carrer-de-caller"},"geometry":{"type":"MultiLineString","coordinates":[[[2.21507,41.41861],[2.21584,41.41805]]]}},{"type":"Feature","properties":{"s":"st-carrer-camarasa"},"geometry":{"type":"MultiLineString","coordinates":[[[2.20691,41.43646],[2.20829,41.43661],[2.20866,41.43666]]]}},{"type":"Feature","properties":{"s":"st-carrer-dels-canvis-nous"},"geometry":{"type":"MultiLineString","coordinates":[[[2.18142,41.38266],[2.18192,41.38311]]]}},{"type":"Feature","properties":{"s":"st-carrer-dels-canvis-vells"},"geometry":{"type":"MultiLineString","coordinates":[[[2.1826,41.38282],[2.18232,41.38286],[2.18192,41.38311],[2.18184,41.38318]]]}},{"type":"Feature","properties":{"s":"st-carrer-de-cambrils"},"geometry":{"type":"MultiLineString","coordinates":[[[2.14635,41.41144],[2.1457,41.41145]],[[2.1457,41.41145],[2.14572,41.41235]],[[2.1457,41.41145],[2.1455,41.41145]]]}},{"type":"Feature","properties":{"s":"st-carrer-de-les-camelies"},"geometry":{"type":"MultiLineString","coordinates":[[[2.16202,41.41265],[2.16349,41.41346],[2.1639,41.41366],[2.16478,41.41415],[2.16593,41.41471]],[[2.15818,41.4106],[2.15924,41.41114],[2.16045,41.41178],[2.1616,41.41244]]]}},{"type":"Feature","properties":{"s":"st-passatge-de-les-camelies"},"geometry":{"type":"MultiLineString","coordinates":[[[2.16251,41.41292],[2.16207,41.41345]]]}},{"type":"Feature","properties":{"s":"st-carrer-de-camil-fabra"},"geometry":{"type":"MultiLineString","coordinates":[[[2.18704,41.43014],[2.18729,41.42862]]]}},{"type":"Feature","properties":{"s":"st-carrer-de-camil-oliveras"},"geometry":{"type":"MultiLineString","coordinates":[[[2.17189,41.42317],[2.17105,41.42294],[2.17071,41.42261],[2.1695,41.42118]]]}},{"type":"Feature","properties":{"s":"st-passatge-del-caminal"},"geometry":{"type":"MultiLineString","coordinates":[[[2.19799,41.39961],[2.19649,41.40018]]]}},{"type":"Feature","properties":{"s":"st-carrer-de-camos"},"geometry":{"type":"MultiLineString","coordinates":[[[2.16396,41.43407],[2.16445,41.43396],[2.16447,41.434]]]}},{"type":"Feature","properties":{"s":"st-carrer-del-camp"},"geometry":{"type":"MultiLineString","coordinates":[[[2.13886,41.4011],[2.13831,41.40153],[2.13624,41.40339]],[[2.13608,41.40355],[2.13448,41.40498]]]}},{"type":"Feature","properties":{"s":"st-placa-del-camp"},"geometry":{"type":"MultiLineString","coordinates":[[[2.13624,41.40339],[2.13625,41.40355],[2.13608,41.40355],[2.1361,41.40338],[2.13624,41.40339]]]}},{"type":"Feature","properties":{"s":"st-carrer-de-campeny"},"geometry":{"type":"MultiLineString","coordinates":[[[2.18857,41.43981],[2.18577,41.44073]]]}},{"type":"Feature","properties":{"s":"st-carrer-de-campins"},"geometry":{"type":"MultiLineString","coordinates":[[[2.19814,41.44687],[2.20079,41.4478]]]}},{"type":"Feature","properties":{"s":"st-passatge-del-camp"},"geometry":{"type":"MultiLineString","coordinates":[[[2.19336,41.39953],[2.19388,41.39932]],[[2.19468,41.39895],[2.19423,41.39916]]]}},{"type":"Feature","properties":{"s":"st-carrer-del-camp-arriassa"},"geometry":{"type":"MultiLineString","coordinates":[[[2.20546,41.42263],[2.20376,41.42391],[2.20321,41.42434],[2.20092,41.42606]]]}},{"type":"Feature","properties":{"s":"st-carrer-de-campo-florido"},"geometry":{"type":"MultiLineString","coordinates":[[[2.17975,41.42147],[2.1801,41.42164],[2.18392,41.42126]]]}},{"type":"Feature","properties":{"s":"st-carrer-del-camp-d-en-vidal"},"geometry":{"type":"MultiLineString","coordinates":[[[2.14756,41.39701],[2.14707,41.39747],[2.14628,41.39817]]]}},{"type":"Feature","properties":{"s":"st-carrer-de-campoamor"},"geometry":{"type":"MultiLineString","coordinates":[[[2.15839,41.43269],[2.15457,41.43496],[2.15371,41.43552]]]}},{"type":"Feature","properties":{"s":"st-carrer-de-camprecios"},"geometry":{"type":"MultiLineString","coordinates":[[[2.17735,41.44555],[2.17733,41.44698],[2.17745,41.44743]]]}},{"type":"Feature","properties":{"s":"st-carrer-de-camps-i-fabres"},"geometry":{"type":"MultiLineString","coordinates":[[[2.14985,41.40335],[2.14929,41.40404]]]}},{"type":"Feature","properties":{"s":"st-cami-de-can-balasch"},"geometry":{"type":"MultiLineString","coordinates":[[[2.0838,41.42937],[2.07883,41.42892],[2.07499,41.42975]],[[2.08061,41.42437],[2.081,41.42289],[2.08082,41.42225],[2.08201,41.42031]]]}},{"type":"Feature","properties":{"s":"st-carrer-de-can-basseda"},"geometry":{"type":"MultiLineString","coordinates":[[[2.10903,41.41516],[2.10975,41.41703],[2.10961,41.41774],[2.10812,41.41581]]]}},{"type":"Feature","properties":{"s":"st-carrer-de-can-bruixa"},"geometry":{"type":"MultiLineString","coordinates":[[[2.13373,41.3844],[2.1311,41.38368],[2.13017,41.3834]],[[2.13003,41.38364],[2.12973,41.38344]]]}},{"type":"Feature","properties":{"s":"st-cami-de-can-castellvi"},"geometry":{"type":"MultiLineString","coordinates":[[[2.08522,41.42234],[2.08508,41.42034],[2.08201,41.42031],[2.08316,41.41882],[2.08006,41.41566]]]}},{"type":"Feature","properties":{"s":"st-carrer-de-can-caralleu"},"geometry":{"type":"MultiLineString","coordinates":[[[2.11395,41.39987],[2.11422,41.4013],[2.11514,41.40247],[2.11542,41.40305],[2.11557,41.40378]]]}},{"type":"Feature","properties":{"s":"st-carrer-de-can-clos"},"geometry":{"type":"MultiLineString","coordinates":[[[2.14661,41.36154],[2.14675,41.36143],[2.14736,41.36097],[2.14752,41.36079]]]}},{"type":"Feature","properties":{"s":"st-cami-de-can-clos"},"geometry":{"type":"MultiLineString","coordinates":[[[2.14504,41.35938],[2.1461,41.36028]]]}},{"type":"Feature","properties":{"s":"st-cami-del-mas-sauro"},"geometry":{"type":"MultiLineString","coordinates":[[[2.09647,41.41709],[2.09622,41.41751],[2.09392,41.41698]],[[2.09647,41.41709],[2.09515,41.41594],[2.09267,41.41568],[2.09221,41.41552]],[[2.09647,41.41709],[2.09616,41.41637]]]}},{"type":"Feature","properties":{"s":"st-carrer-de-canaan"},"geometry":{"type":"MultiLineString","coordinates":[[[2.14005,41.42024],[2.13885,41.42057]]]}},{"type":"Feature","properties":{"s":"st-carrer-de-canalejas"},"geometry":{"type":"MultiLineString","coordinates":[[[2.13323,41.37399],[2.13202,41.37366],[2.12958,41.3726],[2.12733,41.3716]]]}},{"type":"Feature","properties":{"s":"st-carrer-de-les-canaries"},"geometry":{"type":"MultiLineString","coordinates":[[[2.12572,41.40581],[2.1239,41.40485]]]}},{"type":"Feature","properties":{"s":"st-carrer-de-la-canco"},"geometry":{"type":"MultiLineString","coordinates":[[[2.14269,41.43317],[2.14306,41.43396]]]}},{"type":"Feature","properties":{"s":"st-carrer-de-les-candeles"},"geometry":{"type":"MultiLineString","coordinates":[[[2.17955,41.3848],[2.17955,41.38508]]]}},{"type":"Feature","properties":{"s":"st-carrer-de-canet"},"geometry":{"type":"MultiLineString","coordinates":[[[2.12238,41.39823],[2.1239,41.3989]]]}},{"type":"Feature","properties":{"s":"st-passatge-de-canet"},"geometry":{"type":"MultiLineString","coordinates":[[[2.12412,41.39867],[2.12357,41.3984]]]}},{"type":"Feature","properties":{"s":"st-carrer-de-canfranc"},"geometry":{"type":"MultiLineString","coordinates":[[[2.16755,41.43201],[2.1673,41.43153],[2.16687,41.43045]]]}},{"type":"Feature","properties":{"s":"st-carrer-del-canigo"},"geometry":{"type":"MultiLineString","coordinates":[[[2.16335,41.4338],[2.16014,41.43562],[2.15648,41.43774],[2.15542,41.43886]]]}},{"type":"Feature","properties":{"s":"st-carrer-del-canonge-almera"},"geometry":{"type":"MultiLineString","coordinates":[[[2.16248,41.42397],[2.16243,41.42497],[2.16244,41.42628]]]}},{"type":"Feature","properties":{"s":"st-placa-del-canonge-colom"},"geometry":{"type":"MultiLineString","coordinates":[[[2.1708,41.38056],[2.17082,41.38081]]]}},{"type":"Feature","properties":{"s":"st-carrer-del-canonge-pibernat"},"geometry":{"type":"MultiLineString","coordinates":[[[2.13015,41.37642],[2.12854,41.37615]]]}},{"type":"Feature","properties":{"s":"st-placa-del-canonge-rodo"},"geometry":{"type":"MultiLineString","coordinates":[[[2.18787,41.40939],[2.18789,41.41006],[2.1885,41.40988]]]}},{"type":"Feature","properties":{"s":"st-baixada-de-la-canonja"},"geometry":{"type":"MultiLineString","coordinates":[[[2.17653,41.38471],[2.17631,41.38442]]]}},{"type":"Feature","properties":{"s":"st-carrer-de-canovelles"},"geometry":{"type":"MultiLineString","coordinates":[[[2.13409,41.42778],[2.13426,41.42805],[2.13381,41.42895],[2.13374,41.42963]]]}},{"type":"Feature","properties":{"s":"st-carrer-de-canoves"},"geometry":{"type":"MultiLineString","coordinates":[[[2.1353,41.42692],[2.12854,41.42922],[2.12868,41.42928],[2.12967,41.42909]]]}},{"type":"Feature","properties":{"s":"st-carrer-de-cantabria"},"geometry":{"type":"MultiLineString","coordinates":[[[2.20507,41.41697],[2.2015,41.41966],[2.20034,41.42048],[2.19926,41.42135],[2.19877,41.42179],[2.19843,41.42256],[2.19879,41.42361]],[[2.19879,41.42361],[2.19975,41.42476],[2.20019,41.42526]],[[2.19879,41.42361],[2.19824,41.42401]]]}},{"type":"Feature","properties":{"s":"st-carrer-de-la-cantera"},"geometry":{"type":"MultiLineString","coordinates":[[[2.17486,41.4485],[2.175,41.44911],[2.17536,41.44894],[2.17647,41.44892],[2.17747,41.44984]]]}},{"type":"Feature","properties":{"s":"st-carrer-de-la-pedrera-del-mussol"},"geometry":{"type":"MultiLineString","coordinates":[[[2.14504,41.35938],[2.1461,41.36028],[2.14752,41.36079],[2.1479,41.36141],[2.14752,41.36249]]]}},{"type":"Feature","properties":{"s":"st-carrer-de-les-pedreres"},"geometry":{"type":"MultiLineString","coordinates":[[[2.15963,41.3734],[2.15863,41.37218]]]}},{"type":"Feature","properties":{"s":"st-passatge-de-canti"},"geometry":{"type":"MultiLineString","coordinates":[[[2.20019,41.40188],[2.20107,41.40263]]]}},{"type":"Feature","properties":{"s":"st-carrer-de-la-canuda"},"geometry":{"type":"MultiLineString","coordinates":[[[2.17369,41.38514],[2.17297,41.38488],[2.17284,41.38484],[2.17237,41.38475],[2.17179,41.38468]]]}},{"type":"Feature","properties":{"s":"st-carrer-de-canyameres"},"geometry":{"type":"MultiLineString","coordinates":[[[2.17957,41.4434],[2.17841,41.4421]]]}},{"type":"Feature","properties":{"s":"st-carrer-de-canyelles"},"geometry":{"type":"MultiLineString","coordinates":[[[2.12126,41.39648],[2.12096,41.3968]]]}},{"type":"Feature","properties":{"s":"st-carrer-del-cano"},"geometry":{"type":"MultiLineString","coordinates":[[[2.15707,41.40162],[2.15756,41.40117]]]}},{"type":"Feature","properties":{"s":"st-carrer-del-cap-de-guaita"},"geometry":{"type":"MultiLineString","coordinates":[[[2.14624,41.37464],[2.14595,41.37519]]]}},{"type":"Feature","properties":{"s":"st-carrer-del-cap-del-mon"},"geometry":{"type":"MultiLineString","coordinates":[[[2.18159,41.38314],[2.18136,41.38294]]]}},{"type":"Feature","properties":{"s":"st-passatge-de-capdevila"},"geometry":{"type":"MultiLineString","coordinates":[[[2.15978,41.42831],[2.16015,41.42774]]]}},{"type":"Feature","properties":{"s":"st-carrer-de-capella"},"geometry":{"type":"MultiLineString","coordinates":[[[2.182,41.41727],[2.18091,41.41649]]]}},{"type":"Feature","properties":{"s":"st-carrer-de-capellades"},"geometry":{"type":"MultiLineString","coordinates":[[[2.1408,41.41876],[2.14267,41.41829]]]}},{"type":"Feature","properties":{"s":"st-carrer-dels-capellans"},"geometry":{"type":"MultiLineString","coordinates":[[[2.17449,41.38531],[2.17466,41.38508],[2.17493,41.38488],[2.17517,41.38441]],[[2.17449,41.38531],[2.17433,41.38553]],[[2.17449,41.38531],[2.17382,41.38499]]]}},{"type":"Feature","properties":{"s":"st-carrer-de-la-capella-de-can-caralleu"},"geometry":{"type":"MultiLineString","coordinates":[[[2.11004,41.40228],[2.10948,41.40195],[2.10841,41.40209],[2.10744,41.40227],[2.10798,41.40231],[2.10839,41.40268],[2.10861,41.40285]]]}},{"type":"Feature","properties":{"s":"st-carrer-del-capita-arenas"},"geometry":{"type":"MultiLineString","coordinates":[[[2.12683,41.38862],[2.12621,41.38997],[2.12587,41.39077],[2.12507,41.39256],[2.1248,41.39347],[2.12455,41.39438]]]}},{"type":"Feature","properties":{"s":"st-avinguda-d-icaria"},"geometry":{"type":"MultiLineString","coordinates":[[[2.19251,41.38717],[2.19346,41.38814],[2.19424,41.38883]],[[2.20115,41.39482],[2.19884,41.3928],[2.19781,41.39186],[2.19661,41.39088],[2.19554,41.38997],[2.19452,41.38906]]]}},{"type":"Feature","properties":{"s":"st-carrer-de-bosch-i-gimpera"},"geometry":{"type":"MultiLineString","coordinates":[[[2.11686,41.39171],[2.11756,41.3922],[2.11847,41.3937],[2.11767,41.39522],[2.11667,41.39553],[2.11579,41.39578],[2.11483,41.39631]]]}},{"type":"Feature","properties":{"s":"st-carrer-de-la-riera-de-tena"},"geometry":{"type":"MultiLineString","coordinates":[[[2.13328,41.37335],[2.13359,41.37217],[2.13362,41.37118],[2.13403,41.37001]]]}},{"type":"Feature","properties":{"s":"st-carrer-dels-caponata"},"geometry":{"type":"MultiLineString","coordinates":[[[2.1229,41.39631],[2.1204,41.39494]]]}},{"type":"Feature","properties":{"s":"st-carrer-de-capcanes"},"geometry":{"type":"MultiLineString","coordinates":[[[2.17894,41.45212],[2.18428,41.45449]]]}},{"type":"Feature","properties":{"s":"st-carrer-de-capsec"},"geometry":{"type":"MultiLineString","coordinates":[[[2.16369,41.43491],[2.16388,41.4354],[2.16411,41.43591]]]}},{"type":"Feature","properties":{"s":"st-carrer-del-capcir"},"geometry":{"type":"MultiLineString","coordinates":[[[2.15096,41.42741],[2.15087,41.42619]]]}},{"type":"Feature","properties":{"s":"st-carrer-de-les-caputxes"},"geometry":{"type":"MultiLineString","coordinates":[[[2.18192,41.38311],[2.18184,41.38318]],[[2.18147,41.38342],[2.18171,41.38326],[2.18178,41.38334]]]}},{"type":"Feature","properties":{"s":"st-carrer-d-en-carabassa"},"geometry":{"type":"MultiLineString","coordinates":[[[2.17949,41.37974],[2.17816,41.38028],[2.17773,41.38047]]]}},{"type":"Feature","properties":{"s":"st-carrer-de-la-caravella-la-nina"},"geometry":{"type":"MultiLineString","coordinates":[[[2.13409,41.39002],[2.13176,41.39231]]]}},{"type":"Feature","properties":{"s":"st-carrer-de-la-caravella-la-pinta"},"geometry":{"type":"MultiLineString","coordinates":[[[2.13271,41.39137],[2.13391,41.39198]]]}},{"type":"Feature","properties":{"s":"st-carrer-de-caracas"},"geometry":{"type":"MultiLineString","coordinates":[[[2.20366,41.43965],[2.2034,41.44078],[2.20309,41.44194],[2.2028,41.44314],[2.20183,41.44631],[2.2014,41.4468],[2.20119,41.44719],[2.20102,41.44743]]]}},{"type":"Feature","properties":{"s":"st-torrent-de-can-caralleu"},"geometry":{"type":"MultiLineString","coordinates":[[[2.1109,41.40207],[2.10996,41.40302],[2.10979,41.40336],[2.10885,41.40415]]]}},{"type":"Feature","properties":{"s":"st-carrer-de-la-carassa"},"geometry":{"type":"MultiLineString","coordinates":[[[2.18023,41.38449],[2.17999,41.38467]]]}},{"type":"Feature","properties":{"s":"st-carrer-de-carbonell"},"geometry":{"type":"MultiLineString","coordinates":[[[2.18765,41.38144],[2.18716,41.38263]]]}},{"type":"Feature","properties":{"s":"st-passatge-de-carbonell"},"geometry":{"type":"MultiLineString","coordinates":[[[2.18799,41.38152],[2.18779,41.38205]]]}},{"type":"Feature","properties":{"s":"st-carrer-de-carcassona"},"geometry":{"type":"MultiLineString","coordinates":[[[2.21139,41.42001],[2.21254,41.41914]]]}},{"type":"Feature","properties":{"s":"st-carrer-de-cardedeu"},"geometry":{"type":"MultiLineString","coordinates":[[[2.14398,41.42015],[2.14403,41.41751],[2.14422,41.41655],[2.14536,41.41498]]]}},{"type":"Feature","properties":{"s":"st-passatge-de-cardedeu"},"geometry":{"type":"MultiLineString","coordinates":[[[2.14496,41.41474],[2.14248,41.4173]]]}},{"type":"Feature","properties":{"s":"st-carrer-del-cardenal-casanas"},"geometry":{"type":"MultiLineString","coordinates":[[[2.17344,41.38137],[2.17341,41.38183],[2.17345,41.38197],[2.17368,41.38226]]]}},{"type":"Feature","properties":{"s":"st-placa-del-cardenal-cicognani"},"geometry":{"type":"MultiLineString","coordinates":[[[2.18295,41.42472],[2.18322,41.4247],[2.18295,41.42472]]]}},{"type":"Feature","properties":{"s":"st-carrer-del-cardenal-cisneros"},"geometry":{"type":"MultiLineString","coordinates":[[[2.18652,41.43515],[2.18518,41.43524]]]}},{"type":"Feature","properties":{"s":"st-carrer-del-cardenal-reig"},"geometry":{"type":"MultiLineString","coordinates":[[[2.11947,41.37932],[2.11755,41.37868],[2.11625,41.37804],[2.11494,41.37736],[2.11385,41.37655],[2.11363,41.37598],[2.11363,41.3759]]]}},{"type":"Feature","properties":{"s":"st-carrer-del-cardenal-sentmenat"},"geometry":{"type":"MultiLineString","coordinates":[[[2.12495,41.39843],[2.12563,41.39772],[2.12669,41.39681]]]}},{"type":"Feature","properties":{"s":"st-carrer-del-cardenal-tedeschini"},"geometry":{"type":"MultiLineString","coordinates":[[[2.18623,41.42554],[2.18509,41.42546],[2.18419,41.42545],[2.18232,41.42552],[2.18128,41.42628],[2.18061,41.4268],[2.17921,41.42786]]]}},{"type":"Feature","properties":{"s":"st-carrer-del-cardenal-vives-i-tuto"},"geometry":{"type":"MultiLineString","coordinates":[[[2.11847,41.3937],[2.12043,41.39407],[2.12089,41.39427]],[[2.12106,41.39435],[2.12354,41.39571]]]}},{"type":"Feature","properties":{"s":"st-carrer-dels-carders"},"geometry":{"type":"MultiLineString","coordinates":[[[2.17984,41.38579],[2.17991,41.38591],[2.1801,41.38633],[2.18027,41.38681],[2.18046,41.38724],[2.18052,41.38761]]]}},{"type":"Feature","properties":{"s":"st-carrer-de-cardo"},"geometry":{"type":"MultiLineString","coordinates":[[[2.13218,41.37651],[2.13279,41.37665]]]}},{"type":"Feature","properties":{"s":"st-carrer-de-cardona"},"geometry":{"type":"MultiLineString","coordinates":[[[2.1651,41.3811],[2.16592,41.3812]]]}},{"type":"Feature","properties":{"s":"st-placa-de-cardona"},"geometry":{"type":"MultiLineString","coordinates":[[[2.14818,41.39813],[2.14843,41.39788]]]}},{"type":"Feature","properties":{"s":"st-carrer-del-cardener"},"geometry":{"type":"MultiLineString","coordinates":[[[2.15421,41.40856],[2.15661,41.40982],[2.15751,41.41028],[2.15818,41.4106]]]}},{"type":"Feature","properties":{"s":"st-carrer-de-cariteo"},"geometry":{"type":"MultiLineString","coordinates":[[[2.16035,41.37014],[2.16056,41.37072]]]}},{"type":"Feature","properties":{"s":"st-gran-via-de-carles-iii"},"geometry":{"type":"MultiLineString","coordinates":[[[2.12908,41.37936],[2.12883,41.38027],[2.12853,41.38109],[2.12831,41.38181],[2.1281,41.38238],[2.12766,41.38378],[2.12738,41.38473],[2.12725,41.38531],[2.12719,41.38572],[2.12701,41.38809]],[[2.12821,41.3884],[2.12763,41.38892],[2.12792,41.3898],[2.12815,41.39038],[2.12837,41.39074],[2.12864,41.39124],[2.12992,41.39251]]]}},{"type":"Feature","properties":{"s":"st-placa-de-carlos-ibanez"},"geometry":{"type":"MultiLineString","coordinates":[[[2.1701,41.37041],[2.17088,41.37056],[2.17077,41.37087],[2.17,41.37068],[2.1701,41.37041]]]}},{"type":"Feature","properties":{"s":"st-placa-de-vallvidrera"},"geometry":{"type":"MultiLineString","coordinates":[[[2.10471,41.4131],[2.10427,41.4128],[2.10471,41.4131]],[[2.10471,41.4131],[2.10484,41.41327]]]}},{"type":"Feature","properties":{"s":"st-carrer-de-carles-pirozzini"},"geometry":{"type":"MultiLineString","coordinates":[[[2.13573,41.41735],[2.13521,41.41696],[2.13421,41.41627]]]}},{"type":"Feature","properties":{"s":"st-passatge-de-carlota-de-mena"},"geometry":{"type":"MultiLineString","coordinates":[[[2.1979,41.39443],[2.19836,41.3941]]]}},{"type":"Feature","properties":{"s":"st-carretera-del-carmel"},"geometry":{"type":"MultiLineString","coordinates":[[[2.1573,41.41856],[2.15741,41.41825],[2.15876,41.41693],[2.15933,41.41663],[2.15706,41.41781],[2.15664,41.41669],[2.15521,41.41567]],[[2.15544,41.41502],[2.15483,41.41518],[2.15521,41.41567]],[[2.15544,41.41502],[2.15675,41.41574],[2.15783,41.41599]],[[2.15544,41.41502],[2.15521,41.41567]]]}},{"type":"Feature","properties":{"s":"st-rambla-del-carmel"},"geometry":{"type":"MultiLineString","coordinates":[[[2.15878,41.42377],[2.15803,41.42364]],[[2.15849,41.42158],[2.15818,41.42302],[2.15803,41.42364]],[[2.1572,41.42755],[2.15735,41.42682],[2.15775,41.42521],[2.15779,41.42473],[2.15803,41.42364]]]}},{"type":"Feature","properties":{"s":"st-torrent-del-carmel"},"geometry":{"type":"MultiLineString","coordinates":[[[2.15981,41.42495],[2.1601,41.42574],[2.16007,41.42639]]]}},{"type":"Feature","properties":{"s":"st-carrer-del-carme"},"geometry":{"type":"MultiLineString","coordinates":[[[2.17172,41.38301],[2.17129,41.3828],[2.16952,41.38187],[2.16872,41.38142],[2.16825,41.38113],[2.16772,41.38076],[2.16731,41.38041],[2.1667,41.37999],[2.1662,41.37968]]]}},{"type":"Feature","properties":{"s":"st-placa-del-carme"},"geometry":{"type":"MultiLineString","coordinates":[[[2.14025,41.38847],[2.14022,41.38864],[2.14,41.38861],[2.14002,41.38845],[2.14025,41.38847]]]}},{"type":"Feature","properties":{"s":"st-carrer-de-carme-karr"},"geometry":{"type":"MultiLineString","coordinates":[[[2.12105,41.39814],[2.12039,41.39878]],[[2.11997,41.39936],[2.12031,41.39902]]]}},{"type":"Feature","properties":{"s":"st-carrer-del-castell-d-olorda"},"geometry":{"type":"MultiLineString","coordinates":[[[2.10519,41.3897],[2.10506,41.39058]]]}},{"type":"Feature","properties":{"s":"st-carrer-de-les-carolines"},"geometry":{"type":"MultiLineString","coordinates":[[[2.14996,41.40304],[2.15124,41.40361],[2.15192,41.40393]]]}},{"type":"Feature","properties":{"s":"st-carrero-de-les-carolines"},"geometry":{"type":"MultiLineString","coordinates":[[[2.15124,41.40361],[2.15104,41.40408]]]}},{"type":"Feature","properties":{"s":"st-carrer-de-carrenca"},"geometry":{"type":"MultiLineString","coordinates":[[[2.13126,41.40016],[2.13293,41.40089]]]}},{"type":"Feature","properties":{"s":"st-carrer-de-carrera"},"geometry":{"type":"MultiLineString","coordinates":[[[2.17406,41.37263],[2.17451,41.37356],[2.17507,41.37464]]]}},{"type":"Feature","properties":{"s":"st-carrer-de-carreras"},"geometry":{"type":"MultiLineString","coordinates":[[[2.10734,41.38828],[2.10906,41.38739]]]}},{"type":"Feature","properties":{"s":"st-passatge-de-carreras"},"geometry":{"type":"MultiLineString","coordinates":[[[2.18056,41.45838],[2.18174,41.45633]]]}},{"type":"Feature","properties":{"s":"st-carrer-de-carreras-i-candi"},"geometry":{"type":"MultiLineString","coordinates":[[[2.13058,41.37058],[2.129,41.37159],[2.12854,41.37214],[2.12692,41.37415],[2.12648,41.37478],[2.12626,41.37536],[2.12633,41.37559]]]}},{"type":"Feature","properties":{"s":"st-placa-del-carril"},"geometry":{"type":"MultiLineString","coordinates":[[[2.13014,41.39778],[2.13011,41.39802],[2.12988,41.39802],[2.12986,41.39778]]]}},{"type":"Feature","properties":{"s":"st-carrer-de-carroc"},"geometry":{"type":"MultiLineString","coordinates":[[[2.10439,41.40884],[2.10549,41.40832],[2.10693,41.40828],[2.10853,41.40914],[2.10965,41.40906],[2.11002,41.40877]]]}},{"type":"Feature","properties":{"s":"st-carrer-de-cartagena"},"geometry":{"type":"MultiLineString","coordinates":[[[2.17303,41.41218],[2.17243,41.41263],[2.17182,41.41306],[2.17006,41.41441],[2.16944,41.41491],[2.16938,41.41567]]]}},{"type":"Feature","properties":{"s":"st-carrer-de-cartago"},"geometry":{"type":"MultiLineString","coordinates":[[[2.14661,41.4152],[2.14689,41.41568]]]}},{"type":"Feature","properties":{"s":"st-carrer-de-cartella"},"geometry":{"type":"MultiLineString","coordinates":[[[2.1631,41.43046],[2.16409,41.43117]],[[2.17577,41.42684],[2.17406,41.42731],[2.17326,41.42755],[2.1728,41.42771],[2.1722,41.42781],[2.17158,41.428],[2.17082,41.42821],[2.16938,41.42852],[2.16811,41.42883],[2.16757,41.42901],[2.16706,41.4292],[2.16618,41.42961],[2.16531,41.43012],[2.16455,41.43058]]]}},{"type":"Feature","properties":{"s":"st-carrer-de-la-cartoixa"},"geometry":{"type":"MultiLineString","coordinates":[[[2.16335,41.36454],[2.16047,41.35971]]]}},{"type":"Feature","properties":{"s":"st-carrer-de-ca-l-alegre"},"geometry":{"type":"MultiLineString","coordinates":[[[2.14014,41.41659],[2.13972,41.4169],[2.13877,41.41758]]]}},{"type":"Feature","properties":{"s":"st-passeig-de-cantunis"},"geometry":{"type":"MultiLineString","coordinates":[[[2.15885,41.35207],[2.16161,41.35604]]]}},{"type":"Feature","properties":{"s":"st-avinguda-de-can-baro"},"geometry":{"type":"MultiLineString","coordinates":[[[2.16222,41.41647],[2.16094,41.41507]]]}},{"type":"Feature","properties":{"s":"st-placa-de-can-baro"},"geometry":{"type":"MultiLineString","coordinates":[[[2.16265,41.41633],[2.16286,41.41669],[2.16222,41.41647],[2.16203,41.41626],[2.16226,41.41622],[2.16265,41.41633]]]}},{"type":"Feature","properties":{"s":"st-cami-de-can-borni"},"geometry":{"type":"MultiLineString","coordinates":[[[2.12467,41.41631],[2.12537,41.41885],[2.12518,41.41904]],[[2.125,41.42118],[2.12283,41.42346]],[[2.125,41.42118],[2.12456,41.42074]],[[2.125,41.42118],[2.12441,41.41962]],[[2.12461,41.42546],[2.12368,41.42408],[2.1237,41.42652]]]}},{"type":"Feature","properties":{"s":"st-baixada-de-can-mateu"},"geometry":{"type":"MultiLineString","coordinates":[[[2.16043,41.42867],[2.16062,41.42838],[2.16136,41.42767],[2.16205,41.42721],[2.16283,41.42662]]]}},{"type":"Feature","properties":{"s":"st-carrer-de-can-mora"},"geometry":{"type":"MultiLineString","coordinates":[[[2.11409,41.39831],[2.11559,41.39833]]]}},{"type":"Feature","properties":{"s":"st-cami-de-cal-notari"},"geometry":{"type":"MultiLineString","coordinates":[[[2.1523,41.43792],[2.15177,41.43999],[2.14999,41.44307]],[[2.14964,41.4406],[2.14999,41.44307]],[[2.14999,41.44307],[2.15026,41.44347]]]}},{"type":"Feature","properties":{"s":"st-carrer-de-ca-n-oliva"},"geometry":{"type":"MultiLineString","coordinates":[[[2.2096,41.42051],[2.2084,41.42143],[2.20722,41.42214],[2.20431,41.42434],[2.20373,41.42475],[2.20128,41.42663]]]}},{"type":"Feature","properties":{"s":"st-passatge-de-ca-n-oliva"},"geometry":{"type":"MultiLineString","coordinates":[[[2.20486,41.42308],[2.20543,41.4235]]]}},{"type":"Feature","properties":{"s":"st-passatge-de-can-berdura"},"geometry":{"type":"MultiLineString","coordinates":[[[2.18176,41.42084],[2.18088,41.42093]]]}},{"type":"Feature","properties":{"s":"st-carrer-de-can-xirot"},"geometry":{"type":"MultiLineString","coordinates":[[[2.15572,41.41642],[2.15706,41.41781]]]}},{"type":"Feature","properties":{"s":"st-passatge-de-la-casablanca"},"geometry":{"type":"MultiLineString","coordinates":[[[2.14831,41.42028],[2.14951,41.42123]]]}},{"type":"Feature","properties":{"s":"st-carrer-de-casafranca"},"geometry":{"type":"MultiLineString","coordinates":[[[2.10454,41.41483],[2.10597,41.41668],[2.10812,41.41581],[2.1095,41.41642]]]}},{"type":"Feature","properties":{"s":"st-carrer-de-casals"},"geometry":{"type":"MultiLineString","coordinates":[[[2.17441,41.44112],[2.17592,41.4422]]]}},{"type":"Feature","properties":{"s":"st-carrer-de-casals-i-cubero"},"geometry":{"type":"MultiLineString","coordinates":[[[2.1736,41.44036],[2.17416,41.44062],[2.17471,41.4409],[2.17618,41.44198],[2.1771,41.44276],[2.17789,41.44345]]]}},{"type":"Feature","properties":{"s":"st-passatge-de-casamitjana"},"geometry":{"type":"MultiLineString","coordinates":[[[2.2068,41.40281],[2.2056,41.40361]]]}},{"type":"Feature","properties":{"s":"st-carrer-d-enric-casanovas"},"geometry":{"type":"MultiLineString","coordinates":[[[2.18103,41.44205],[2.17944,41.44083],[2.17871,41.44025],[2.17839,41.43993],[2.17788,41.43933]]]}},{"type":"Feature","properties":{"s":"st-passatge-de-casanovas"},"geometry":{"type":"MultiLineString","coordinates":[[[2.17101,41.41113],[2.17076,41.41137]]]}},{"type":"Feature","properties":{"s":"st-carrer-de-casas-i-amigo"},"geometry":{"type":"MultiLineString","coordinates":[[[2.17606,41.43521],[2.17902,41.43375]]]}},{"type":"Feature","properties":{"s":"st-carrer-de-les-cases-boada"},"geometry":{"type":"MultiLineString","coordinates":[[[2.18322,41.41696],[2.18354,41.41685]]]}},{"type":"Feature","properties":{"s":"st-passeig-de-jean-c-n-forestier"},"geometry":{"type":"MultiLineString","coordinates":[[[2.15498,41.3703],[2.15436,41.37011],[2.15082,41.36875]]]}},{"type":"Feature","properties":{"s":"st-carrer-de-les-casetes"},"geometry":{"type":"MultiLineString","coordinates":[[[2.10344,41.41238],[2.10247,41.41271]]]}},{"type":"Feature","properties":{"s":"st-baixada-de-cacador"},"geometry":{"type":"MultiLineString","coordinates":[[[2.17938,41.38305],[2.17875,41.38275]]]}},{"type":"Feature","properties":{"s":"st-carrer-de-castanys"},"geometry":{"type":"MultiLineString","coordinates":[[[2.20575,41.40021],[2.20452,41.40102]]]}},{"type":"Feature","properties":{"s":"st-carrer-de-castanyer"},"geometry":{"type":"MultiLineString","coordinates":[[[2.13977,41.40754],[2.13835,41.40728],[2.13685,41.40668],[2.13614,41.40593]]]}},{"type":"Feature","properties":{"s":"st-passeig-dels-castanyers"},"geometry":{"type":"MultiLineString","coordinates":[[[2.14963,41.43967],[2.14857,41.43885],[2.14758,41.43799]]]}},{"type":"Feature","properties":{"s":"st-carrer-de-castelladral"},"geometry":{"type":"MultiLineString","coordinates":[[[2.18532,41.46405],[2.18614,41.46439]]]}},{"type":"Feature","properties":{"s":"st-carrer-de-castellar"},"geometry":{"type":"MultiLineString","coordinates":[[[2.14871,41.44029],[2.14795,41.44073]]]}},{"type":"Feature","properties":{"s":"st-carrer-de-castellbell"},"geometry":{"type":"MultiLineString","coordinates":[[[2.18571,41.43189],[2.18574,41.43247]],[[2.18584,41.43303],[2.18599,41.43384],[2.18615,41.43458]]]}},{"type":"Feature","properties":{"s":"st-carrer-de-castellbisbal"},"geometry":{"type":"MultiLineString","coordinates":[[[2.14676,41.42121],[2.14542,41.42132],[2.14425,41.42133],[2.1432,41.42157]]]}},{"type":"Feature","properties":{"s":"st-carrer-de-castelldefels"},"geometry":{"type":"MultiLineString","coordinates":[[[2.17677,41.45339],[2.17701,41.45353],[2.17848,41.45601],[2.18017,41.45763],[2.18056,41.45838],[2.18082,41.45887],[2.18195,41.45988]]]}},{"type":"Feature","properties":{"s":"st-carrer-de-castellet"},"geometry":{"type":"MultiLineString","coordinates":[[[2.11166,41.39385],[2.10988,41.39509]]]}},{"type":"Feature","properties":{"s":"st-carrer-de-castellfollit"},"geometry":{"type":"MultiLineString","coordinates":[[[2.17613,41.45443],[2.17644,41.45588],[2.17582,41.45573]],[[2.17388,41.45514],[2.17582,41.45573]],[[2.17582,41.45573],[2.1749,41.45575]]]}},{"type":"Feature","properties":{"s":"st-carrer-de-castellnou"},"geometry":{"type":"MultiLineString","coordinates":[[[2.1285,41.39667],[2.1304,41.39499],[2.13149,41.39406]],[[2.12806,41.39703],[2.12762,41.39741]]]}},{"type":"Feature","properties":{"s":"st-carrer-de-castello"},"geometry":{"type":"MultiLineString","coordinates":[[[2.14048,41.3993],[2.14051,41.39885]]]}},{"type":"Feature","properties":{"s":"st-placa-de-castello"},"geometry":{"type":"MultiLineString","coordinates":[[[2.14039,41.3984],[2.14014,41.3986],[2.14051,41.39885],[2.14072,41.39869],[2.14039,41.3984]]]}},{"type":"Feature","properties":{"s":"st-passeig-de-la-vimetera"},"geometry":{"type":"MultiLineString","coordinates":[[[2.08925,41.42249],[2.08908,41.42284],[2.08859,41.42281],[2.0878,41.42311],[2.0894,41.42361],[2.08952,41.42364],[2.08989,41.42344],[2.09048,41.42435],[2.09044,41.42452]]]}},{"type":"Feature","properties":{"s":"st-carrer-castells"},"geometry":{"type":"MultiLineString","coordinates":[[[2.13913,41.38768],[2.13955,41.38726]]]}},{"type":"Feature","properties":{"s":"st-carrer-de-castelltercol"},"geometry":{"type":"MultiLineString","coordinates":[[[2.14403,41.41751],[2.14571,41.41673],[2.14782,41.41821]]]}},{"type":"Feature","properties":{"s":"st-carrer-de-castellvi"},"geometry":{"type":"MultiLineString","coordinates":[[[2.17355,41.45407],[2.17237,41.4543],[2.17169,41.45378]]]}},{"type":"Feature","properties":{"s":"st-carrer-de-casteras"},"geometry":{"type":"MultiLineString","coordinates":[[[2.13081,41.37456],[2.13029,41.37435],[2.12874,41.37362]]]}},{"type":"Feature","properties":{"s":"st-carrer-de-castella"},"geometry":{"type":"MultiLineString","coordinates":[[[2.195,41.40757],[2.19612,41.40668],[2.19735,41.40591],[2.19912,41.40451]]]}},{"type":"Feature","properties":{"s":"st-carrer-de-los-castillejos"},"geometry":{"type":"MultiLineString","coordinates":[[[2.17191,41.41135],[2.17133,41.41182],[2.17075,41.41226],[2.16857,41.41389],[2.16818,41.41431],[2.16728,41.41545]]]}},{"type":"Feature","properties":{"s":"st-carrer-del-castor"},"geometry":{"type":"MultiLineString","coordinates":[[[2.17264,41.43972],[2.17021,41.44213],[2.16972,41.44277]]]}},{"type":"Feature","properties":{"s":"st-placa-catalana"},"geometry":{"type":"MultiLineString","coordinates":[[[2.17315,41.42162],[2.17306,41.42187],[2.17288,41.4219],[2.17271,41.42179],[2.17293,41.4215],[2.17315,41.42162]]]}},{"type":"Feature","properties":{"s":"st-passatge-de-catalunya"},"geometry":{"type":"MultiLineString","coordinates":[[[2.18006,41.41247],[2.17912,41.4132]]]}},{"type":"Feature","properties":{"s":"st-carrer-de-catania"},"geometry":{"type":"MultiLineString","coordinates":[[[2.21638,41.41772],[2.21755,41.41682]]]}},{"type":"Feature","properties":{"s":"st-carrer-de-catasus"},"geometry":{"type":"MultiLineString","coordinates":[[[2.17783,41.44702],[2.1778,41.44567]]]}},{"type":"Feature","properties":{"s":"st-avinguda-de-la-catedral"},"geometry":{"type":"MultiLineString","coordinates":[[[2.17529,41.3841],[2.17633,41.38488],[2.17696,41.3853],[2.17657,41.38534],[2.17595,41.385],[2.17517,41.38441]]]}},{"type":"Feature","properties":{"s":"st-carrer-de-cabanelles"},"geometry":{"type":"MultiLineString","coordinates":[[[2.16504,41.43571],[2.16466,41.43469]]]}},{"type":"Feature","properties":{"s":"st-rambla-del-cacador"},"geometry":{"type":"MultiLineString","coordinates":[[[2.16657,41.44156],[2.16695,41.44096],[2.17061,41.44038],[2.17264,41.43972],[2.17438,41.43852]]]}},{"type":"Feature","properties":{"s":"st-passatge-de-l-ordi"},"geometry":{"type":"MultiLineString","coordinates":[[[2.17907,41.42553],[2.1788,41.42464]]]}},{"type":"Feature","properties":{"s":"st-carrer-de-celra"},"geometry":{"type":"MultiLineString","coordinates":[[[2.16849,41.43455],[2.16917,41.43436]]]}},{"type":"Feature","properties":{"s":"st-cami-del-cementiri-de-sant-gervasi"},"geometry":{"type":"MultiLineString","coordinates":[[[2.12557,41.41179],[2.12624,41.411],[2.12564,41.41065]]]}},{"type":"Feature","properties":{"s":"st-placa-del-cementiri-d-horta"},"geometry":{"type":"MultiLineString","coordinates":[[[2.15625,41.43995],[2.15589,41.44018]]]}},{"type":"Feature","properties":{"s":"st-cami-del-cementiri-de-sarria"},"geometry":{"type":"MultiLineString","coordinates":[[[2.127,41.4006],[2.12869,41.4004]]]}},{"type":"Feature","properties":{"s":"st-carrer-de-carmen-amaya"},"geometry":{"type":"MultiLineString","coordinates":[[[2.20186,41.39371],[2.20513,41.3964]]]}},{"type":"Feature","properties":{"s":"st-passatge-de-rere-el-cementiri-vell"},"geometry":{"type":"MultiLineString","coordinates":[[[2.20341,41.3976],[2.20382,41.39716],[2.20415,41.39695],[2.20513,41.3964]]]}},{"type":"Feature","properties":{"s":"st-placa-de-la-central"},"geometry":{"type":"MultiLineString","coordinates":[[[2.13268,41.4141],[2.13245,41.41407]]]}},{"type":"Feature","properties":{"s":"st-carrer-del-centre"},"geometry":{"type":"MultiLineString","coordinates":[[[2.17586,41.42101],[2.17478,41.42037]]]}},{"type":"Feature","properties":{"s":"st-placa-del-centre"},"geometry":{"type":"MultiLineString","coordinates":[[[2.13549,41.38177],[2.13566,41.3815],[2.13645,41.38181],[2.13626,41.38206]],[[2.13549,41.38177],[2.13531,41.38204],[2.13609,41.38233],[2.13626,41.38206]],[[2.13549,41.38177],[2.13626,41.38206]]]}},{"type":"Feature","properties":{"s":"st-carrer-de-la-cera"},"geometry":{"type":"MultiLineString","coordinates":[[[2.16709,41.37954],[2.16683,41.37931],[2.16584,41.3787]]]}},{"type":"Feature","properties":{"s":"st-carrer-de-la-ceramica"},"geometry":{"type":"MultiLineString","coordinates":[[[2.14075,41.43167],[2.14027,41.43309]]]}},{"type":"Feature","properties":{"s":"st-carrer-del-clos-de-sant-francesc"},"geometry":{"type":"MultiLineString","coordinates":[[[2.12223,41.3977],[2.12037,41.39956]]]}},{"type":"Feature","properties":{"s":"st-carrer-de-cerda"},"geometry":{"type":"MultiLineString","coordinates":[[[2.1888,41.4354],[2.18883,41.43563]]]}},{"type":"Feature","properties":{"s":"st-carrer-de-sardenya"},"geometry":{"type":"MultiLineString","coordinates":[[[2.16713,41.40809],[2.16429,41.41024],[2.16394,41.41049],[2.16202,41.41265],[2.16124,41.41356]],[[2.18687,41.39313],[2.18799,41.3923],[2.1891,41.39144],[2.19036,41.39049]]]}},{"type":"Feature","properties":{"s":"st-carrer-dels-cirerers"},"geometry":{"type":"MultiLineString","coordinates":[[[2.10572,41.39581],[2.10429,41.39646]]]}},{"type":"Feature","properties":{"s":"st-carrer-de-cerignola"},"geometry":{"type":"MultiLineString","coordinates":[[[2.1332,41.40166],[2.13383,41.40195],[2.13468,41.40246]]]}},{"type":"Feature","properties":{"s":"st-carrer-de-cermeno"},"geometry":{"type":"MultiLineString","coordinates":[[[2.19009,41.38199],[2.19024,41.38203],[2.19058,41.38117]]]}},{"type":"Feature","properties":{"s":"st-carrer-del-turo-de-la-trinitat"},"geometry":{"type":"MultiLineString","coordinates":[[[2.18972,41.4487],[2.19028,41.45009],[2.19141,41.45275],[2.19172,41.45321]]]}},{"type":"Feature","properties":{"s":"st-placa-del-turo-de-la-trinitat"},"geometry":{"type":"MultiLineString","coordinates":[[[2.19214,41.45441],[2.1925,41.45461]]]}},{"type":"Feature","properties":{"s":"st-carrer-de-cervantes"},"geometry":{"type":"MultiLineString","coordinates":[[[2.17723,41.38092],[2.17759,41.38141]]]}},{"type":"Feature","properties":{"s":"st-carrer-de-cervello"},"geometry":{"type":"MultiLineString","coordinates":[[[2.17507,41.37709],[2.17479,41.37635]]]}},{"type":"Feature","properties":{"s":"st-carrer-de-cervera"},"geometry":{"type":"MultiLineString","coordinates":[[[2.19247,41.43269],[2.19301,41.43273]]]}},{"type":"Feature","properties":{"s":"st-carrer-de-cesare-cantu"},"geometry":{"type":"MultiLineString","coordinates":[[[2.13972,41.4169],[2.14007,41.41717]]]}},{"type":"Feature","properties":{"s":"st-carrer-de-ceuta"},"geometry":{"type":"MultiLineString","coordinates":[[[2.15171,41.41835],[2.15178,41.41904],[2.15169,41.4198],[2.15178,41.42017]]]}},{"type":"Feature","properties":{"s":"st-passatge-de-ceuta"},"geometry":{"type":"MultiLineString","coordinates":[[[2.15243,41.41897],[2.15178,41.41904]]]}},{"type":"Feature","properties":{"s":"st-carrer-de-cicero"},"geometry":{"type":"MultiLineString","coordinates":[[[2.13742,41.37637],[2.13835,41.37637]]]}},{"type":"Feature","properties":{"s":"st-carrer-del-cid"},"geometry":{"type":"MultiLineString","coordinates":[[[2.17412,41.37649],[2.17387,41.37566],[2.17365,41.37499]]]}},{"type":"Feature","properties":{"s":"st-carrer-dels-cecs-de-la-boqueria"},"geometry":{"type":"MultiLineString","coordinates":[[[2.17483,41.38164],[2.17469,41.3819],[2.17453,41.38206]]]}},{"type":"Feature","properties":{"s":"st-carrer-dels-cecs-de-sant-cugat"},"geometry":{"type":"MultiLineString","coordinates":[[[2.18016,41.3865],[2.18032,41.38644],[2.18092,41.38609]]]}},{"type":"Feature","properties":{"s":"st-carrer-de-les-ciencies"},"geometry":{"type":"MultiLineString","coordinates":[[[2.15878,41.42377],[2.1586,41.42453],[2.15837,41.42556],[2.15796,41.42765]]]}},{"type":"Feature","properties":{"s":"st-carrer-de-cienfuegos"},"geometry":{"type":"MultiLineString","coordinates":[[[2.18574,41.42388],[2.18499,41.42397],[2.1841,41.42405],[2.18326,41.42414],[2.18211,41.42432]]]}},{"type":"Feature","properties":{"s":"st-carrer-de-cifuentes"},"geometry":{"type":"MultiLineString","coordinates":[[[2.15651,41.42452],[2.15605,41.42501]]]}},{"type":"Feature","properties":{"s":"st-passeig-del-cimal"},"geometry":{"type":"MultiLineString","coordinates":[[[2.18041,41.46725],[2.18075,41.46768],[2.18353,41.46824]]]}},{"type":"Feature","properties":{"s":"st-carrer-del-cinca"},"geometry":{"type":"MultiLineString","coordinates":[[[2.19218,41.43483],[2.19203,41.43527],[2.19224,41.43599],[2.19238,41.43678],[2.19221,41.43769],[2.19216,41.43815],[2.19206,41.43992],[2.19189,41.4422]]]}},{"type":"Feature","properties":{"s":"st-carrer-del-cisell"},"geometry":{"type":"MultiLineString","coordinates":[[[2.142,41.35327],[2.14334,41.3542],[2.14518,41.35477],[2.14633,41.35543]]]}},{"type":"Feature","properties":{"s":"st-carrer-del-torrent-de-les-roses"},"geometry":{"type":"MultiLineString","coordinates":[[[2.10558,41.38876],[2.10532,41.38939],[2.10515,41.3895],[2.10495,41.38954],[2.1043,41.38913],[2.10341,41.38849],[2.10366,41.38959],[2.10418,41.39048]]]}},{"type":"Feature","properties":{"s":"st-passatge-de-les-cinc-torres"},"geometry":{"type":"MultiLineString","coordinates":[[[2.13913,41.39037],[2.13941,41.3901]]]}},{"type":"Feature","properties":{"s":"st-carrer-del-xiprer"},"geometry":{"type":"MultiLineString","coordinates":[[[2.17797,41.41636],[2.17868,41.41753],[2.17917,41.41836],[2.18054,41.41864]]]}},{"type":"Feature","properties":{"s":"st-carrer-de-circumvallacio"},"geometry":{"type":"MultiLineString","coordinates":[[[2.11829,41.40711],[2.11855,41.40739],[2.11895,41.40751],[2.11958,41.40789],[2.12019,41.4086],[2.12066,41.40871],[2.12048,41.40903]]]}},{"type":"Feature","properties":{"s":"st-passeig-de-circumvallacio"},"geometry":{"type":"MultiLineString","coordinates":[[[2.18585,41.38559],[2.19251,41.38717]]]}},{"type":"Feature","properties":{"s":"st-carrer-de-la-cirera"},"geometry":{"type":"MultiLineString","coordinates":[[[2.18215,41.38536],[2.18179,41.38506]]]}},{"type":"Feature","properties":{"s":"st-carrer-del-cigne"},"geometry":{"type":"MultiLineString","coordinates":[[[2.15433,41.40082],[2.15346,41.40024]]]}},{"type":"Feature","properties":{"s":"st-carrer-de-cisquer"},"geometry":{"type":"MultiLineString","coordinates":[[[2.14243,41.35182],[2.14126,41.35267]]]}},{"type":"Feature","properties":{"s":"st-carrer-del-cistellet"},"geometry":{"type":"MultiLineString","coordinates":[[[2.1659,41.43584],[2.16556,41.43501],[2.16518,41.43414]]]}},{"type":"Feature","properties":{"s":"st-carrer-del-cister"},"geometry":{"type":"MultiLineString","coordinates":[[[2.13555,41.40979],[2.13378,41.41078],[2.13234,41.41151],[2.12993,41.41286]]]}},{"type":"Feature","properties":{"s":"st-carrer-de-la-ciutat"},"geometry":{"type":"MultiLineString","coordinates":[[[2.17727,41.38275],[2.17825,41.38198],[2.17866,41.38174]]]}},{"type":"Feature","properties":{"s":"st-carrer-de-la-ciutat-d-asuncion"},"geometry":{"type":"MultiLineString","coordinates":[[[2.19816,41.44793],[2.19814,41.44687],[2.19833,41.44649],[2.19876,41.4458],[2.19928,41.44504],[2.19973,41.44281],[2.2006,41.43797],[2.20107,41.43572],[2.20148,41.43417]]]}},{"type":"Feature","properties":{"s":"st-carrer-de-la-ciutat-de-balaguer"},"geometry":{"type":"MultiLineString","coordinates":[[[2.13697,41.40191],[2.13635,41.40246],[2.13575,41.403],[2.13517,41.4035],[2.13308,41.40539]]]}},{"type":"Feature","properties":{"s":"st-carrer-de-la-ciutat-d-elx"},"geometry":{"type":"MultiLineString","coordinates":[[[2.18964,41.42003],[2.19036,41.42134],[2.19114,41.4221]]]}},{"type":"Feature","properties":{"s":"st-carrer-de-ciudad-real"},"geometry":{"type":"MultiLineString","coordinates":[[[2.16015,41.40279],[2.15896,41.40387]]]}},{"type":"Feature","properties":{"s":"st-passatge-dels-ciutadans"},"geometry":{"type":"MultiLineString","coordinates":[[[2.2045,41.40457],[2.20375,41.40514]]]}},{"type":"Feature","properties":{"s":"st-carrer-de-ciutadella"},"geometry":{"type":"MultiLineString","coordinates":[[[2.15608,41.43177],[2.15546,41.43178],[2.15551,41.43136]]]}},{"type":"Feature","properties":{"s":"st-placa-de-ciutadella"},"geometry":{"type":"MultiLineString","coordinates":[[[2.15551,41.43136],[2.15546,41.43178]]]}},{"type":"Feature","properties":{"s":"st-carrer-de-siurana"},"geometry":{"type":"MultiLineString","coordinates":[[[2.13316,41.42212],[2.13226,41.42172]]]}},{"type":"Feature","properties":{"s":"st-carrer-del-civader"},"geometry":{"type":"MultiLineString","coordinates":[[[2.17949,41.38441],[2.17914,41.38469]]]}},{"type":"Feature","properties":{"s":"st-carrer-de-clara"},"geometry":{"type":"MultiLineString","coordinates":[[[2.19969,41.44615],[2.19904,41.4472]]]}},{"type":"Feature","properties":{"s":"st-carrer-de-clara-ayats"},"geometry":{"type":"MultiLineString","coordinates":[[[2.14207,41.43254],[2.14171,41.43172],[2.14128,41.43083]]]}},{"type":"Feature","properties":{"s":"st-carrer-de-claramunt"},"geometry":{"type":"MultiLineString","coordinates":[[[2.20853,41.43731],[2.20678,41.4371],[2.20507,41.43687],[2.20323,41.43664]]]}},{"type":"Feature","properties":{"s":"st-carrer-de-claravall"},"geometry":{"type":"MultiLineString","coordinates":[[[2.13135,41.41123],[2.13144,41.41201]]]}},{"type":"Feature","properties":{"s":"st-carrer-de-clariana"},"geometry":{"type":"MultiLineString","coordinates":[[[2.19833,41.44649],[2.20185,41.44773]]]}},{"type":"Feature","properties":{"s":"st-passeig-de-claudi-guell"},"geometry":{"type":"MultiLineString","coordinates":[[[2.12039,41.39095],[2.12206,41.39188]]]}},{"type":"Feature","properties":{"s":"st-carrer-de-claudi-sabadell"},"geometry":{"type":"MultiLineString","coordinates":[[[2.14311,41.41149],[2.1427,41.41082]]]}},{"type":"Feature","properties":{"s":"st-carrer-del-clavell"},"geometry":{"type":"MultiLineString","coordinates":[[[2.15631,41.41104],[2.15675,41.41068]]]}},{"type":"Feature","properties":{"s":"st-carrer-del-clot"},"geometry":{"type":"MultiLineString","coordinates":[[[2.19127,41.41707],[2.19119,41.41544],[2.19097,41.41515],[2.19061,41.41418],[2.19015,41.41283],[2.18963,41.41136],[2.18945,41.41059],[2.18913,41.41006],[2.18828,41.40797],[2.18781,41.40701],[2.18685,41.4054]]]}},{"type":"Feature","properties":{"s":"st-carrer-de-clotes"},"geometry":{"type":"MultiLineString","coordinates":[[[2.14738,41.41607],[2.14689,41.41568]]]}},{"type":"Feature","properties":{"s":"st-carrer-del-cobalt"},"geometry":{"type":"MultiLineString","coordinates":[[[2.13876,41.35507],[2.14038,41.3528]]]}},{"type":"Feature","properties":{"s":"st-carrer-dels-codols"},"geometry":{"type":"MultiLineString","coordinates":[[[2.17717,41.38028],[2.17787,41.37981],[2.17905,41.37909]]]}},{"type":"Feature","properties":{"s":"st-passatge-de-coello"},"geometry":{"type":"MultiLineString","coordinates":[[[2.18753,41.42166],[2.18809,41.4221],[2.18872,41.42277]]]}},{"type":"Feature","properties":{"s":"st-carrer-de-coimbra"},"geometry":{"type":"MultiLineString","coordinates":[[[2.15466,41.43326],[2.15538,41.43248],[2.15546,41.43178]]]}},{"type":"Feature","properties":{"s":"st-carrer-de-colombia"},"geometry":{"type":"MultiLineString","coordinates":[[[2.18841,41.44071],[2.18791,41.4408],[2.18712,41.44107]]]}},{"type":"Feature","properties":{"s":"st-passatge-de-colomer"},"geometry":{"type":"MultiLineString","coordinates":[[[2.20346,41.4029],[2.20451,41.40371]]]}},{"type":"Feature","properties":{"s":"st-carrer-de-colomines"},"geometry":{"type":"MultiLineString","coordinates":[[[2.17942,41.38611],[2.1788,41.38547]]]}},{"type":"Feature","properties":{"s":"st-passatge-dels-coloms"},"geometry":{"type":"MultiLineString","coordinates":[[[2.17164,41.38141],[2.17137,41.38128]]]}},{"type":"Feature","properties":{"s":"st-carrer-de-colom"},"geometry":{"type":"MultiLineString","coordinates":[[[2.17505,41.37992],[2.17461,41.37957]]]}},{"type":"Feature","properties":{"s":"st-passeig-de-colom"},"geometry":{"type":"MultiLineString","coordinates":[[[2.18197,41.38101],[2.17975,41.37824],[2.17947,41.37792],[2.17802,41.37611]]]}},{"type":"Feature","properties":{"s":"st-carrer-de-colonia"},"geometry":{"type":"MultiLineString","coordinates":[[[2.19163,41.43134],[2.19032,41.43109],[2.19011,41.43103]]]}},{"type":"Feature","properties":{"s":"st-carrer-de-la-colonia-del-tibidabo"},"geometry":{"type":"MultiLineString","coordinates":[[[2.11968,41.42113],[2.1183,41.42168],[2.11714,41.42184]]]}},{"type":"Feature","properties":{"s":"st-carrer-de-coll"},"geometry":{"type":"MultiLineString","coordinates":[[[2.18756,41.42457],[2.1898,41.42462]],[[2.19105,41.42453],[2.19051,41.42461]],[[2.19039,41.42466],[2.18993,41.42465]]]}},{"type":"Feature","properties":{"s":"st-cami-vell-del-coll"},"geometry":{"type":"MultiLineString","coordinates":[[[2.15152,41.42394],[2.15172,41.42306],[2.15131,41.42268]]]}},{"type":"Feature","properties":{"s":"st-passatge-de-coll"},"geometry":{"type":"MultiLineString","coordinates":[[[2.20796,41.41135],[2.20682,41.41051]]]}},{"type":"Feature","properties":{"s":"st-avinguda-del-coll-del-portell"},"geometry":{"type":"MultiLineString","coordinates":[[[2.14961,41.41477],[2.14965,41.41301],[2.14993,41.41252],[2.15052,41.41187],[2.15109,41.41143],[2.15243,41.41157],[2.15124,41.41109],[2.15107,41.41075],[2.15195,41.41055],[2.15161,41.41015],[2.15227,41.40943]]]}},{"type":"Feature","properties":{"s":"st-pas-del-coll-del-portell"},"geometry":{"type":"MultiLineString","coordinates":[[[2.15124,41.41109],[2.15109,41.41143]]]}},{"type":"Feature","properties":{"s":"st-carrer-de-coll-i-vehi"},"geometry":{"type":"MultiLineString","coordinates":[[[2.1848,41.41685],[2.18406,41.41572],[2.18305,41.41408],[2.18226,41.41276],[2.18149,41.41158]]]}},{"type":"Feature","properties":{"s":"st-carrer-de-collblanc"},"geometry":{"type":"MultiLineString","coordinates":[[[2.11788,41.37577],[2.11735,41.37578],[2.1124,41.37594],[2.10947,41.37598],[2.10914,41.37606]]]}},{"type":"Feature","properties":{"s":"st-carrer-de-collserola"},"geometry":{"type":"MultiLineString","coordinates":[[[2.13627,41.41599],[2.13521,41.41696],[2.13422,41.41778],[2.1331,41.41822],[2.13232,41.41856]]]}},{"type":"Feature","properties":{"s":"st-carrer-de-collegats"},"geometry":{"type":"MultiLineString","coordinates":[[[2.18552,41.43043],[2.18537,41.43103]]]}},{"type":"Feature","properties":{"s":"st-carrer-de-comalada"},"geometry":{"type":"MultiLineString","coordinates":[[[2.17182,41.42401],[2.17251,41.42502]]]}},{"type":"Feature","properties":{"s":"st-carrer-del-comandant-benitez"},"geometry":{"type":"MultiLineString","coordinates":[[[2.12806,41.37882],[2.12748,41.37944],[2.12669,41.37996],[2.12632,41.38019],[2.12555,41.38069]]]}},{"type":"Feature","properties":{"s":"st-carrer-del-comandant-llanca"},"geometry":{"type":"MultiLineString","coordinates":[[[2.10549,41.40832],[2.10719,41.40949],[2.10782,41.40983]]]}},{"type":"Feature","properties":{"s":"st-placa-de-comas"},"geometry":{"type":"MultiLineString","coordinates":[[[2.13025,41.38523],[2.12988,41.38511],[2.12966,41.38551],[2.13003,41.38562],[2.13025,41.38523]]]}},{"type":"Feature","properties":{"s":"st-passatge-de-comas-d-argemi"},"geometry":{"type":"MultiLineString","coordinates":[[[2.17373,41.42523],[2.17335,41.4251]]]}},{"type":"Feature","properties":{"s":"st-baixada-de-la-combinacio"},"geometry":{"type":"MultiLineString","coordinates":[[[2.16029,41.43168],[2.16003,41.43139]]]}},{"type":"Feature","properties":{"s":"st-carrer-comercial"},"geometry":{"type":"MultiLineString","coordinates":[[[2.18475,41.38554],[2.18341,41.38655]]]}},{"type":"Feature","properties":{"s":"st-placa-comercial"},"geometry":{"type":"MultiLineString","coordinates":[[[2.18407,41.38503],[2.18272,41.38602]]]}},{"type":"Feature","properties":{"s":"st-carrer-del-comerc"},"geometry":{"type":"MultiLineString","coordinates":[[[2.18486,41.38445],[2.18407,41.38503]],[[2.18272,41.38602],[2.18216,41.38668],[2.18202,41.38687],[2.18162,41.38807],[2.18143,41.3889],[2.18136,41.38969]]]}},{"type":"Feature","properties":{"s":"st-placa-del-comerc"},"geometry":{"type":"MultiLineString","coordinates":[[[2.18969,41.43536],[2.19,41.43549],[2.18969,41.4355]]]}},{"type":"Feature","properties":{"s":"st-carrer-del-cometa"},"geometry":{"type":"MultiLineString","coordinates":[[[2.17922,41.38223],[2.17866,41.38174]]]}},{"type":"Feature","properties":{"s":"st-passatge-de-la-companyia"},"geometry":{"type":"MultiLineString","coordinates":[[[2.18334,41.41965],[2.18356,41.4213]]]}},{"type":"Feature","properties":{"s":"st-carrer-de-la-conca-de-tremp"},"geometry":{"type":"MultiLineString","coordinates":[[[2.15467,41.42439],[2.15519,41.4238],[2.15734,41.42144],[2.15772,41.4189]]]}},{"type":"Feature","properties":{"s":"st-carrer-de-concepcion-arenal"},"geometry":{"type":"MultiLineString","coordinates":[[[2.18335,41.41794],[2.18372,41.41823],[2.18389,41.41923],[2.18392,41.42006],[2.18392,41.42126],[2.18397,41.42315],[2.18419,41.42465],[2.18419,41.42545],[2.1842,41.42678],[2.1843,41.42764],[2.18439,41.42832]],[[2.18416,41.42866],[2.18461,41.43017],[2.18452,41.43092],[2.18419,41.43321],[2.18366,41.43413]]]}},{"type":"Feature","properties":{"s":"st-carrer-del-concili-de-trento"},"geometry":{"type":"MultiLineString","coordinates":[[[2.19127,41.41025],[2.19581,41.4137]],[[2.19581,41.4137],[2.19602,41.41355],[2.19597,41.41414]],[[2.19581,41.4137],[2.19559,41.41387],[2.19597,41.41414]],[[2.19597,41.41414],[2.19673,41.41469],[2.19788,41.41557],[2.19925,41.41654],[2.20039,41.4171],[2.20151,41.41795],[2.2049,41.4205],[2.20549,41.42092],[2.20609,41.4213],[2.20722,41.42214],[2.20764,41.42226],[2.20921,41.42258],[2.20964,41.42251],[2.2106,41.42229],[2.2114,41.42188]]]}},{"type":"Feature","properties":{"s":"st-carrer-de-la-concordia"},"geometry":{"type":"MultiLineString","coordinates":[[[2.16,41.37323],[2.15972,41.37291],[2.15904,41.37219],[2.1589,41.37206]],[[2.15863,41.37218],[2.15773,41.37127]]]}},{"type":"Feature","properties":{"s":"st-placa-de-la-concordia"},"geometry":{"type":"MultiLineString","coordinates":[[[2.13216,41.38646],[2.13191,41.38672],[2.13228,41.38693],[2.13253,41.38667],[2.13216,41.38646]]]}},{"type":"Feature","properties":{"s":"st-carrer-de-conxita-supervia"},"geometry":{"type":"MultiLineString","coordinates":[[[2.12883,41.38027],[2.12748,41.37944]]]}},{"type":"Feature","properties":{"s":"st-carrer-comtal"},"geometry":{"type":"MultiLineString","coordinates":[[[2.17473,41.38698],[2.17398,41.38673]]]}},{"type":"Feature","properties":{"s":"st-carrer-nou-de-la-rambla"},"geometry":{"type":"MultiLineString","coordinates":[[[2.17468,41.3795],[2.17126,41.37621],[2.17,41.37497]],[[2.16843,41.37344],[2.16749,41.37254],[2.16545,41.37053],[2.16558,41.37029]]]}},{"type":"Feature","properties":{"s":"st-carrer-del-comte-de-guell"},"geometry":{"type":"MultiLineString","coordinates":[[[2.12372,41.37627],[2.122,41.37834]]]}},{"type":"Feature","properties":{"s":"st-carrer-del-comte-de-norona"},"geometry":{"type":"MultiLineString","coordinates":[[[2.1328,41.42154],[2.13425,41.42163],[2.13526,41.42065]]]}},{"type":"Feature","properties":{"s":"st-carrer-de-felicia-fuster-i-viladecans"},"geometry":{"type":"MultiLineString","coordinates":[[[2.19019,41.376],[2.18876,41.37957]]]}},{"type":"Feature","properties":{"s":"st-carrer-del-comte-de-sert"},"geometry":{"type":"MultiLineString","coordinates":[[[2.13491,41.41539],[2.13421,41.41627]]]}},{"type":"Feature","properties":{"s":"st-placa-del-comte-de-sert"},"geometry":{"type":"MultiLineString","coordinates":[[[2.13421,41.41627],[2.1341,41.41667]]]}},{"type":"Feature","properties":{"s":"st-carrer-del-comte-tallaferro"},"geometry":{"type":"MultiLineString","coordinates":[[[2.18589,41.43518],[2.18583,41.43486]]]}},{"type":"Feature","properties":{"s":"st-carrer-dels-comtes"},"geometry":{"type":"MultiLineString","coordinates":[[[2.17631,41.38442],[2.17677,41.38412]],[[2.17723,41.3838],[2.1769,41.38403]]]}},{"type":"Feature","properties":{"s":"st-carrer-dels-comtes-de-bell-lloc"},"geometry":{"type":"MultiLineString","coordinates":[[[2.13859,41.37864],[2.13813,41.37931],[2.13683,41.38124],[2.13626,41.38206],[2.13537,41.38343],[2.13455,41.38464]]]}},{"type":"Feature","properties":{"s":"st-carrer-d-emilia-pardo-bazan"},"geometry":{"type":"MultiLineString","coordinates":[[[2.18499,41.42397],[2.18509,41.42546]]]}},{"type":"Feature","properties":{"s":"st-carrer-de-la-comtessa-de-sobradiel"},"geometry":{"type":"MultiLineString","coordinates":[[[2.17803,41.38061],[2.17849,41.38137]]]}},{"type":"Feature","properties":{"s":"st-carrer-del-conflent"},"geometry":{"type":"MultiLineString","coordinates":[[[2.17935,41.44169],[2.17889,41.4419],[2.17841,41.4421],[2.17796,41.44232]]]}},{"type":"Feature","properties":{"s":"st-carrer-del-congost"},"geometry":{"type":"MultiLineString","coordinates":[[[2.15953,41.40687],[2.15788,41.40595],[2.15744,41.40569]]]}},{"type":"Feature","properties":{"s":"st-carrer-del-congres"},"geometry":{"type":"MultiLineString","coordinates":[[[2.15867,41.43843],[2.15953,41.43779],[2.16281,41.4359],[2.16388,41.4354]]]}},{"type":"Feature","properties":{"s":"st-placa-del-congres-eucaristic"},"geometry":{"type":"MultiLineString","coordinates":[[[2.18164,41.42601],[2.18128,41.42628],[2.18024,41.42551],[2.18058,41.42523],[2.18164,41.42601]]]}},{"type":"Feature","properties":{"s":"st-carrer-de-la-conreria"},"geometry":{"type":"MultiLineString","coordinates":[[[2.19208,41.38064],[2.19235,41.38002]]]}},{"type":"Feature","properties":{"s":"st-carrer-del-consell-de-cent"},"geometry":{"type":"MultiLineString","coordinates":[[[2.14338,41.37525],[2.14367,41.37556],[2.14432,41.37584],[2.145,41.37617]],[[2.1862,41.40646],[2.18685,41.40676]]]}},{"type":"Feature","properties":{"s":"st-carrer-dels-consellers"},"geometry":{"type":"MultiLineString","coordinates":[[[2.18166,41.38252],[2.18142,41.38266]]]}},{"type":"Feature","properties":{"s":"st-carrer-dels-consorts-sans-bernet"},"geometry":{"type":"MultiLineString","coordinates":[[[2.1591,41.43125],[2.15619,41.43193]]]}},{"type":"Feature","properties":{"s":"st-passatge-de-la-constancia"},"geometry":{"type":"MultiLineString","coordinates":[[[2.18157,41.41696],[2.18091,41.41712]]]}},{"type":"Feature","properties":{"s":"st-carrer-de-constanti"},"geometry":{"type":"MultiLineString","coordinates":[[[2.14801,41.4411],[2.14828,41.44133]]]}},{"type":"Feature","properties":{"s":"st-carrer-de-constantinoble"},"geometry":{"type":"MultiLineString","coordinates":[[[2.21951,41.41409],[2.21871,41.41471]]]}},{"type":"Feature","properties":{"s":"st-carrer-de-constanca"},"geometry":{"type":"MultiLineString","coordinates":[[[2.13629,41.3875],[2.13585,41.38812],[2.13477,41.38927]]]}},{"type":"Feature","properties":{"s":"st-carrer-de-la-constitucio"},"geometry":{"type":"MultiLineString","coordinates":[[[2.13822,41.37016],[2.13782,41.37],[2.1374,41.36989],[2.13698,41.36984],[2.13555,41.36976],[2.1349,41.36965],[2.13413,41.36944],[2.13292,41.36893],[2.1315,41.36821]]]}},{"type":"Feature","properties":{"s":"st-carrer-del-consolat-de-mar"},"geometry":{"type":"MultiLineString","coordinates":[[[2.1826,41.38282],[2.18222,41.38235],[2.18169,41.38174]]]}},{"type":"Feature","properties":{"s":"st-carrer-del-conveni"},"geometry":{"type":"MultiLineString","coordinates":[[[2.1862,41.44295],[2.18391,41.44351],[2.18205,41.44403]]]}},{"type":"Feature","properties":{"s":"st-carrer-de-copernic"},"geometry":{"type":"MultiLineString","coordinates":[[[2.13478,41.39995],[2.13738,41.39996],[2.13872,41.4001],[2.13972,41.40054],[2.14052,41.40087],[2.14204,41.40151],[2.14251,41.40169],[2.14403,41.4024],[2.1444,41.40284]]]}},{"type":"Feature","properties":{"s":"st-carrer-d-en-copons"},"geometry":{"type":"MultiLineString","coordinates":[[[2.17507,41.3855],[2.17562,41.38588]]]}},{"type":"Feature","properties":{"s":"st-carrer-de-les-alberes"},"geometry":{"type":"MultiLineString","coordinates":[[[2.11031,41.416],[2.10903,41.41516],[2.10853,41.41489],[2.1056,41.41438],[2.10545,41.4145],[2.10477,41.41412],[2.10484,41.41327]]]}},{"type":"Feature","properties":{"s":"st-carrer-de-corsega"},"geometry":{"type":"MultiLineString","coordinates":[[[2.18124,41.41334],[2.18103,41.41297],[2.18059,41.41255],[2.17887,41.41121]]]}},{"type":"Feature","properties":{"s":"st-carrer-dels-corders"},"geometry":{"type":"MultiLineString","coordinates":[[[2.17984,41.38579],[2.1794,41.38526]]]}},{"type":"Feature","properties":{"s":"st-carrer-de-cordova"},"geometry":{"type":"MultiLineString","coordinates":[[[2.18825,41.43621],[2.18834,41.43658]]]}},{"type":"Feature","properties":{"s":"st-carrer-de-corint"},"geometry":{"type":"MultiLineString","coordinates":[[[2.14189,41.40261],[2.14236,41.40317],[2.14289,41.40338]]]}},{"type":"Feature","properties":{"s":"st-carrer-de-cornet-i-mas"},"geometry":{"type":"MultiLineString","coordinates":[[[2.12424,41.39722],[2.12515,41.39606]],[[2.12319,41.3986],[2.12405,41.39748]]]}},{"type":"Feature","properties":{"s":"st-carrer-de-cornudella"},"geometry":{"type":"MultiLineString","coordinates":[[[2.16483,41.43422],[2.16518,41.43414],[2.16577,41.43415],[2.16686,41.4339],[2.16791,41.43363]]]}},{"type":"Feature","properties":{"s":"st-carrer-de-coroleu"},"geometry":{"type":"MultiLineString","coordinates":[[[2.18419,41.43321],[2.18484,41.43315],[2.18584,41.43303]],[[2.1893,41.43268],[2.1865,41.43297]]]}},{"type":"Feature","properties":{"s":"st-carrer-del-coronel-sanfeliu"},"geometry":{"type":"MultiLineString","coordinates":[[[2.18781,41.40701],[2.18919,41.40672]]]}},{"type":"Feature","properties":{"s":"st-carrer-del-corral"},"geometry":{"type":"MultiLineString","coordinates":[[[2.13869,41.36848],[2.14005,41.36972],[2.14074,41.37038],[2.14106,41.37065],[2.14137,41.37085],[2.1424,41.37147]]]}},{"type":"Feature","properties":{"s":"st-carrer-del-correu-vell"},"geometry":{"type":"MultiLineString","coordinates":[[[2.17991,41.38193],[2.17983,41.38185],[2.1797,41.38154],[2.17947,41.38121]]]}},{"type":"Feature","properties":{"s":"st-carrer-de-corretger"},"geometry":{"type":"MultiLineString","coordinates":[[[2.18153,41.38621],[2.18192,41.38607],[2.18209,41.3862]]]}},{"type":"Feature","properties":{"s":"st-carrer-de-corca"},"geometry":{"type":"MultiLineString","coordinates":[[[2.13425,41.42163],[2.13451,41.42062]]]}},{"type":"Feature","properties":{"s":"st-carrer-curt"},"geometry":{"type":"MultiLineString","coordinates":[[[2.157,41.4308],[2.15709,41.43104]]]}},{"type":"Feature","properties":{"s":"st-carrer-dels-cortada"},"geometry":{"type":"MultiLineString","coordinates":[[[2.14579,41.42356],[2.14738,41.42424],[2.14915,41.42494]]]}},{"type":"Feature","properties":{"s":"st-carrer-d-en-cortines"},"geometry":{"type":"MultiLineString","coordinates":[[[2.18057,41.38996],[2.1802,41.38909],[2.18003,41.38884],[2.17984,41.38865]]]}},{"type":"Feature","properties":{"s":"st-carrer-de-cortit"},"geometry":{"type":"MultiLineString","coordinates":[[[2.18987,41.42488],[2.18979,41.4263]]]}},{"type":"Feature","properties":{"s":"st-carrer-de-les-corts"},"geometry":{"type":"MultiLineString","coordinates":[[[2.12807,41.38668],[2.1292,41.38425],[2.12973,41.38344]]]}},{"type":"Feature","properties":{"s":"st-carrer-de-la-corunya"},"geometry":{"type":"MultiLineString","coordinates":[[[2.18486,41.40844],[2.18573,41.4078],[2.18686,41.40719]]]}},{"type":"Feature","properties":{"s":"st-carrer-de-pere-costa"},"geometry":{"type":"MultiLineString","coordinates":[[[2.16748,41.41352],[2.16857,41.41389]]]}},{"type":"Feature","properties":{"s":"st-carrer-de-la-costa-brava"},"geometry":{"type":"MultiLineString","coordinates":[[[2.20212,41.43589],[2.2017,41.43809]]]}},{"type":"Feature","properties":{"s":"st-carrer-de-costabona"},"geometry":{"type":"MultiLineString","coordinates":[[[2.17743,41.46092],[2.17769,41.46169],[2.17867,41.4635]]]}},{"type":"Feature","properties":{"s":"st-carrer-de-la-costa-daurada"},"geometry":{"type":"MultiLineString","coordinates":[[[2.2006,41.43797],[2.20265,41.43819]]]}},{"type":"Feature","properties":{"s":"st-carrer-de-costa-pacheco"},"geometry":{"type":"MultiLineString","coordinates":[[[2.13292,41.4283],[2.12868,41.42928]]]}},{"type":"Feature","properties":{"s":"st-carrer-de-costa-rica"},"geometry":{"type":"MultiLineString","coordinates":[[[2.1889,41.42203],[2.19036,41.42134],[2.19097,41.42077]]]}},{"type":"Feature","properties":{"s":"st-carrer-dels-cotoners"},"geometry":{"type":"MultiLineString","coordinates":[[[2.17982,41.38466],[2.1796,41.38447],[2.17949,41.38441],[2.17922,41.38437]]]}},{"type":"Feature","properties":{"s":"st-carrer-de-la-mare-de-deu-de-nuria"},"geometry":{"type":"MultiLineString","coordinates":[[[2.12506,41.39765],[2.12353,41.39931]],[[2.12332,41.39953],[2.12279,41.40004]]]}},{"type":"Feature","properties":{"s":"st-carrer-de-craywinckel"},"geometry":{"type":"MultiLineString","coordinates":[[[2.13994,41.41243],[2.13926,41.41193],[2.13829,41.41132]]]}},{"type":"Feature","properties":{"s":"st-passatge-del-credit"},"geometry":{"type":"MultiLineString","coordinates":[[[2.17679,41.38155],[2.17644,41.38181]]]}},{"type":"Feature","properties":{"s":"st-carrer-de-crehuet"},"geometry":{"type":"MultiLineString","coordinates":[[[2.15894,41.43012],[2.15809,41.42985],[2.15731,41.42957]]]}},{"type":"Feature","properties":{"s":"st-carrer-cremat-gran-i-xic"},"geometry":{"type":"MultiLineString","coordinates":[[[2.18147,41.38579],[2.18111,41.38553],[2.18078,41.38526]]]}},{"type":"Feature","properties":{"s":"st-carrer-de-cretes"},"geometry":{"type":"MultiLineString","coordinates":[[[2.20569,41.43627],[2.20581,41.43547]],[[2.20434,41.43394],[2.20592,41.43409]]]}},{"type":"Feature","properties":{"s":"st-carrer-de-crillon"},"geometry":{"type":"MultiLineString","coordinates":[[[2.13947,41.37288],[2.13891,41.37388]]]}},{"type":"Feature","properties":{"s":"st-carrer-del-crisantem"},"geometry":{"type":"MultiLineString","coordinates":[[[2.14492,41.37059],[2.14526,41.37037],[2.14582,41.36995]]]}},{"type":"Feature","properties":{"s":"st-pla-de-la-seu"},"geometry":{"type":"MultiLineString","coordinates":[[[2.17631,41.38442],[2.17599,41.38462],[2.17573,41.38442],[2.17604,41.3842],[2.17631,41.38442]]]}},{"type":"Feature","properties":{"s":"st-carrer-de-cristobal-de-moura"},"geometry":{"type":"MultiLineString","coordinates":[[[2.20109,41.407],[2.20174,41.40752],[2.20288,41.40837],[2.20329,41.40868],[2.20518,41.41004],[2.20548,41.41033],[2.20573,41.41049],[2.20629,41.4109],[2.20739,41.41178],[2.20963,41.4135],[2.21191,41.41518],[2.21412,41.41678],[2.21566,41.41791],[2.21634,41.41843]]]}},{"type":"Feature","properties":{"s":"st-carrer-de-cros"},"geometry":{"type":"MultiLineString","coordinates":[[[2.13845,41.37375],[2.13803,41.37454],[2.13795,41.37535]]]}},{"type":"Feature","properties":{"s":"st-carrer-de-croia"},"geometry":{"type":"MultiLineString","coordinates":[[[2.21725,41.4149],[2.21784,41.41444]]]}},{"type":"Feature","properties":{"s":"st-carrer-del-pedro-de-la-creu"},"geometry":{"type":"MultiLineString","coordinates":[[[2.12342,41.39831],[2.12119,41.39718],[2.12078,41.39701],[2.12033,41.39692]]]}},{"type":"Feature","properties":{"s":"st-carrer-de-la-creu-dels-molers"},"geometry":{"type":"MultiLineString","coordinates":[[[2.16168,41.37372],[2.16104,41.37198],[2.16088,41.37148],[2.16031,41.37094],[2.16003,41.37096]]]}},{"type":"Feature","properties":{"s":"st-carrer-de-la-creu-coberta"},"geometry":{"type":"MultiLineString","coordinates":[[[2.14082,41.3753],[2.14338,41.37525],[2.14429,41.37521],[2.1465,41.37518]]]}},{"type":"Feature","properties":{"s":"st-carrer-de-simancas"},"geometry":{"type":"MultiLineString","coordinates":[[[2.17114,41.44448],[2.17156,41.44483],[2.17196,41.44508],[2.17372,41.44547],[2.17659,41.44589]]]}},{"type":"Feature","properties":{"s":"st-carrer-dels-quatre-camins"},"geometry":{"type":"MultiLineString","coordinates":[[[2.12836,41.40797],[2.1294,41.40897],[2.13014,41.40961],[2.13107,41.41039],[2.13143,41.41067],[2.13234,41.41151],[2.1342,41.41301]]]}},{"type":"Feature","properties":{"s":"st-carrer-de-cuba"},"geometry":{"type":"MultiLineString","coordinates":[[[2.18858,41.43011],[2.18893,41.42906]]]}},{"type":"Feature","properties":{"s":"st-carrer-de-cubelles"},"geometry":{"type":"MultiLineString","coordinates":[[[2.17497,41.42578],[2.17551,41.4269]]]}},{"type":"Feature","properties":{"s":"st-carrer-de-cucurulla"},"geometry":{"type":"MultiLineString","coordinates":[[[2.17412,41.38459],[2.17408,41.38405]]]}},{"type":"Feature","properties":{"s":"st-placa-de-cucurulla"},"geometry":{"type":"MultiLineString","coordinates":[[[2.17408,41.38405],[2.17415,41.38398]]]}},{"type":"Feature","properties":{"s":"st-carrer-de-conca"},"geometry":{"type":"MultiLineString","coordinates":[[[2.17882,41.41456],[2.17985,41.4138],[2.18103,41.41297]]]}},{"type":"Feature","properties":{"s":"st-carrer-de-la-costa"},"geometry":{"type":"MultiLineString","coordinates":[[[2.14685,41.4083],[2.14492,41.41011],[2.14436,41.41066],[2.1433,41.41075]]]}},{"type":"Feature","properties":{"s":"st-passatge-de-la-costa-del-putxet"},"geometry":{"type":"MultiLineString","coordinates":[[[2.14492,41.41011],[2.14578,41.41048]]]}},{"type":"Feature","properties":{"s":"st-costa-de-les-perdius"},"geometry":{"type":"MultiLineString","coordinates":[[[2.09939,41.42697],[2.10059,41.42639]]]}},{"type":"Feature","properties":{"s":"st-costa-del-bruc"},"geometry":{"type":"MultiLineString","coordinates":[[[2.09556,41.43101],[2.09434,41.43081],[2.09395,41.4296]]]}},{"type":"Feature","properties":{"s":"st-carrer-dels-pellaires"},"geometry":{"type":"MultiLineString","coordinates":[[[2.20919,41.40358],[2.21007,41.40442],[2.21077,41.40518],[2.21116,41.40552]]]}},{"type":"Feature","properties":{"s":"st-carrer-de-cuyas"},"geometry":{"type":"MultiLineString","coordinates":[[[2.14136,41.37209],[2.1424,41.37147]]]}},{"type":"Feature","properties":{"s":"st-carrer-de-cusco"},"geometry":{"type":"MultiLineString","coordinates":[[[2.2034,41.44078],[2.20737,41.44123]]]}},{"type":"Feature","properties":{"s":"st-carrer-de-las-chafarinas"},"geometry":{"type":"MultiLineString","coordinates":[[[2.18313,41.44658],[2.18335,41.44741],[2.18358,41.44811],[2.18416,41.44928]]]}},{"type":"Feature","properties":{"s":"st-carrer-de-chapi"},"geometry":{"type":"MultiLineString","coordinates":[[[2.16296,41.43142],[2.16099,41.43131],[2.16052,41.43157],[2.15839,41.43269]]]}},{"type":"Feature","properties":{"s":"st-passatge-de-chapi"},"geometry":{"type":"MultiLineString","coordinates":[[[2.16286,41.4318],[2.16213,41.43174]]]}},{"type":"Feature","properties":{"s":"st-avinguda-de-xile"},"geometry":{"type":"MultiLineString","coordinates":[[[2.11521,41.38118],[2.11335,41.37936],[2.1117,41.37761],[2.11144,41.37731],[2.11097,41.37727]]]}},{"type":"Feature","properties":{"s":"st-passatge-de-xile"},"geometry":{"type":"MultiLineString","coordinates":[[[2.11673,41.3771],[2.1154,41.37658],[2.11363,41.37598]]]}},{"type":"Feature","properties":{"s":"st-carrer-de-xipre"},"geometry":{"type":"MultiLineString","coordinates":[[[2.21893,41.41365],[2.2185,41.41397]]]}},{"type":"Feature","properties":{"s":"st-carrer-de-chopin"},"geometry":{"type":"MultiLineString","coordinates":[[[2.14601,41.37103],[2.14627,41.37083],[2.14644,41.37073],[2.14705,41.37047],[2.1479,41.37029]]]}},{"type":"Feature","properties":{"s":"st-carrer-d-zona-franca"},"geometry":{"type":"MultiLineString","coordinates":[[[2.12452,41.32309],[2.12619,41.32576],[2.13205,41.33532]]]}},{"type":"Feature","properties":{"s":"st-carrer-de-la-dagueria"},"geometry":{"type":"MultiLineString","coordinates":[[[2.17773,41.3835],[2.17841,41.383]]]}},{"type":"Feature","properties":{"s":"st-carrer-de-la-dalia"},"geometry":{"type":"MultiLineString","coordinates":[[[2.14511,41.36827],[2.14516,41.36921],[2.14582,41.36995],[2.14663,41.36962],[2.14724,41.36982],[2.14805,41.36972],[2.14885,41.37063]]]}},{"type":"Feature","properties":{"s":"st-carrer-de-dalmacia"},"geometry":{"type":"MultiLineString","coordinates":[[[2.11997,41.4],[2.11968,41.3998],[2.119,41.3996]]]}},{"type":"Feature","properties":{"s":"st-carrer-de-dalmau-de-creixell"},"geometry":{"type":"MultiLineString","coordinates":[[[2.17062,41.42621],[2.17245,41.42575]]]}},{"type":"Feature","properties":{"s":"st-carrer-de-valles-i-ribot"},"geometry":{"type":"MultiLineString","coordinates":[[[2.18877,41.42514],[2.18885,41.42333],[2.18891,41.42275]]]}},{"type":"Feature","properties":{"s":"st-carrer-de-dalmases"},"geometry":{"type":"MultiLineString","coordinates":[[[2.1252,41.40088],[2.12645,41.40157],[2.12863,41.40282],[2.13011,41.40366],[2.1306,41.40391],[2.13135,41.40434]]]}},{"type":"Feature","properties":{"s":"st-carrer-de-dalmau"},"geometry":{"type":"MultiLineString","coordinates":[[[2.13665,41.37372],[2.13688,41.37305]]]}},{"type":"Feature","properties":{"s":"st-carrer-de-les-dames"},"geometry":{"type":"MultiLineString","coordinates":[[[2.18318,41.38362],[2.1828,41.38376]]]}},{"type":"Feature","properties":{"s":"st-carrer-de-damia-forment"},"geometry":{"type":"MultiLineString","coordinates":[[[2.15083,41.41671],[2.15089,41.41705]]]}},{"type":"Feature","properties":{"s":"st-placa-de-dante"},"geometry":{"type":"MultiLineString","coordinates":[[[2.16482,41.36894],[2.16521,41.36894],[2.16482,41.36894]]]}},{"type":"Feature","properties":{"s":"st-carrer-de-dante-alighieri"},"geometry":{"type":"MultiLineString","coordinates":[[[2.16252,41.42912],[2.16138,41.42893],[2.16043,41.42867],[2.15978,41.42831],[2.15952,41.42818],[2.15869,41.42787],[2.15796,41.42765],[2.1572,41.42755],[2.15657,41.42745],[2.15583,41.42714],[2.15513,41.42676],[2.15463,41.42627],[2.15407,41.42575],[2.15246,41.42511]]]}},{"type":"Feature","properties":{"s":"st-carrer-del-danubi"},"geometry":{"type":"MultiLineString","coordinates":[[[2.11885,41.37639],[2.11823,41.37698]],[[2.11807,41.37713],[2.11741,41.37769]]]}},{"type":"Feature","properties":{"s":"st-carrer-de-la-dansa"},"geometry":{"type":"MultiLineString","coordinates":[[[2.14238,41.43304],[2.14254,41.43339],[2.14272,41.43405]]]}},{"type":"Feature","properties":{"s":"st-carrer-de-daoiz-i-velarde"},"geometry":{"type":"MultiLineString","coordinates":[[[2.13103,41.37397],[2.13277,41.37425],[2.13429,41.37447]]]}},{"type":"Feature","properties":{"s":"st-carrer-de-darnius"},"geometry":{"type":"MultiLineString","coordinates":[[[2.1666,41.43396],[2.16577,41.43415],[2.16642,41.43571]]]}},{"type":"Feature","properties":{"s":"st-carrer-de-das"},"geometry":{"type":"MultiLineString","coordinates":[[[2.17037,41.42979],[2.1704,41.43038]]]}},{"type":"Feature","properties":{"s":"st-carrer-del-dega-bahi"},"geometry":{"type":"MultiLineString","coordinates":[[[2.18283,41.41054],[2.1834,41.41094],[2.18436,41.41166],[2.18463,41.41206],[2.18495,41.4126],[2.18599,41.41424]]]}},{"type":"Feature","properties":{"s":"st-carrer-de-josep-m-sert"},"geometry":{"type":"MultiLineString","coordinates":[[[2.13376,41.41887],[2.1347,41.41819],[2.13573,41.41735]]]}},{"type":"Feature","properties":{"s":"st-carrer-de-degollada"},"geometry":{"type":"MultiLineString","coordinates":[[[2.20615,41.40059],[2.20566,41.4009]]]}},{"type":"Feature","properties":{"s":"st-carrer-de-demestre"},"geometry":{"type":"MultiLineString","coordinates":[[[2.12608,41.39819],[2.12721,41.39883]]]}},{"type":"Feature","properties":{"s":"st-carrer-de-demostenes"},"geometry":{"type":"MultiLineString","coordinates":[[[2.13374,41.37584],[2.13361,41.3762]]]}},{"type":"Feature","properties":{"s":"st-carrer-de-denia"},"geometry":{"type":"MultiLineString","coordinates":[[[2.14987,41.39758],[2.14779,41.39928]]]}},{"type":"Feature","properties":{"s":"st-carrer-dels-esports"},"geometry":{"type":"MultiLineString","coordinates":[[[2.1109,41.40207],[2.11319,41.40048]]]}},{"type":"Feature","properties":{"s":"st-passatge-del-diposit"},"geometry":{"type":"MultiLineString","coordinates":[[[2.16194,41.41696],[2.16141,41.41755]]]}},{"type":"Feature","properties":{"s":"st-carrer-del-descans"},"geometry":{"type":"MultiLineString","coordinates":[[[2.16642,41.422],[2.16501,41.4221]]]}},{"type":"Feature","properties":{"s":"st-carrer-de-descartes"},"geometry":{"type":"MultiLineString","coordinates":[[[2.14072,41.39869],[2.1414,41.39915],[2.14326,41.40043]]]}},{"type":"Feature","properties":{"s":"st-carrer-de-desfar"},"geometry":{"type":"MultiLineString","coordinates":[[[2.17632,41.42851],[2.17641,41.43149]]]}},{"type":"Feature","properties":{"s":"st-carrer-del-desert"},"geometry":{"type":"MultiLineString","coordinates":[[[2.11542,41.40305],[2.1143,41.40382]]]}},{"type":"Feature","properties":{"s":"st-carrer-dels-paletes"},"geometry":{"type":"MultiLineString","coordinates":[[[2.12208,41.39915],[2.12149,41.39906]]]}},{"type":"Feature","properties":{"s":"st-carrer-de-rere-palau"},"geometry":{"type":"MultiLineString","coordinates":[[[2.1841,41.38355],[2.18338,41.38388]]]}},{"type":"Feature","properties":{"s":"st-carrer-de-rere-sant-just"},"geometry":{"type":"MultiLineString","coordinates":[[[2.17766,41.38244],[2.17779,41.38254]]]}},{"type":"Feature","properties":{"s":"st-carrer-de-deu-i-mata"},"geometry":{"type":"MultiLineString","coordinates":[[[2.13122,41.38597],[2.13216,41.38646]],[[2.13253,41.38667],[2.13438,41.38772],[2.13763,41.38952],[2.13913,41.39037],[2.14028,41.391]]]}},{"type":"Feature","properties":{"s":"st-davallada-de-gallecs"},"geometry":{"type":"MultiLineString","coordinates":[[[2.16765,41.42661],[2.16844,41.42619]]]}},{"type":"Feature","properties":{"s":"st-carrer-de-deia"},"geometry":{"type":"MultiLineString","coordinates":[[[2.17793,41.43253],[2.17457,41.43408],[2.17266,41.43493],[2.1723,41.43493]]]}},{"type":"Feature","properties":{"s":"st-placa-del-diamant"},"geometry":{"type":"MultiLineString","coordinates":[[[2.15569,41.40421],[2.15555,41.40411],[2.15587,41.40381],[2.15618,41.40399],[2.15585,41.4043],[2.15569,41.40421]]]}},{"type":"Feature","properties":{"s":"st-carrer-de-diana"},"geometry":{"type":"MultiLineString","coordinates":[[[2.16644,41.43427],[2.16634,41.43402]]]}},{"type":"Feature","properties":{"s":"st-carrer-d-apelles-mestres"},"geometry":{"type":"MultiLineString","coordinates":[[[2.13422,41.41778],[2.1347,41.41819],[2.13507,41.41853]]]}},{"type":"Feature","properties":{"s":"st-carrer-de-les-diligencies"},"geometry":{"type":"MultiLineString","coordinates":[[[2.1461,41.36028],[2.14587,41.36097]],[[2.14666,41.36217],[2.14656,41.36199]]]}},{"type":"Feature","properties":{"s":"st-carrer-del-diluvi"},"geometry":{"type":"MultiLineString","coordinates":[[[2.15897,41.40074],[2.15802,41.40012]]]}},{"type":"Feature","properties":{"s":"st-carrer-d-aristides-maillol"},"geometry":{"type":"MultiLineString","coordinates":[[[2.12141,41.37796],[2.12053,41.37872],[2.11947,41.37932],[2.11878,41.38077]]]}},{"type":"Feature","properties":{"s":"st-passatge-de-l-anemone"},"geometry":{"type":"MultiLineString","coordinates":[[[2.0975,41.42453],[2.09772,41.42435]]]}},{"type":"Feature","properties":{"s":"st-carrer-de-carrasco-i-formiguera"},"geometry":{"type":"MultiLineString","coordinates":[[[2.12339,41.401],[2.12242,41.40196],[2.12151,41.40291]]]}},{"type":"Feature","properties":{"s":"st-avinguda-del-tibidabo"},"geometry":{"type":"MultiLineString","coordinates":[[[2.13706,41.41025],[2.13613,41.41145],[2.13476,41.41329],[2.13412,41.41416],[2.13393,41.41447],[2.13366,41.41485],[2.13282,41.41511],[2.13089,41.41543],[2.12968,41.41474],[2.12938,41.41528]],[[2.13173,41.41607],[2.13115,41.41624],[2.13089,41.41634],[2.12938,41.41528]],[[2.12938,41.41528],[2.12899,41.41477]]]}},{"type":"Feature","properties":{"s":"st-carrer-del-doctor-balari-i-jovany"},"geometry":{"type":"MultiLineString","coordinates":[[[2.19,41.43549],[2.19032,41.43544],[2.19184,41.435]],[[2.19218,41.43483],[2.19274,41.43468],[2.19322,41.43453]]]}},{"type":"Feature","properties":{"s":"st-carrer-del-doctor-bove"},"geometry":{"type":"MultiLineString","coordinates":[[[2.16471,41.42009],[2.1648,41.42064]],[[2.16546,41.42154],[2.1648,41.42064]],[[2.1648,41.42064],[2.1637,41.42115],[2.16329,41.42102],[2.16004,41.42052],[2.1594,41.4201],[2.15772,41.4189]]]}},{"type":"Feature","properties":{"s":"st-carrer-del-doctor-cadevall"},"geometry":{"type":"MultiLineString","coordinates":[[[2.16956,41.41908],[2.16922,41.41858],[2.16877,41.41797],[2.1687,41.41667],[2.16716,41.41734]]]}},{"type":"Feature","properties":{"s":"st-carrer-del-doctor-carulla"},"geometry":{"type":"MultiLineString","coordinates":[[[2.12721,41.39883],[2.12967,41.4001],[2.13242,41.40155]]]}},{"type":"Feature","properties":{"s":"st-carrer-del-doctor-coll"},"geometry":{"type":"MultiLineString","coordinates":[[[2.16521,41.42307],[2.16383,41.42288]]]}},{"type":"Feature","properties":{"s":"st-carrer-del-doctor-dou"},"geometry":{"type":"MultiLineString","coordinates":[[[2.16952,41.38187],[2.16825,41.38315]]]}},{"type":"Feature","properties":{"s":"st-carrer-del-doctor-farreras-i-valenti"},"geometry":{"type":"MultiLineString","coordinates":[[[2.11685,41.39663],[2.11859,41.39637],[2.12,41.396]]]}},{"type":"Feature","properties":{"s":"st-carrer-del-doctor-ferran"},"geometry":{"type":"MultiLineString","coordinates":[[[2.12536,41.3878],[2.12442,41.38986],[2.12333,41.39089]]]}},{"type":"Feature","properties":{"s":"st-carrer-del-doctor-fleming"},"geometry":{"type":"MultiLineString","coordinates":[[[2.13713,41.39077],[2.13637,41.39162],[2.13577,41.39232],[2.13516,41.39382],[2.13478,41.3947],[2.13443,41.39542]]]}},{"type":"Feature","properties":{"s":"st-carrer-de-la-perera"},"geometry":{"type":"MultiLineString","coordinates":[[[2.10252,41.42721],[2.10554,41.42883]]]}},{"type":"Feature","properties":{"s":"st-carrer-del-doctor-francesc-darder"},"geometry":{"type":"MultiLineString","coordinates":[[[2.11436,41.3947],[2.11579,41.39578],[2.11685,41.39663],[2.11745,41.39708]]]}},{"type":"Feature","properties":{"s":"st-carrer-del-doctor-gine-i-partagas"},"geometry":{"type":"MultiLineString","coordinates":[[[2.19009,41.38199],[2.1904,41.38113],[2.19143,41.37851]]]}},{"type":"Feature","properties":{"s":"st-avinguda-del-doctor-maranon"},"geometry":{"type":"MultiLineString","coordinates":[[[2.11206,41.38445],[2.11283,41.38291],[2.11521,41.38118],[2.11878,41.38077]]]}},{"type":"Feature","properties":{"s":"st-carrer-del-doctor-ibanez"},"geometry":{"type":"MultiLineString","coordinates":[[[2.13253,41.38667],[2.1328,41.38638],[2.13334,41.38585]],[[2.13228,41.38693],[2.13167,41.38756],[2.13118,41.38809]]]}},{"type":"Feature","properties":{"s":"st-placa-del-doctor-ignasi-barraquer"},"geometry":{"type":"MultiLineString","coordinates":[[[2.14148,41.39082],[2.14116,41.39034],[2.14221,41.3903]]]}},{"type":"Feature","properties":{"s":"st-carrer-del-doctor-joaquin-albarran"},"geometry":{"type":"MultiLineString","coordinates":[[[2.1082,41.38937],[2.10718,41.39046],[2.10644,41.39153],[2.10553,41.3924],[2.10441,41.39302]]]}},{"type":"Feature","properties":{"s":"st-carrer-del-doctor-joaquim-pou"},"geometry":{"type":"MultiLineString","coordinates":[[[2.17558,41.38623],[2.17562,41.38588],[2.17595,41.385]]]}},{"type":"Feature","properties":{"s":"st-carrer-del-doctor-letamendi"},"geometry":{"type":"MultiLineString","coordinates":[[[2.15893,41.43443],[2.1619,41.43733],[2.16283,41.43835]]]}},{"type":"Feature","properties":{"s":"st-carrer-del-lila"},"geometry":{"type":"MultiLineString","coordinates":[[[2.09904,41.42537],[2.09971,41.42557],[2.09975,41.42568],[2.10059,41.42639],[2.10142,41.42766],[2.10088,41.42823],[2.10077,41.42936]]]}},{"type":"Feature","properties":{"s":"st-placa-del-doctor-modrego"},"geometry":{"type":"MultiLineString","coordinates":[[[2.18058,41.42523],[2.18012,41.42491],[2.1798,41.42516],[2.18024,41.42551],[2.18058,41.42523]]]}},{"type":"Feature","properties":{"s":"st-carrer-del-doctor-nubiola-i-espinos"},"geometry":{"type":"MultiLineString","coordinates":[[[2.1292,41.38425],[2.13026,41.38379]]]}},{"type":"Feature","properties":{"s":"st-carrer-del-doctor-pi-i-molist"},"geometry":{"type":"MultiLineString","coordinates":[[[2.17469,41.43031],[2.1744,41.43116],[2.17384,41.43212],[2.17333,41.43308],[2.17145,41.43643]]]}},{"type":"Feature","properties":{"s":"st-passatge-del-doctor-pi-i-molist"},"geometry":{"type":"MultiLineString","coordinates":[[[2.17384,41.43212],[2.17352,41.43139]]]}},{"type":"Feature","properties":{"s":"st-carrer-del-doctor-ribas-i-perdigo"},"geometry":{"type":"MultiLineString","coordinates":[[[2.13412,41.41416],[2.13485,41.41462]]]}},{"type":"Feature","properties":{"s":"st-carrer-del-doctor-rizal"},"geometry":{"type":"MultiLineString","coordinates":[[[2.15658,41.39789],[2.15555,41.39727]]]}},{"type":"Feature","properties":{"s":"st-carrer-del-doctor-roux"},"geometry":{"type":"MultiLineString","coordinates":[[[2.13327,41.39453],[2.13293,41.39487],[2.13014,41.39778]],[[2.12988,41.39802],[2.12761,41.40039]],[[2.12688,41.40112],[2.12571,41.40232]]]}},{"type":"Feature","properties":{"s":"st-carrer-del-doctor-salvador-cardenal"},"geometry":{"type":"MultiLineString","coordinates":[[[2.12249,41.38523],[2.12428,41.38593]]]}},{"type":"Feature","properties":{"s":"st-carrer-del-doctor-santponc"},"geometry":{"type":"MultiLineString","coordinates":[[[2.18938,41.43139],[2.19405,41.43198],[2.19518,41.43224],[2.19535,41.4323]]]}},{"type":"Feature","properties":{"s":"st-placa-del-doctor-serrat"},"geometry":{"type":"MultiLineString","coordinates":[[[2.18601,41.41145],[2.18638,41.41127],[2.18688,41.41116]]]}},{"type":"Feature","properties":{"s":"st-passatge-del-doctor-torent"},"geometry":{"type":"MultiLineString","coordinates":[[[2.18614,41.41755],[2.18503,41.41669]]]}},{"type":"Feature","properties":{"s":"st-passatge-del-doctor-torres"},"geometry":{"type":"MultiLineString","coordinates":[[[2.18809,41.4221],[2.18754,41.42249]]]}},{"type":"Feature","properties":{"s":"st-carrer-del-doctor-valls"},"geometry":{"type":"MultiLineString","coordinates":[[[2.17858,41.41997],[2.17983,41.41999],[2.18026,41.42004]]]}},{"type":"Feature","properties":{"s":"st-carrer-del-doctor-zamenhof"},"geometry":{"type":"MultiLineString","coordinates":[[[2.19418,41.41757],[2.19527,41.41668],[2.1964,41.41585]]]}},{"type":"Feature","properties":{"s":"st-carrer-de-dolors-monserda"},"geometry":{"type":"MultiLineString","coordinates":[[[2.12034,41.40101],[2.12147,41.40151],[2.12186,41.40169],[2.12444,41.40296]]]}},{"type":"Feature","properties":{"s":"st-carrer-de-domenech"},"geometry":{"type":"MultiLineString","coordinates":[[[2.15917,41.39909],[2.15826,41.39852]]]}},{"type":"Feature","properties":{"s":"st-carrer-de-domenech-i-montaner"},"geometry":{"type":"MultiLineString","coordinates":[[[2.14204,41.42983],[2.14254,41.42969]]]}},{"type":"Feature","properties":{"s":"st-carrer-de-dominguez-i-miralles"},"geometry":{"type":"MultiLineString","coordinates":[[[2.11616,41.39751],[2.11745,41.39708],[2.11804,41.39713],[2.11983,41.39737]]]}},{"type":"Feature","properties":{"s":"st-carrer-dels-dominics"},"geometry":{"type":"MultiLineString","coordinates":[[[2.13418,41.4095],[2.13175,41.41097]]]}},{"type":"Feature","properties":{"s":"st-passatge-del-magraner"},"geometry":{"type":"MultiLineString","coordinates":[[[2.09667,41.4242],[2.09698,41.42395]]]}},{"type":"Feature","properties":{"s":"st-passatge-del-dormitori-de-sant-francesc"},"geometry":{"type":"MultiLineString","coordinates":[[[2.17828,41.37788],[2.17918,41.37755]]]}},{"type":"Feature","properties":{"s":"st-carrer-de-dosrius"},"geometry":{"type":"MultiLineString","coordinates":[[[2.14811,41.44003],[2.1474,41.4405]]]}},{"type":"Feature","properties":{"s":"st-carrer-del-drago"},"geometry":{"type":"MultiLineString","coordinates":[[[2.18585,41.43922],[2.1868,41.43898],[2.18722,41.43838]]]}},{"type":"Feature","properties":{"s":"st-carrer-de-dublin"},"geometry":{"type":"MultiLineString","coordinates":[[[2.18416,41.42866],[2.18606,41.42862],[2.18837,41.42861]]]}},{"type":"Feature","properties":{"s":"st-carrer-del-duero"},"geometry":{"type":"MultiLineString","coordinates":[[[2.166,41.4277],[2.16508,41.4286]],[[2.16362,41.42999],[2.1631,41.43046]],[[2.16481,41.42886],[2.16391,41.42972]]]}},{"type":"Feature","properties":{"s":"st-carrer-de-dulcet"},"geometry":{"type":"MultiLineString","coordinates":[[[2.11261,41.39014],[2.11444,41.39023]],[[2.11547,41.39028],[2.11667,41.39034],[2.11848,41.39045]]]}},{"type":"Feature","properties":{"s":"st-placa-de-sarria"},"geometry":{"type":"MultiLineString","coordinates":[[[2.12163,41.39969],[2.12137,41.39963],[2.12137,41.39993],[2.1215,41.39998]],[[2.12163,41.39969],[2.12215,41.39988],[2.12194,41.40016],[2.1215,41.39998]],[[2.12163,41.39969],[2.1215,41.39998]]]}},{"type":"Feature","properties":{"s":"st-placa-del-duc-de-medinaceli"},"geometry":{"type":"MultiLineString","coordinates":[[[2.17975,41.37824],[2.17874,41.37862],[2.1785,41.37825],[2.17947,41.37792],[2.17975,41.37824]]]}},{"type":"Feature","properties":{"s":"st-carrer-del-duc-de-rivas"},"geometry":{"type":"MultiLineString","coordinates":[[[2.14128,41.42282],[2.14178,41.42294]]]}},{"type":"Feature","properties":{"s":"st-carrer-del-duc"},"geometry":{"type":"MultiLineString","coordinates":[[[2.17284,41.38484],[2.17364,41.3838]]]}},{"type":"Feature","properties":{"s":"st-carrer-de-francesc-pujols"},"geometry":{"type":"MultiLineString","coordinates":[[[2.17254,41.38426],[2.1731,41.38449]]]}},{"type":"Feature","properties":{"s":"st-carrer-de-la-duquessa-d-orleans"},"geometry":{"type":"MultiLineString","coordinates":[[[2.12119,41.39718],[2.12053,41.39786],[2.12014,41.39824],[2.11985,41.39851],[2.11956,41.39911],[2.119,41.3996],[2.11834,41.40001]]]}},{"type":"Feature","properties":{"s":"st-carrer-de-duran-i-bas"},"geometry":{"type":"MultiLineString","coordinates":[[[2.17369,41.38514],[2.17433,41.38553],[2.17468,41.38561]]]}},{"type":"Feature","properties":{"s":"st-carrer-de-duran-i-borrell"},"geometry":{"type":"MultiLineString","coordinates":[[[2.14923,41.4178],[2.14948,41.41827],[2.14991,41.41889]]]}},{"type":"Feature","properties":{"s":"st-carrer-e-zona-franca"},"geometry":{"type":"MultiLineString","coordinates":[[[2.12196,41.32374],[2.12961,41.33616]]]}},{"type":"Feature","properties":{"s":"st-carrer-de-l-ebre"},"geometry":{"type":"MultiLineString","coordinates":[[[2.2028,41.40175],[2.20264,41.4016]]]}},{"type":"Feature","properties":{"s":"st-carrer-de-l-equador"},"geometry":{"type":"MultiLineString","coordinates":[[[2.13767,41.38831],[2.13865,41.38729],[2.14029,41.38572]]]}},{"type":"Feature","properties":{"s":"st-carrer-d-edison"},"geometry":{"type":"MultiLineString","coordinates":[[[2.19279,41.40984],[2.19193,41.40924],[2.19174,41.40909]]]}},{"type":"Feature","properties":{"s":"st-carrer-d-eduardo-conde"},"geometry":{"type":"MultiLineString","coordinates":[[[2.12333,41.39089],[2.12263,41.39135],[2.12206,41.39188],[2.12182,41.39212],[2.12134,41.39271],[2.12091,41.39521]]]}},{"type":"Feature","properties":{"s":"st-carrer-d-eduard-toda"},"geometry":{"type":"MultiLineString","coordinates":[[[2.16096,41.43324],[2.16039,41.43355],[2.15593,41.43623],[2.15508,41.43711]]]}},{"type":"Feature","properties":{"s":"st-placa-d-eduard-torroja"},"geometry":{"type":"MultiLineString","coordinates":[[[2.19733,41.41425],[2.19897,41.41517]],[[2.20004,41.41595],[2.19897,41.41517]],[[2.19972,41.41491],[2.19897,41.41517]]]}},{"type":"Feature","properties":{"s":"st-carrer-d-eduard-tubau"},"geometry":{"type":"MultiLineString","coordinates":[[[2.17488,41.43818],[2.17662,41.4374],[2.17741,41.43705]]]}},{"type":"Feature","properties":{"s":"st-carrer-de-les-egipciaques"},"geometry":{"type":"MultiLineString","coordinates":[[[2.16969,41.38024],[2.16857,41.38132]]]}},{"type":"Feature","properties":{"s":"st-placa-d-eguilaz"},"geometry":{"type":"MultiLineString","coordinates":[[[2.13221,41.3944],[2.13201,41.39427]],[[2.13201,41.39427],[2.13147,41.39391],[2.13149,41.39406],[2.13201,41.39427]]]}},{"type":"Feature","properties":{"s":"st-carrer-de-la-menta"},"geometry":{"type":"MultiLineString","coordinates":[[[2.10042,41.42518],[2.10135,41.42639]],[[2.10147,41.42607],[2.10135,41.42639]],[[2.10135,41.42639],[2.10077,41.42936],[2.10063,41.42971],[2.10089,41.42983]]]}},{"type":"Feature","properties":{"s":"st-carrer-d-eiximenis"},"geometry":{"type":"MultiLineString","coordinates":[[[2.18923,41.44204],[2.18942,41.44001]]]}},{"type":"Feature","properties":{"s":"st-carrer-d-elkano"},"geometry":{"type":"MultiLineString","coordinates":[[[2.16274,41.37327],[2.16596,41.37226]]]}},{"type":"Feature","properties":{"s":"st-carrer-d-elisenda-de-pinos"},"geometry":{"type":"MultiLineString","coordinates":[[[2.11395,41.39987],[2.11523,41.39929],[2.11572,41.39849]],[[2.11559,41.39833],[2.11567,41.39821]],[[2.11616,41.39751],[2.11588,41.39818]]]}},{"type":"Feature","properties":{"s":"st-avinguda-d-elies-pages"},"geometry":{"type":"MultiLineString","coordinates":[[[2.13381,41.42895],[2.13355,41.42889]],[[2.1349,41.42747],[2.13566,41.42734],[2.1353,41.42717],[2.1349,41.42747]],[[2.1349,41.42747],[2.13409,41.42778],[2.13292,41.4283],[2.13355,41.42889]],[[2.13355,41.42889],[2.132,41.42901],[2.1316,41.42874]]]}},{"type":"Feature","properties":{"s":"st-carrer-d-elisa"},"geometry":{"type":"MultiLineString","coordinates":[[[2.14252,41.40505],[2.14042,41.40575]]]}},{"type":"Feature","properties":{"s":"st-carrer-d-elisabets"},"geometry":{"type":"MultiLineString","coordinates":[[[2.16932,41.38379],[2.16784,41.38291]]]}},{"type":"Feature","properties":{"s":"st-passatge-d-elisabets"},"geometry":{"type":"MultiLineString","coordinates":[[[2.16985,41.38295],[2.16899,41.3836]]]}},{"type":"Feature","properties":{"s":"st-carrer-de-l-emancipacio"},"geometry":{"type":"MultiLineString","coordinates":[[[2.12946,41.40198],[2.13336,41.40367]]]}},{"type":"Feature","properties":{"s":"st-carrer-d-emerita-augusta"},"geometry":{"type":"MultiLineString","coordinates":[[[2.12697,41.37822],[2.12575,41.37938]]]}},{"type":"Feature","properties":{"s":"st-carrer-d-emili-roca"},"geometry":{"type":"MultiLineString","coordinates":[[[2.17807,41.42805],[2.17815,41.43146],[2.17827,41.43189]]]}},{"type":"Feature","properties":{"s":"st-placa-d-emili-vendrell"},"geometry":{"type":"MultiLineString","coordinates":[[[2.16697,41.38144],[2.16698,41.38117]]]}},{"type":"Feature","properties":{"s":"st-placa-d-emili-vilanova"},"geometry":{"type":"MultiLineString","coordinates":[[[2.1793,41.38353],[2.17903,41.38333]]]}},{"type":"Feature","properties":{"s":"st-carrer-dels-enamorats"},"geometry":{"type":"MultiLineString","coordinates":[[[2.18515,41.40905],[2.18486,41.40844],[2.18396,41.40733]]]}},{"type":"Feature","properties":{"s":"st-carrer-de-l-encarnacio"},"geometry":{"type":"MultiLineString","coordinates":[[[2.16776,41.4112],[2.16662,41.41048],[2.16559,41.40985],[2.16477,41.40933],[2.1643,41.40904],[2.16388,41.40881]],[[2.15806,41.40515],[2.15866,41.40551],[2.16136,41.40722],[2.16236,41.40783],[2.16383,41.40863]]]}},{"type":"Feature","properties":{"s":"st-passatge-de-l-encarnacio"},"geometry":{"type":"MultiLineString","coordinates":[[[2.16611,41.41017],[2.16514,41.41091]]]}},{"type":"Feature","properties":{"s":"st-passadis-de-l-encarnacio"},"geometry":{"type":"MultiLineString","coordinates":[[[2.16547,41.41065],[2.16525,41.41047]]]}},{"type":"Feature","properties":{"s":"st-pas-de-l-encarnacio"},"geometry":{"type":"MultiLineString","coordinates":[[[2.16559,41.40985],[2.16578,41.41042]]]}},{"type":"Feature","properties":{"s":"st-carrer-de-l-alzina"},"geometry":{"type":"MultiLineString","coordinates":[[[2.15703,41.40577],[2.15565,41.40725],[2.15508,41.40787]]]}},{"type":"Feature","properties":{"s":"st-avinguda-de-l-alzinar"},"geometry":{"type":"MultiLineString","coordinates":[[[2.18295,41.4613],[2.18261,41.46181],[2.18374,41.46317]]]}},{"type":"Feature","properties":{"s":"st-carrer-de-l-energia"},"geometry":{"type":"MultiLineString","coordinates":[[[2.13445,41.36095],[2.13468,41.3607],[2.13532,41.35979],[2.1357,41.35931],[2.13631,41.35843],[2.13721,41.35718]],[[2.13513,41.35864],[2.13559,41.35807]]]}},{"type":"Feature","properties":{"s":"st-carrer-de-ramon-turro"},"geometry":{"type":"MultiLineString","coordinates":[[[2.20391,41.40078],[2.20289,41.39985],[2.19613,41.39482],[2.19502,41.39396],[2.19376,41.39301],[2.19149,41.39133],[2.18922,41.38964]],[[2.21192,41.40667],[2.21075,41.40582],[2.20851,41.40408],[2.20738,41.40325],[2.20626,41.40241],[2.20523,41.40161],[2.20452,41.40102]]]}},{"type":"Feature","properties":{"s":"st-carrer-d-enric-morera"},"geometry":{"type":"MultiLineString","coordinates":[[[2.12708,41.39182],[2.12742,41.39114]]]}},{"type":"Feature","properties":{"s":"st-carrer-de-la-savina"},"geometry":{"type":"MultiLineString","coordinates":[[[2.0975,41.42453],[2.09874,41.42556],[2.09915,41.42561]]]}},{"type":"Feature","properties":{"s":"st-carrer-d-enric-gimenez"},"geometry":{"type":"MultiLineString","coordinates":[[[2.12024,41.39403],[2.11828,41.39684]],[[2.11752,41.39791],[2.11804,41.39713]]]}},{"type":"Feature","properties":{"s":"st-passeig-d-enric-sanchis"},"geometry":{"type":"MultiLineString","coordinates":[[[2.20435,41.43612],[2.20496,41.43542],[2.20573,41.4343]],[[2.20573,41.4343],[2.20592,41.43409],[2.2061,41.43294]],[[2.20573,41.4343],[2.20439,41.43417]]]}},{"type":"Feature","properties":{"s":"st-carrer-de-l-ensenyanca"},"geometry":{"type":"MultiLineString","coordinates":[[[2.17647,41.38215],[2.17628,41.38229]]]}},{"type":"Feature","properties":{"s":"st-carrer-de-carles-collet"},"geometry":{"type":"MultiLineString","coordinates":[[[2.15496,41.43357],[2.15397,41.43439],[2.15316,41.43484]]]}},{"type":"Feature","properties":{"s":"st-carrer-d-entenca"},"geometry":{"type":"MultiLineString","coordinates":[[[2.14092,41.38703],[2.1397,41.38818],[2.1389,41.38904],[2.13713,41.39077]]]}},{"type":"Feature","properties":{"s":"st-carrer-de-l-epir"},"geometry":{"type":"MultiLineString","coordinates":[[[2.21928,41.41392],[2.21848,41.41455]],[[2.21834,41.41444],[2.21812,41.41461]]]}},{"type":"Feature","properties":{"s":"st-carrer-d-erasme-de-janer"},"geometry":{"type":"MultiLineString","coordinates":[[[2.1662,41.37968],[2.16555,41.38045]]]}},{"type":"Feature","properties":{"s":"st-carrer-d-ercilla"},"geometry":{"type":"MultiLineString","coordinates":[[[2.1702,41.42201],[2.17145,41.42157],[2.17143,41.42042],[2.17125,41.42019],[2.17095,41.41984],[2.17079,41.41969]]]}},{"type":"Feature","properties":{"s":"st-passatge-d-ercilla"},"geometry":{"type":"MultiLineString","coordinates":[[[2.17042,41.42119],[2.17145,41.42157]]]}},{"type":"Feature","properties":{"s":"st-placa-d-herenni"},"geometry":{"type":"MultiLineString","coordinates":[[[2.14366,41.37653],[2.14355,41.37663],[2.14291,41.37629],[2.14315,41.37606],[2.14378,41.37639],[2.14366,41.37653]]]}},{"type":"Feature","properties":{"s":"st-carrer-d-ermengarda"},"geometry":{"type":"MultiLineString","coordinates":[[[2.14383,41.3773],[2.14255,41.37664],[2.142,41.37637],[2.1411,41.37598]]]}},{"type":"Feature","properties":{"s":"st-carrer-del-tremol"},"geometry":{"type":"MultiLineString","coordinates":[[[2.09434,41.43081],[2.09534,41.4329]]]}},{"type":"Feature","properties":{"s":"st-carrer-de-l-escala"},"geometry":{"type":"MultiLineString","coordinates":[[[2.16793,41.43498],[2.16865,41.43487]]]}},{"type":"Feature","properties":{"s":"st-carrer-de-les-escales-de-can-caralleu"},"geometry":{"type":"MultiLineString","coordinates":[[[2.10971,41.40288],[2.10941,41.4032]]]}},{"type":"Feature","properties":{"s":"st-escales-de-la-gatosa"},"geometry":{"type":"MultiLineString","coordinates":[[[2.08808,41.42254],[2.08791,41.42228]],[[2.0883,41.42246],[2.08859,41.42281]],[[2.08908,41.42284],[2.0894,41.42361]],[[2.08952,41.42364],[2.08974,41.42403],[2.08965,41.42455]],[[2.08987,41.42468],[2.09016,41.42559]]]}},{"type":"Feature","properties":{"s":"st-escales-de-bellavista"},"geometry":{"type":"MultiLineString","coordinates":[[[2.08657,41.42789],[2.08588,41.42741]]]}},{"type":"Feature","properties":{"s":"st-carrer-de-salvador-alarma"},"geometry":{"type":"MultiLineString","coordinates":[[[2.1331,41.41822],[2.13376,41.41887],[2.13404,41.4191],[2.13482,41.41961]]]}},{"type":"Feature","properties":{"s":"st-carrer-d-escipio"},"geometry":{"type":"MultiLineString","coordinates":[[[2.14718,41.40857],[2.14579,41.40741],[2.14378,41.40567]]]}},{"type":"Feature","properties":{"s":"st-carrer-d-escocia"},"geometry":{"type":"MultiLineString","coordinates":[[[2.18416,41.42866],[2.18171,41.42866]],[[2.18076,41.42867],[2.1773,41.42868],[2.17632,41.42851]]]}},{"type":"Feature","properties":{"s":"st-passatge-d-escocia"},"geometry":{"type":"MultiLineString","coordinates":[[[2.18317,41.42903],[2.18318,41.42866]]]}},{"type":"Feature","properties":{"s":"st-avinguda-d-escolapi-cancer"},"geometry":{"type":"MultiLineString","coordinates":[[[2.17333,41.45322],[2.17487,41.45355],[2.17613,41.45443],[2.17727,41.45606],[2.17749,41.45634],[2.17765,41.45679],[2.17672,41.45688]],[[2.17672,41.45688],[2.17876,41.4575],[2.18056,41.45838],[2.18113,41.45982],[2.18163,41.46014]],[[2.17672,41.45688],[2.17502,41.45607]]]}},{"type":"Feature","properties":{"s":"st-carrer-de-l-escorial"},"geometry":{"type":"MultiLineString","coordinates":[[[2.16265,41.40587],[2.16202,41.40656],[2.16136,41.40722],[2.16085,41.40776],[2.16017,41.40851],[2.15956,41.40911],[2.1591,41.40962],[2.1576,41.41122],[2.15725,41.41155],[2.15685,41.41206]],[[2.16352,41.40491],[2.16304,41.40544]]]}},{"type":"Feature","properties":{"s":"st-carrer-d-escornalbou"},"geometry":{"type":"MultiLineString","coordinates":[[[2.17608,41.41815],[2.17709,41.41792],[2.17975,41.41727],[2.18039,41.41716]]]}},{"type":"Feature","properties":{"s":"st-carrer-d-escudellers"},"geometry":{"type":"MultiLineString","coordinates":[[[2.17549,41.37864],[2.17604,41.37927],[2.1764,41.37966],[2.17667,41.37992],[2.17702,41.38021],[2.17717,41.38028],[2.17773,41.38047],[2.17803,41.38061]]]}},{"type":"Feature","properties":{"s":"st-passatge-d-escudellers"},"geometry":{"type":"MultiLineString","coordinates":[[[2.1761,41.37934],[2.17678,41.37876]]]}},{"type":"Feature","properties":{"s":"st-carrer-d-escudellers-blancs"},"geometry":{"type":"MultiLineString","coordinates":[[[2.17571,41.3807],[2.17634,41.38023]]]}},{"type":"Feature","properties":{"s":"st-carrer-d-escuder"},"geometry":{"type":"MultiLineString","coordinates":[[[2.18808,41.37942],[2.18911,41.37965]]]}},{"type":"Feature","properties":{"s":"st-riera-d-escuder"},"geometry":{"type":"MultiLineString","coordinates":[[[2.13277,41.37425],[2.1322,41.37546],[2.13177,41.37624],[2.13131,41.37687]]]}},{"type":"Feature","properties":{"s":"st-carrer-del-codonyer"},"geometry":{"type":"MultiLineString","coordinates":[[[2.09874,41.42556],[2.09798,41.42624]]]}},{"type":"Feature","properties":{"s":"st-carrer-de-les-escoles"},"geometry":{"type":"MultiLineString","coordinates":[[[2.19018,41.4093],[2.18896,41.40962]]]}},{"type":"Feature","properties":{"s":"st-carrer-de-les-escoles-pies"},"geometry":{"type":"MultiLineString","coordinates":[[[2.1366,41.39419],[2.13623,41.39504],[2.13504,41.39628],[2.13357,41.39777]],[[2.13315,41.3982],[2.13217,41.39923],[2.13074,41.40067],[2.12636,41.40514],[2.12474,41.40684]]]}},{"type":"Feature","properties":{"s":"st-carrer-de-l-escultor-canet"},"geometry":{"type":"MultiLineString","coordinates":[[[2.12823,41.37424],[2.12634,41.37336],[2.12498,41.37315]]]}},{"type":"Feature","properties":{"s":"st-carrer-d-enric-claraso"},"geometry":{"type":"MultiLineString","coordinates":[[[2.13365,41.41801],[2.13421,41.41856],[2.13512,41.4192]]]}},{"type":"Feature","properties":{"s":"st-carrer-de-l-escultor-llimona"},"geometry":{"type":"MultiLineString","coordinates":[[[2.1672,41.42758],[2.16843,41.42815],[2.16915,41.42798],[2.16978,41.4278],[2.17009,41.42715]]]}},{"type":"Feature","properties":{"s":"st-carrer-de-l-escultor-ordonez"},"geometry":{"type":"MultiLineString","coordinates":[[[2.17384,41.43212],[2.17476,41.43329],[2.17503,41.43385],[2.17586,41.43484],[2.17652,41.43604],[2.17741,41.43705],[2.1781,41.4379],[2.17886,41.43859],[2.17926,41.43863]]]}},{"type":"Feature","properties":{"s":"st-placa-de-l-escultor-ramir-rocamora"},"geometry":{"type":"MultiLineString","coordinates":[[[2.10662,41.39388],[2.10629,41.39408]]]}},{"type":"Feature","properties":{"s":"st-carrer-dels-escultors-claperos"},"geometry":{"type":"MultiLineString","coordinates":[[[2.19051,41.41137],[2.1903,41.40962],[2.19018,41.4093],[2.18995,41.40905],[2.1895,41.4077],[2.18904,41.40623],[2.18918,41.40509]]]}},{"type":"Feature","properties":{"s":"st-carrer-de-l-escultura"},"geometry":{"type":"MultiLineString","coordinates":[[[2.14128,41.43083],[2.14095,41.43085],[2.14072,41.43083],[2.14032,41.43068]],[[2.14193,41.43054],[2.14154,41.43064]]]}},{"type":"Feature","properties":{"s":"st-placa-d-isop"},"geometry":{"type":"MultiLineString","coordinates":[[[2.14579,41.42356],[2.14584,41.42347],[2.14572,41.42344],[2.14558,41.42368],[2.14579,41.42356]]]}},{"type":"Feature","properties":{"s":"st-carrer-d-espaseria"},"geometry":{"type":"MultiLineString","coordinates":[[[2.18277,41.3831],[2.18203,41.38343]]]}},{"type":"Feature","properties":{"s":"st-carrer-d-espalter"},"geometry":{"type":"MultiLineString","coordinates":[[[2.1711,41.37821],[2.17054,41.37866]]]}},{"type":"Feature","properties":{"s":"st-carrer-de-l-espanya-industrial"},"geometry":{"type":"MultiLineString","coordinates":[[[2.14045,41.3753],[2.14048,41.37648]]]}},{"type":"Feature","properties":{"s":"st-carrer-d-esparreguera"},"geometry":{"type":"MultiLineString","coordinates":[[[2.15635,41.39801],[2.15703,41.39851]]]}},{"type":"Feature","properties":{"s":"st-carrer-de-l-esparteria"},"geometry":{"type":"MultiLineString","coordinates":[[[2.18286,41.38373],[2.1828,41.38376],[2.18348,41.38486]]]}},{"type":"Feature","properties":{"s":"st-carrer-de-l-esparver"},"geometry":{"type":"MultiLineString","coordinates":[[[2.14358,41.35799],[2.14387,41.35798],[2.14525,41.35713]]]}},{"type":"Feature","properties":{"s":"st-avinguda-d-espasa"},"geometry":{"type":"MultiLineString","coordinates":[[[2.11483,41.39631],[2.11313,41.39726]]]}},{"type":"Feature","properties":{"s":"st-carrer-de-l-esperanca"},"geometry":{"type":"MultiLineString","coordinates":[[[2.12498,41.4032],[2.1272,41.4043],[2.1287,41.40509]]]}},{"type":"Feature","properties":{"s":"st-passatge-de-l-esperanca"},"geometry":{"type":"MultiLineString","coordinates":[[[2.17732,41.4291],[2.17635,41.42911]]]}},{"type":"Feature","properties":{"s":"st-carrer-d-espiell"},"geometry":{"type":"MultiLineString","coordinates":[[[2.16844,41.42943],[2.16791,41.42962],[2.1669,41.43003],[2.16596,41.43052]]]}},{"type":"Feature","properties":{"s":"st-passatge-d-espiell"},"geometry":{"type":"MultiLineString","coordinates":[[[2.15981,41.42495],[2.1586,41.42453]]]}},{"type":"Feature","properties":{"s":"st-carrer-de-l-espiga"},"geometry":{"type":"MultiLineString","coordinates":[[[2.18061,41.4268],[2.17957,41.42601]]]}},{"type":"Feature","properties":{"s":"st-carrer-d-espinauga"},"geometry":{"type":"MultiLineString","coordinates":[[[2.16717,41.43494],[2.16668,41.43506],[2.16618,41.43514],[2.16566,41.43527],[2.16399,41.43565]]]}},{"type":"Feature","properties":{"s":"st-carrer-d-espinoi"},"geometry":{"type":"MultiLineString","coordinates":[[[2.14137,41.41096],[2.14082,41.41058],[2.14024,41.41015]]]}},{"type":"Feature","properties":{"s":"st-passatge-d-espiria"},"geometry":{"type":"MultiLineString","coordinates":[[[2.14846,41.4108],[2.1475,41.4117]]]}},{"type":"Feature","properties":{"s":"st-avinguda-d-esplugues"},"geometry":{"type":"MultiLineString","coordinates":[[[2.11169,41.39264],[2.11113,41.39126],[2.10993,41.39048],[2.1082,41.38937],[2.10734,41.38828],[2.10628,41.38712],[2.1036,41.38412],[2.10161,41.38196]],[[2.11169,41.39264],[2.11208,41.39399],[2.11253,41.39439],[2.11323,41.39495],[2.11348,41.39524]],[[2.11169,41.39264],[2.11151,41.39255]]]}},{"type":"Feature","properties":{"s":"st-carrer-d-espronceda"},"geometry":{"type":"MultiLineString","coordinates":[[[2.18392,41.42088],[2.18453,41.42047],[2.18567,41.41963],[2.18692,41.41865],[2.18856,41.41747],[2.19119,41.41544],[2.19243,41.41455],[2.19467,41.41282],[2.19582,41.41201],[2.19706,41.41104],[2.19949,41.40922],[2.20208,41.40725]],[[2.20893,41.40208],[2.20627,41.40409],[2.20323,41.40637]],[[2.2104,41.40097],[2.2092,41.40188]],[[2.20238,41.40703],[2.20315,41.40645]]]}},{"type":"Feature","properties":{"s":"st-carrer-d-esquirol"},"geometry":{"type":"MultiLineString","coordinates":[[[2.1799,41.38425],[2.1796,41.38447]]]}},{"type":"Feature","properties":{"s":"st-carrer-de-l-estacio"},"geometry":{"type":"MultiLineString","coordinates":[[[2.19274,41.43468],[2.19267,41.43612]]]}},{"type":"Feature","properties":{"s":"st-carrer-del-tren"},"geometry":{"type":"MultiLineString","coordinates":[[[2.09195,41.42824],[2.09226,41.42745]]]}},{"type":"Feature","properties":{"s":"st-passatge-de-l-estacio"},"geometry":{"type":"MultiLineString","coordinates":[[[2.19273,41.435],[2.19331,41.43514]]]}},{"type":"Feature","properties":{"s":"st-placa-de-l-estacio"},"geometry":{"type":"MultiLineString","coordinates":[[[2.19224,41.43599],[2.19311,41.43626],[2.19313,41.43594],[2.19224,41.43599]]]}},{"type":"Feature","properties":{"s":"st-carrer-d-estadella"},"geometry":{"type":"MultiLineString","coordinates":[[[2.20137,41.43513],[2.20281,41.43528],[2.20581,41.43547],[2.20709,41.4355],[2.20906,41.43578]]]}},{"type":"Feature","properties":{"s":"st-torrent-d-estadella"},"geometry":{"type":"MultiLineString","coordinates":[[[2.19535,41.43363],[2.19806,41.43416],[2.20014,41.43413],[2.20148,41.43417]]]}},{"type":"Feature","properties":{"s":"st-avinguda-de-l-estadi"},"geometry":{"type":"MultiLineString","coordinates":[[[2.16011,41.36807],[2.15979,41.36787],[2.159,41.3674],[2.15777,41.36672],[2.15643,41.36625],[2.15404,41.36609],[2.14578,41.36561],[2.14482,41.36678],[2.14509,41.367]]]}},{"type":"Feature","properties":{"s":"st-carrer-de-pere-sala"},"geometry":{"type":"MultiLineString","coordinates":[[[2.1597,41.41505],[2.16042,41.41549]]]}},{"type":"Feature","properties":{"s":"st-carrer-de-l-estany"},"geometry":{"type":"MultiLineString","coordinates":[[[2.14022,41.35568],[2.14173,41.35362]]]}},{"type":"Feature","properties":{"s":"st-carrer-de-l-est"},"geometry":{"type":"MultiLineString","coordinates":[[[2.17289,41.37778],[2.17399,41.37706]]]}},{"type":"Feature","properties":{"s":"st-carrer-d-esteve-terradas"},"geometry":{"type":"MultiLineString","coordinates":[[[2.14298,41.41257],[2.14067,41.41361],[2.13967,41.41519],[2.13812,41.41533]]]}},{"type":"Feature","properties":{"s":"st-carrer-d-esteras"},"geometry":{"type":"MultiLineString","coordinates":[[[2.13046,41.37153],[2.12971,41.37113],[2.12934,41.37062]]]}},{"type":"Feature","properties":{"s":"st-carrer-d-estoril"},"geometry":{"type":"MultiLineString","coordinates":[[[2.16138,41.42893],[2.16222,41.42805],[2.16291,41.42757],[2.16322,41.42736],[2.16359,41.4272]]]}},{"type":"Feature","properties":{"s":"st-carrer-de-l-estel"},"geometry":{"type":"MultiLineString","coordinates":[[[2.17089,41.37644],[2.17126,41.37621]]]}},{"type":"Feature","properties":{"s":"st-carrer-de-l-estudiant"},"geometry":{"type":"MultiLineString","coordinates":[[[2.17624,41.4323],[2.17761,41.43399],[2.17829,41.43478]],[[2.17873,41.43531],[2.17829,41.43478]],[[2.17829,41.43478],[2.17894,41.43447]]]}},{"type":"Feature","properties":{"s":"st-carrero-dels-estudis"},"geometry":{"type":"MultiLineString","coordinates":[[[2.12075,41.39941],[2.12052,41.39965]]]}},{"type":"Feature","properties":{"s":"st-carrer-de-l-eterna-memoria"},"geometry":{"type":"MultiLineString","coordinates":[[[2.18242,41.41303],[2.18189,41.41323],[2.18124,41.41334]]]}},{"type":"Feature","properties":{"s":"st-placa-dels-eucaliptus"},"geometry":{"type":"MultiLineString","coordinates":[[[2.18102,41.46065],[2.18163,41.46014]],[[2.18052,41.46028],[2.18113,41.45982]]]}},{"type":"Feature","properties":{"s":"st-carrer-d-euclides"},"geometry":{"type":"MultiLineString","coordinates":[[[2.16688,41.42908],[2.16731,41.42845]]]}},{"type":"Feature","properties":{"s":"st-carrer-d-eugeni-d-ors"},"geometry":{"type":"MultiLineString","coordinates":[[[2.1292,41.38425],[2.12766,41.38378]]]}},{"type":"Feature","properties":{"s":"st-carrer-de-les-heures"},"geometry":{"type":"MultiLineString","coordinates":[[[2.17507,41.38059],[2.17539,41.38093]]]}},{"type":"Feature","properties":{"s":"st-carrer-d-europa"},"geometry":{"type":"MultiLineString","coordinates":[[[2.12714,41.38643],[2.12807,41.38668],[2.12913,41.38692],[2.1312,41.38746],[2.13246,41.38775]]]}},{"type":"Feature","properties":{"s":"st-placa-d-eusebi-guell"},"geometry":{"type":"MultiLineString","coordinates":[[[2.11459,41.39053],[2.11444,41.39023],[2.1147,41.38992],[2.11547,41.39028],[2.11459,41.39053]]]}},{"type":"Feature","properties":{"s":"st-carrer-d-eusebi-planas"},"geometry":{"type":"MultiLineString","coordinates":[[[2.13772,41.37725],[2.1377,41.37602]]]}},{"type":"Feature","properties":{"s":"st-carrer-d-euterpe"},"geometry":{"type":"MultiLineString","coordinates":[[[2.12289,41.39893],[2.12258,41.39927]]]}},{"type":"Feature","properties":{"s":"st-carrer-d-evarist-arnus"},"geometry":{"type":"MultiLineString","coordinates":[[[2.13661,41.38388],[2.13537,41.38343],[2.13178,41.38217]]]}},{"type":"Feature","properties":{"s":"st-pla-de-montbau"},"geometry":{"type":"MultiLineString","coordinates":[[[2.14311,41.43084],[2.14326,41.43016]]]}},{"type":"Feature","properties":{"s":"st-passeig-de-l-exposicio"},"geometry":{"type":"MultiLineString","coordinates":[[[2.1584,41.37011],[2.15891,41.37081],[2.15973,41.3713],[2.16024,41.37143],[2.16088,41.37148],[2.16205,41.37146],[2.16275,41.37138],[2.16343,41.37125],[2.1641,41.37111],[2.16474,41.37088],[2.16545,41.37053]]]}},{"type":"Feature","properties":{"s":"st-carrer-d-extremadura"},"geometry":{"type":"MultiLineString","coordinates":[[[2.2114,41.42188],[2.21128,41.42276],[2.20952,41.42445],[2.20934,41.42486],[2.20909,41.42535]]]}},{"type":"Feature","properties":{"s":"st-carrer-d-ezequiel-boixet"},"geometry":{"type":"MultiLineString","coordinates":[[[2.15949,41.41521],[2.15878,41.41533]]]}},{"type":"Feature","properties":{"s":"st-carrer-f-zona-franca"},"geometry":{"type":"MultiLineString","coordinates":[[[2.12445,41.33257],[2.11944,41.32447]]]}},{"type":"Feature","properties":{"s":"st-passeig-de-fabra-i-puig"},"geometry":{"type":"MultiLineString","coordinates":[[[2.16409,41.43117],[2.16314,41.4322],[2.16312,41.433],[2.16335,41.4338],[2.16369,41.43491],[2.16388,41.4354],[2.16426,41.43628],[2.16536,41.43797],[2.16631,41.43925]],[[2.16409,41.43117],[2.16357,41.43079]],[[2.16409,41.43117],[2.16504,41.43072],[2.16596,41.43052],[2.16687,41.43045],[2.16732,41.43043],[2.17436,41.43031]],[[2.18461,41.43017],[2.18175,41.4302],[2.17812,41.43027],[2.17522,41.4303]],[[2.16684,41.4392],[2.16654,41.43747]],[[2.16509,41.43856],[2.16499,41.43806]]]}},{"type":"Feature","properties":{"s":"st-carrer-de-les-fages"},"geometry":{"type":"MultiLineString","coordinates":[[[2.16671,41.43421],[2.1666,41.43396]]]}},{"type":"Feature","properties":{"s":"st-carrer-de-fenals"},"geometry":{"type":"MultiLineString","coordinates":[[[2.18234,41.44648],[2.18091,41.44782]]]}},{"type":"Feature","properties":{"s":"st-carrer-del-farell"},"geometry":{"type":"MultiLineString","coordinates":[[[2.14356,41.37302],[2.14473,41.37173]]]}},{"type":"Feature","properties":{"s":"st-placa-de-la-farga"},"geometry":{"type":"MultiLineString","coordinates":[[[2.13786,41.37235],[2.13805,41.37198],[2.13889,41.37226],[2.13868,41.37262],[2.13786,41.37235]]]}},{"type":"Feature","properties":{"s":"st-carrer-de-la-farigola"},"geometry":{"type":"MultiLineString","coordinates":[[[2.14616,41.41095],[2.14635,41.41144],[2.1464,41.41177],[2.14631,41.4121],[2.14682,41.41361],[2.14715,41.41406],[2.14761,41.41446],[2.1481,41.41547]]]}},{"type":"Feature","properties":{"s":"st-carrer-de-francesc-carbonell"},"geometry":{"type":"MultiLineString","coordinates":[[[2.12777,41.39389],[2.12644,41.39322],[2.12462,41.39234],[2.12333,41.39174],[2.12263,41.39135]]]}},{"type":"Feature","properties":{"s":"st-carrer-de-farnes"},"geometry":{"type":"MultiLineString","coordinates":[[[2.15624,41.42776],[2.15461,41.42727],[2.15387,41.42674],[2.15291,41.42601]]]}},{"type":"Feature","properties":{"s":"st-cami-del-far"},"geometry":{"type":"MultiLineString","coordinates":[[[2.16578,41.36086],[2.16329,41.35893]]]}},{"type":"Feature","properties":{"s":"st-carrer-de-fastenrath"},"geometry":{"type":"MultiLineString","coordinates":[[[2.15376,41.42206],[2.1528,41.42191],[2.15226,41.42171],[2.15115,41.42164],[2.15065,41.42189],[2.15001,41.42266],[2.14944,41.42297],[2.14867,41.42303],[2.14753,41.42277],[2.14725,41.4226],[2.1441,41.42161],[2.1432,41.42157],[2.14273,41.42198]]]}},{"type":"Feature","properties":{"s":"st-carrer-de-fatima"},"geometry":{"type":"MultiLineString","coordinates":[[[2.15625,41.43248],[2.15538,41.43248]]]}},{"type":"Feature","properties":{"s":"st-via-favencia"},"geometry":{"type":"MultiLineString","coordinates":[[[2.16326,41.44036],[2.16452,41.44078],[2.16533,41.44109]],[[2.16657,41.44156],[2.16533,41.44109]],[[2.16657,41.44156],[2.16533,41.44109]],[[2.16657,41.44156],[2.16794,41.44208]],[[2.16657,41.44156],[2.16794,41.44208]],[[2.17621,41.4452],[2.17524,41.44485],[2.17407,41.44441]],[[2.17621,41.4452],[2.17684,41.44539]],[[2.17621,41.4452],[2.17684,41.44539]],[[2.17684,41.44539],[2.17735,41.44555]],[[2.17684,41.44539],[2.17735,41.44555]],[[2.17164,41.44348],[2.17031,41.443]],[[2.17164,41.44348],[2.17031,41.443]],[[2.17164,41.44348],[2.17287,41.44373],[2.17407,41.44441]],[[2.17164,41.44348],[2.17253,41.44403],[2.17407,41.44441]],[[2.17735,41.44555],[2.1778,41.44567],[2.17827,41.44579],[2.17959,41.44607],[2.1814,41.44635],[2.18313,41.44658],[2.18483,41.44672],[2.18684,41.44691],[2.1874,41.44696],[2.1877,41.44697],[2.1896,41.44695],[2.19052,41.44693],[2.19279,41.44699],[2.19475,41.4476]],[[2.17031,41.443],[2.16794,41.44208]]]}},{"type":"Feature","properties":{"s":"st-carrer-de-federico-garcia-lorca"},"geometry":{"type":"MultiLineString","coordinates":[[[2.16533,41.44109],[2.16448,41.44276],[2.16546,41.44374],[2.16737,41.44386],[2.16747,41.44367],[2.16768,41.44335],[2.16758,41.44296],[2.16794,41.44208]]]}},{"type":"Feature","properties":{"s":"st-carrer-d-alexandre-gali"},"geometry":{"type":"MultiLineString","coordinates":[[[2.18147,41.42387],[2.17844,41.42619],[2.17721,41.4271]]]}},{"type":"Feature","properties":{"s":"st-avinguda-de-frederic-rahola"},"geometry":{"type":"MultiLineString","coordinates":[[[2.169,41.42408],[2.16714,41.42525],[2.16565,41.42563],[2.16503,41.42567],[2.16486,41.42662],[2.16499,41.4278]]]}},{"type":"Feature","properties":{"s":"st-placa-de-frederic-soler"},"geometry":{"type":"MultiLineString","coordinates":[[[2.13809,41.40492],[2.1378,41.40507],[2.13802,41.40533],[2.13833,41.40517],[2.13809,41.40492]]]}},{"type":"Feature","properties":{"s":"st-carrer-de-feijoo"},"geometry":{"type":"MultiLineString","coordinates":[[[2.15534,41.42072],[2.15494,41.42001]]]}},{"type":"Feature","properties":{"s":"st-carrer-de-la-feixa-llarga"},"geometry":{"type":"MultiLineString","coordinates":[[[2.11189,41.33537],[2.11029,41.33651],[2.10964,41.33706]],[[2.1091,41.33751],[2.10777,41.33869]]]}},{"type":"Feature","properties":{"s":"st-carrer-de-felanitx"},"geometry":{"type":"MultiLineString","coordinates":[[[2.17373,41.43514],[2.17307,41.43543],[2.17237,41.43576]]]}},{"type":"Feature","properties":{"s":"st-carrer-de-felip-ii"},"geometry":{"type":"MultiLineString","coordinates":[[[2.18691,41.42032],[2.18908,41.41874],[2.19127,41.41707],[2.19357,41.4154]],[[2.18395,41.42265],[2.18568,41.4213],[2.18691,41.42056]],[[2.18395,41.42265],[2.18397,41.42315],[2.18326,41.42322]],[[2.18395,41.42265],[2.18326,41.42322]],[[2.18058,41.42523],[2.18193,41.42419],[2.18235,41.4239],[2.18312,41.42324],[2.18326,41.42322]],[[2.18024,41.42551],[2.17887,41.42651],[2.17821,41.42705],[2.17658,41.42828],[2.17519,41.42945]]]}},{"type":"Feature","properties":{"s":"st-carrer-de-felip-bertran-i-guell"},"geometry":{"type":"MultiLineString","coordinates":[[[2.18193,41.42419],[2.18268,41.42475],[2.18322,41.4247],[2.18419,41.42465]]]}},{"type":"Feature","properties":{"s":"st-carrer-de-felip-gil"},"geometry":{"type":"MultiLineString","coordinates":[[[2.14327,41.40703],[2.14366,41.40733]]]}},{"type":"Feature","properties":{"s":"st-carrer-de-felip-de-malla"},"geometry":{"type":"MultiLineString","coordinates":[[[2.21579,41.41553],[2.21645,41.41601],[2.21699,41.41643],[2.21777,41.41698]]]}},{"type":"Feature","properties":{"s":"st-carrer-de-felipe-de-paz"},"geometry":{"type":"MultiLineString","coordinates":[[[2.12391,41.37811],[2.12431,41.37834],[2.12478,41.37863],[2.12575,41.37938],[2.12669,41.37996]]]}},{"type":"Feature","properties":{"s":"st-passatge-de-felipe-de-paz"},"geometry":{"type":"MultiLineString","coordinates":[[[2.12431,41.37834],[2.12404,41.37877]]]}},{"type":"Feature","properties":{"s":"st-carrer-de-feliu"},"geometry":{"type":"MultiLineString","coordinates":[[[2.1757,41.41774],[2.17509,41.41808],[2.17419,41.41794]]]}},{"type":"Feature","properties":{"s":"st-passatge-de-feliu"},"geometry":{"type":"MultiLineString","coordinates":[[[2.15391,41.42856],[2.15307,41.42855],[2.15278,41.42839],[2.1517,41.428],[2.15088,41.42805]]]}},{"type":"Feature","properties":{"s":"st-carrer-de-feliu-casanova"},"geometry":{"type":"MultiLineString","coordinates":[[[2.13029,41.37435],[2.12971,41.37551]]]}},{"type":"Feature","properties":{"s":"st-passatge-de-feliu-casanova"},"geometry":{"type":"MultiLineString","coordinates":[[[2.12957,41.37456],[2.12953,41.37516]]]}},{"type":"Feature","properties":{"s":"st-carrer-de-feliu-i-codina"},"geometry":{"type":"MultiLineString","coordinates":[[[2.16001,41.43184],[2.1605,41.43254],[2.16096,41.43324],[2.16149,41.43396],[2.16324,41.43655],[2.16354,41.43703]],[[2.16479,41.43939],[2.16447,41.43812]]]}},{"type":"Feature","properties":{"s":"st-carrer-de-felix-macia"},"geometry":{"type":"MultiLineString","coordinates":[[[2.1596,41.35316],[2.15854,41.35357]]]}},{"type":"Feature","properties":{"s":"st-placa-del-fenix"},"geometry":{"type":"MultiLineString","coordinates":[[[2.13478,41.37013],[2.1345,41.37023],[2.13474,41.37037],[2.13478,41.37013]]]}},{"type":"Feature","properties":{"s":"st-carrer-de-ferlandina"},"geometry":{"type":"MultiLineString","coordinates":[[[2.1675,41.38322],[2.16603,41.38232],[2.16528,41.38175]]]}},{"type":"Feature","properties":{"s":"st-carrer-de-fernan-caballero"},"geometry":{"type":"MultiLineString","coordinates":[[[2.14501,41.42355],[2.14479,41.42408]]]}},{"type":"Feature","properties":{"s":"st-carrer-de-fernandez-duro"},"geometry":{"type":"MultiLineString","coordinates":[[[2.13529,41.37448],[2.13639,41.37404]]]}},{"type":"Feature","properties":{"s":"st-carrer-de-ferran"},"geometry":{"type":"MultiLineString","coordinates":[[[2.17408,41.3802],[2.17447,41.38056],[2.17481,41.38082],[2.17515,41.38111],[2.17684,41.38244]]]}},{"type":"Feature","properties":{"s":"st-carrer-de-ferran-agullo"},"geometry":{"type":"MultiLineString","coordinates":[[[2.14192,41.39469],[2.14056,41.39591],[2.13989,41.39648]]]}},{"type":"Feature","properties":{"s":"st-placa-de-ferran-casablancas"},"geometry":{"type":"MultiLineString","coordinates":[[[2.1332,41.40166],[2.13383,41.40195]]]}},{"type":"Feature","properties":{"s":"st-carrer-de-ferran-junoy"},"geometry":{"type":"MultiLineString","coordinates":[[[2.19456,41.43527],[2.19508,41.43752],[2.1968,41.44258],[2.19743,41.44476],[2.19814,41.44687]]]}},{"type":"Feature","properties":{"s":"st-placa-de-lesseps"},"geometry":{"type":"MultiLineString","coordinates":[[[2.15007,41.40604],[2.14984,41.40623]],[[2.14945,41.40655],[2.14984,41.40623]],[[2.14945,41.40655],[2.14992,41.40696],[2.14996,41.40732],[2.15077,41.40786],[2.15131,41.40737],[2.15074,41.40688],[2.14984,41.40623]],[[2.14945,41.40655],[2.14921,41.40638]],[[2.14945,41.40655],[2.14902,41.40688]]]}},{"type":"Feature","properties":{"s":"st-carrer-de-fernando-poo"},"geometry":{"type":"MultiLineString","coordinates":[[[2.20382,41.39716],[2.20734,41.40005]]]}},{"type":"Feature","properties":{"s":"st-carrer-de-pere-duran-farell"},"geometry":{"type":"MultiLineString","coordinates":[[[2.12017,41.38649],[2.11857,41.38918]]]}},{"type":"Feature","properties":{"s":"st-carrer-de-ferran-puig"},"geometry":{"type":"MultiLineString","coordinates":[[[2.14665,41.40756],[2.1433,41.41075]]]}},{"type":"Feature","properties":{"s":"st-placa-de-ferran-reyes"},"geometry":{"type":"MultiLineString","coordinates":[[[2.18556,41.41798],[2.18692,41.41865]]]}},{"type":"Feature","properties":{"s":"st-carrer-de-ferran-valenti"},"geometry":{"type":"MultiLineString","coordinates":[[[2.21557,41.41413],[2.21665,41.41488],[2.21742,41.41545]],[[2.21701,41.41462],[2.21725,41.4149],[2.2177,41.41525]]]}},{"type":"Feature","properties":{"s":"st-carrer-de-ferran-valls-i-taberner"},"geometry":{"type":"MultiLineString","coordinates":[[[2.14222,41.4022],[2.14189,41.40261],[2.14039,41.40337]]]}},{"type":"Feature","properties":{"s":"st-carrer-de-ferrer-bassa"},"geometry":{"type":"MultiLineString","coordinates":[[[2.21729,41.41735],[2.21659,41.41684],[2.21532,41.41587],[2.21423,41.41512]]]}},{"type":"Feature","properties":{"s":"st-carrer-de-ferrer-de-blanes"},"geometry":{"type":"MultiLineString","coordinates":[[[2.15951,41.39814],[2.15874,41.39883]]]}},{"type":"Feature","properties":{"s":"st-passatge-de-ferrer-i-vidal"},"geometry":{"type":"MultiLineString","coordinates":[[[2.20004,41.40024],[2.19895,41.3994]]]}},{"type":"Feature","properties":{"s":"st-carrer-del-ferrocarril"},"geometry":{"type":"MultiLineString","coordinates":[[[2.20745,41.39846],[2.20636,41.39924],[2.2058,41.39953]]]}},{"type":"Feature","properties":{"s":"st-carrer-dels-ferrocarrils-catalans"},"geometry":{"type":"MultiLineString","coordinates":[[[2.13957,41.3633],[2.14018,41.36262],[2.1411,41.36152],[2.1415,41.36107],[2.143,41.36029],[2.14459,41.35905],[2.14477,41.358],[2.14525,41.35713],[2.14571,41.35678]],[[2.14565,41.35656],[2.14602,41.35634],[2.14633,41.35543]]]}},{"type":"Feature","properties":{"s":"st-carrer-de-figols"},"geometry":{"type":"MultiLineString","coordinates":[[[2.13178,41.38217],[2.13058,41.38183],[2.12933,41.38143],[2.12853,41.38109]]]}},{"type":"Feature","properties":{"s":"st-carrer-de-figueres"},"geometry":{"type":"MultiLineString","coordinates":[[[2.13473,41.40635],[2.13491,41.40668]]]}},{"type":"Feature","properties":{"s":"st-placa-de-figuerola"},"geometry":{"type":"MultiLineString","coordinates":[[[2.13965,41.40505],[2.13992,41.40525],[2.13987,41.40561]]]}},{"type":"Feature","properties":{"s":"st-carrer-de-les-filipines"},"geometry":{"type":"MultiLineString","coordinates":[[[2.18753,41.42522],[2.18756,41.42457],[2.18751,41.42335]]]}},{"type":"Feature","properties":{"s":"st-carrer-de-finestrat"},"geometry":{"type":"MultiLineString","coordinates":[[[2.18108,41.41193],[2.18051,41.4112]]]}},{"type":"Feature","properties":{"s":"st-carrer-de-finestrelles"},"geometry":{"type":"MultiLineString","coordinates":[[[2.18963,41.45065],[2.19008,41.45163],[2.19063,41.45295],[2.19118,41.45358]]]}},{"type":"Feature","properties":{"s":"st-cami-de-finestrelles"},"geometry":{"type":"MultiLineString","coordinates":[[[2.10403,41.39164],[2.10373,41.39185],[2.10212,41.38739],[2.1009,41.38699]]]}},{"type":"Feature","properties":{"s":"st-carrer-de-finlandia"},"geometry":{"type":"MultiLineString","coordinates":[[[2.13601,41.37316],[2.13511,41.37481]]]}},{"type":"Feature","properties":{"s":"st-placa-del-firmament"},"geometry":{"type":"MultiLineString","coordinates":[[[2.09693,41.42841],[2.09661,41.42843],[2.09671,41.42831],[2.09693,41.42841]]]}},{"type":"Feature","properties":{"s":"st-carrer-de-fisas"},"geometry":{"type":"MultiLineString","coordinates":[[[2.12778,41.37643],[2.12736,41.37786]]]}},{"type":"Feature","properties":{"s":"st-carrer-de-la-fisica"},"geometry":{"type":"MultiLineString","coordinates":[[[2.13642,41.36547],[2.13756,41.36442]]]}},{"type":"Feature","properties":{"s":"st-carrer-de-fitor"},"geometry":{"type":"MultiLineString","coordinates":[[[2.16697,41.43415],[2.16686,41.4339]]]}},{"type":"Feature","properties":{"s":"st-placa-de-flandes"},"geometry":{"type":"MultiLineString","coordinates":[[[2.1468,41.41573],[2.14689,41.41568]]]}},{"type":"Feature","properties":{"s":"st-carrer-de-flandes"},"geometry":{"type":"MultiLineString","coordinates":[[[2.18854,41.40858],[2.18929,41.40843],[2.18971,41.40831]]]}},{"type":"Feature","properties":{"s":"st-carrer-de-flaca"},"geometry":{"type":"MultiLineString","coordinates":[[[2.16691,41.435],[2.16669,41.43449]]]}},{"type":"Feature","properties":{"s":"st-carrer-de-flassaders"},"geometry":{"type":"MultiLineString","coordinates":[[[2.18288,41.38498],[2.18197,41.38545],[2.18122,41.38597],[2.18102,41.38613]]]}},{"type":"Feature","properties":{"s":"st-passatge-de-flaugier"},"geometry":{"type":"MultiLineString","coordinates":[[[2.17849,41.41431],[2.17592,41.4163]]]}},{"type":"Feature","properties":{"s":"st-carrer-de-flix"},"geometry":{"type":"MultiLineString","coordinates":[[[2.20387,41.43606],[2.20395,41.43535]],[[2.20419,41.43537],[2.20429,41.43487],[2.20439,41.43417]],[[2.20434,41.43394],[2.20373,41.43313]]]}},{"type":"Feature","properties":{"s":"st-carrer-de-la-flor"},"geometry":{"type":"MultiLineString","coordinates":[[[2.17297,41.38488],[2.17276,41.38519]]]}},{"type":"Feature","properties":{"s":"st-carrer-de-la-flor-de-lliri"},"geometry":{"type":"MultiLineString","coordinates":[[[2.17905,41.38574],[2.17956,41.38546]]]}},{"type":"Feature","properties":{"s":"st-carrer-de-la-flor-de-neu"},"geometry":{"type":"MultiLineString","coordinates":[[[2.18682,41.44391],[2.18555,41.44433],[2.18301,41.44522],[2.18249,41.44534],[2.18164,41.44552]]]}},{"type":"Feature","properties":{"s":"st-carrer-de-florencia"},"geometry":{"type":"MultiLineString","coordinates":[[[2.17184,41.41831],[2.17029,41.41882],[2.16956,41.41908]]]}},{"type":"Feature","properties":{"s":"st-carrer-floresta"},"geometry":{"type":"MultiLineString","coordinates":[[[2.20738,41.43717],[2.20699,41.43896]]]}},{"type":"Feature","properties":{"s":"st-carrer-de-la-florida"},"geometry":{"type":"MultiLineString","coordinates":[[[2.18493,41.44269],[2.18516,41.4432],[2.18606,41.44573]]]}},{"type":"Feature","properties":{"s":"st-carrer-de-les-floristes-de-la-rambla"},"geometry":{"type":"MultiLineString","coordinates":[[[2.17098,41.38062],[2.17082,41.38081],[2.17072,41.38098],[2.17019,41.38157]],[[2.17019,41.38157],[2.16993,41.38179]],[[2.17019,41.38157],[2.16977,41.38152],[2.16964,41.38164]],[[2.16952,41.38187],[2.16964,41.38164]],[[2.16974,41.38199],[2.16993,41.38179]],[[2.16993,41.38179],[2.16964,41.38164]]]}},{"type":"Feature","properties":{"s":"st-carrer-de-les-flors-de-maig"},"geometry":{"type":"MultiLineString","coordinates":[[[2.1757,41.41774],[2.1752,41.41731]]]}},{"type":"Feature","properties":{"s":"st-carrer-de-flos-i-calcat"},"geometry":{"type":"MultiLineString","coordinates":[[[2.12792,41.3898],[2.13151,41.39073]]]}},{"type":"Feature","properties":{"s":"st-carrer-de-fluvia"},"geometry":{"type":"MultiLineString","coordinates":[[[2.19345,41.41719],[2.19583,41.41542],[2.19673,41.41469],[2.1981,41.41369],[2.20059,41.41181]],[[2.21018,41.40454],[2.2085,41.40582],[2.20736,41.40671],[2.20624,41.40752],[2.20579,41.40788],[2.20553,41.40811],[2.20511,41.4084],[2.20401,41.40921],[2.20304,41.40997],[2.20286,41.41009],[2.20246,41.41031],[2.20222,41.41045]],[[2.20174,41.4109],[2.20205,41.41068]]]}},{"type":"Feature","properties":{"s":"st-carrer-del-foc-follet"},"geometry":{"type":"MultiLineString","coordinates":[[[2.20725,41.43475],[2.20516,41.43451],[2.20435,41.43439],[2.20297,41.43429],[2.20148,41.43417]]]}},{"type":"Feature","properties":{"s":"st-carrer-de-folc"},"geometry":{"type":"MultiLineString","coordinates":[[[2.16345,41.42895],[2.16402,41.42882]],[[2.1628,41.42885],[2.16322,41.42895]]]}},{"type":"Feature","properties":{"s":"st-carrer-de-folgueroles"},"geometry":{"type":"MultiLineString","coordinates":[[[2.13778,41.40706],[2.13741,41.40731],[2.13467,41.40897]]]}},{"type":"Feature","properties":{"s":"st-carrer-del-fondal-de-sant-marti"},"geometry":{"type":"MultiLineString","coordinates":[[[2.1939,41.41841],[2.19659,41.42047],[2.19674,41.42074],[2.19694,41.42093]]]}},{"type":"Feature","properties":{"s":"st-carrer-de-fonollar"},"geometry":{"type":"MultiLineString","coordinates":[[[2.18021,41.38665],[2.1791,41.38705],[2.17873,41.38723]]]}},{"type":"Feature","properties":{"s":"st-carrer-de-la-font-honrada"},"geometry":{"type":"MultiLineString","coordinates":[[[2.1559,41.37347],[2.15597,41.37211]]]}},{"type":"Feature","properties":{"s":"st-torrent-de-la-font-d-en-magues"},"geometry":{"type":"MultiLineString","coordinates":[[[2.17652,41.45406],[2.17809,41.45613],[2.17876,41.4575]]]}},{"type":"Feature","properties":{"s":"st-passatge-de-la-font-del-mont"},"geometry":{"type":"MultiLineString","coordinates":[[[2.11208,41.41379],[2.11275,41.41418]]]}},{"type":"Feature","properties":{"s":"st-carrer-de-la-font-del-mont"},"geometry":{"type":"MultiLineString","coordinates":[[[2.11111,41.41362],[2.11133,41.41403],[2.11208,41.41379],[2.11275,41.41418],[2.11318,41.41485]]]}},{"type":"Feature","properties":{"s":"st-torrent-de-la-font-del-mont"},"geometry":{"type":"MultiLineString","coordinates":[[[2.11133,41.41403],[2.1118,41.41476],[2.11203,41.41508],[2.11119,41.41527],[2.11095,41.41505]]]}},{"type":"Feature","properties":{"s":"st-placa-de-font-i-sague"},"geometry":{"type":"MultiLineString","coordinates":[[[2.18828,41.40797],[2.18868,41.40789]]]}},{"type":"Feature","properties":{"s":"st-carrer-d-en-fontrodona"},"geometry":{"type":"MultiLineString","coordinates":[[[2.16604,41.37157],[2.16685,41.37278],[2.16705,41.3732]]]}},{"type":"Feature","properties":{"s":"st-carrer-de-font-rubia"},"geometry":{"type":"MultiLineString","coordinates":[[[2.15432,41.41914],[2.15512,41.41939],[2.15586,41.41976]]]}},{"type":"Feature","properties":{"s":"st-cami-de-la-font-trobada"},"geometry":{"type":"MultiLineString","coordinates":[[[2.16937,41.37178],[2.16932,41.37156],[2.16736,41.3708]]]}},{"type":"Feature","properties":{"s":"st-passatge-de-fontanelles"},"geometry":{"type":"MultiLineString","coordinates":[[[2.12375,41.40001],[2.1252,41.40088]]]}},{"type":"Feature","properties":{"s":"st-carrer-dels-fontanet"},"geometry":{"type":"MultiLineString","coordinates":[[[2.15631,41.43306],[2.15625,41.43248],[2.15624,41.43225],[2.15619,41.43193],[2.15593,41.43151],[2.15573,41.4313]]]}},{"type":"Feature","properties":{"s":"st-carrer-de-fontcoberta"},"geometry":{"type":"MultiLineString","coordinates":[[[2.12455,41.39438],[2.12414,41.39513],[2.1229,41.39631]]]}},{"type":"Feature","properties":{"s":"st-carrer-de-fonteta"},"geometry":{"type":"MultiLineString","coordinates":[[[2.16969,41.4335],[2.16711,41.43466]]]}},{"type":"Feature","properties":{"s":"st-carrer-de-fontova"},"geometry":{"type":"MultiLineString","coordinates":[[[2.18513,41.41077],[2.18391,41.41131]]]}},{"type":"Feature","properties":{"s":"st-carrer-de-la-foradada"},"geometry":{"type":"MultiLineString","coordinates":[[[2.19395,41.45297],[2.19346,41.453],[2.19306,41.45293],[2.1924,41.45273],[2.19197,41.45239],[2.19082,41.45139],[2.18963,41.45065]]]}},{"type":"Feature","properties":{"s":"st-passatge-de-foraste"},"geometry":{"type":"MultiLineString","coordinates":[[[2.13776,41.41048],[2.13833,41.40838]]]}},{"type":"Feature","properties":{"s":"st-passatge-de-foret"},"geometry":{"type":"MultiLineString","coordinates":[[[2.20929,41.41719],[2.21042,41.41804]]]}},{"type":"Feature","properties":{"s":"st-carrer-de-la-formatgeria"},"geometry":{"type":"MultiLineString","coordinates":[[[2.18307,41.38419],[2.18266,41.38438]]]}},{"type":"Feature","properties":{"s":"st-carrer-de-formentera"},"geometry":{"type":"MultiLineString","coordinates":[[[2.1843,41.44283],[2.18368,41.44296],[2.1832,41.44235],[2.18377,41.44206],[2.1843,41.44283]],[[2.1843,41.44283],[2.18453,41.44336],[2.18495,41.44453],[2.18538,41.4458]]]}},{"type":"Feature","properties":{"s":"st-carrer-de-formentor"},"geometry":{"type":"MultiLineString","coordinates":[[[2.17452,41.43617],[2.17314,41.43673]]]}},{"type":"Feature","properties":{"s":"st-carrer-de-la-formiga"},"geometry":{"type":"MultiLineString","coordinates":[[[2.20107,41.43572],[2.20137,41.43513],[2.20155,41.43465],[2.20148,41.43417]]]}},{"type":"Feature","properties":{"s":"st-carrer-del-forn-de-la-fonda"},"geometry":{"type":"MultiLineString","coordinates":[[[2.17934,41.38638],[2.17949,41.38654]]]}},{"type":"Feature","properties":{"s":"st-carrer-de-fortuna"},"geometry":{"type":"MultiLineString","coordinates":[[[2.14173,41.36479],[2.1418,41.36394],[2.14106,41.36371]]]}},{"type":"Feature","properties":{"s":"st-carrer-de-la-fosca"},"geometry":{"type":"MultiLineString","coordinates":[[[2.18506,41.44766],[2.18358,41.44811],[2.18193,41.44864]]]}},{"type":"Feature","properties":{"s":"st-placa-del-fossar-de-les-moreres"},"geometry":{"type":"MultiLineString","coordinates":[[[2.18218,41.38363],[2.18255,41.38363],[2.18237,41.3839]]]}},{"type":"Feature","properties":{"s":"st-carrer-de-fraga"},"geometry":{"type":"MultiLineString","coordinates":[[[2.18786,41.43628],[2.18766,41.43546]]]}},{"type":"Feature","properties":{"s":"st-placa-del-nou"},"geometry":{"type":"MultiLineString","coordinates":[[[2.14158,41.35298],[2.14121,41.35294]],[[2.14179,41.35311],[2.142,41.35327],[2.14173,41.35362],[2.14073,41.35287]]]}},{"type":"Feature","properties":{"s":"st-placa-de-francesc-layret"},"geometry":{"type":"MultiLineString","coordinates":[[[2.17768,41.44189],[2.17671,41.44243]]]}},{"type":"Feature","properties":{"s":"st-carrer-de-franca"},"geometry":{"type":"MultiLineString","coordinates":[[[2.16478,41.41415],[2.16338,41.4155],[2.16265,41.41633]]]}},{"type":"Feature","properties":{"s":"st-carrer-de-francesc-alegre"},"geometry":{"type":"MultiLineString","coordinates":[[[2.16728,41.41545],[2.16609,41.41669],[2.16513,41.41726]]]}},{"type":"Feature","properties":{"s":"st-carrer-de-ramon-trias-fargas"},"geometry":{"type":"MultiLineString","coordinates":[[[2.19036,41.39049],[2.19346,41.38814],[2.19418,41.38763],[2.1948,41.38716]],[[2.19684,41.38559],[2.19536,41.38673]]]}},{"type":"Feature","properties":{"s":"st-avinguda-de-francesc-cambo"},"geometry":{"type":"MultiLineString","coordinates":[[[2.1769,41.38566],[2.17767,41.38623],[2.17829,41.38672],[2.17892,41.38714]]]}},{"type":"Feature","properties":{"s":"st-carrer-de-francisco-giner"},"geometry":{"type":"MultiLineString","coordinates":[[[2.15802,41.40012],[2.15993,41.39841]]]}},{"type":"Feature","properties":{"s":"st-carrer-de-francisco-manzano"},"geometry":{"type":"MultiLineString","coordinates":[[[2.16792,41.41344],[2.16781,41.41362]]]}},{"type":"Feature","properties":{"s":"st-carrer-de-francesc-tarafa"},"geometry":{"type":"MultiLineString","coordinates":[[[2.15098,41.41814],[2.1504,41.41814]]]}},{"type":"Feature","properties":{"s":"st-carrer-de-francesc-tarrega"},"geometry":{"type":"MultiLineString","coordinates":[[[2.1801,41.42164],[2.18043,41.42351],[2.18063,41.42451]]]}},{"type":"Feature","properties":{"s":"st-carrer-del-francoli"},"geometry":{"type":"MultiLineString","coordinates":[[[2.14486,41.4027],[2.14578,41.40336],[2.1482,41.40473]]]}},{"type":"Feature","properties":{"s":"st-carrer-de-les-franqueses"},"geometry":{"type":"MultiLineString","coordinates":[[[2.15996,41.42706],[2.16021,41.42675]]]}},{"type":"Feature","properties":{"s":"st-carrer-de-la-franca-xica"},"geometry":{"type":"MultiLineString","coordinates":[[[2.16038,41.37212],[2.15994,41.37221],[2.15556,41.3721]]]}},{"type":"Feature","properties":{"s":"st-carrer-de-la-fraternitat"},"geometry":{"type":"MultiLineString","coordinates":[[[2.15984,41.40109],[2.16142,41.39984]]]}},{"type":"Feature","properties":{"s":"st-placa-de-fra-eloi-de-bianya"},"geometry":{"type":"MultiLineString","coordinates":[[[2.12024,41.39403],[2.12043,41.39407]]]}},{"type":"Feature","properties":{"s":"st-carrer-de-fra-juniper-serra"},"geometry":{"type":"MultiLineString","coordinates":[[[2.2061,41.43294],[2.20554,41.43228]],[[2.2059,41.43211],[2.2064,41.43274]],[[2.2059,41.43211],[2.20554,41.43228]],[[2.2059,41.43211],[2.20636,41.43187]],[[2.20554,41.43228],[2.20227,41.43382],[2.20148,41.43417],[2.19879,41.43544]]]}},{"type":"Feature","properties":{"s":"st-placa-de-celesti-boada-salvador"},"geometry":{"type":"MultiLineString","coordinates":[[[2.20414,41.43862],[2.20395,41.43906]],[[2.20395,41.43906],[2.20294,41.4393],[2.20289,41.43954],[2.20366,41.43965],[2.20395,41.43906]]]}},{"type":"Feature","properties":{"s":"st-carrer-de-fra-luis-de-granada"},"geometry":{"type":"MultiLineString","coordinates":[[[2.14148,41.39082],[2.14108,41.39177]]]}},{"type":"Feature","properties":{"s":"st-passatge-de-rosa-leveroni"},"geometry":{"type":"MultiLineString","coordinates":[[[2.12659,41.39045],[2.12781,41.39075]]]}},{"type":"Feature","properties":{"s":"st-carrer-de-freixa"},"geometry":{"type":"MultiLineString","coordinates":[[[2.14048,41.3993],[2.13873,41.39927],[2.13605,41.39926],[2.13414,41.39934]]]}},{"type":"Feature","properties":{"s":"st-carrer-de-freixures"},"geometry":{"type":"MultiLineString","coordinates":[[[2.17693,41.3868],[2.17767,41.38623],[2.17862,41.38563],[2.1788,41.38547]]]}},{"type":"Feature","properties":{"s":"st-carrer-de-freneria"},"geometry":{"type":"MultiLineString","coordinates":[[[2.17723,41.3838],[2.17773,41.3835]]]}},{"type":"Feature","properties":{"s":"st-carrer-del-freser"},"geometry":{"type":"MultiLineString","coordinates":[[[2.18335,41.41794],[2.18322,41.41696],[2.18296,41.41653],[2.18264,41.41586],[2.18238,41.41541],[2.18198,41.41461],[2.18103,41.41297],[2.18067,41.41224],[2.17969,41.41061]]]}},{"type":"Feature","properties":{"s":"st-passatge-de-frigola"},"geometry":{"type":"MultiLineString","coordinates":[[[2.15278,41.40797],[2.15375,41.40828]]]}},{"type":"Feature","properties":{"s":"st-carrer-de-la-fruita"},"geometry":{"type":"MultiLineString","coordinates":[[[2.17617,41.38289],[2.1759,41.38259]]]}},{"type":"Feature","properties":{"s":"st-carrer-de-la-font-florida"},"geometry":{"type":"MultiLineString","coordinates":[[[2.14627,41.37083],[2.14526,41.37037],[2.1435,41.36867],[2.14273,41.36795],[2.1418,41.36666],[2.1396,41.36587]]]}},{"type":"Feature","properties":{"s":"st-carrer-del-foc"},"geometry":{"type":"MultiLineString","coordinates":[[[2.15169,41.36027],[2.1499,41.35976],[2.14504,41.35938],[2.14459,41.35905],[2.14358,41.35799],[2.1418,41.35632],[2.14022,41.35568],[2.13876,41.35507],[2.13653,41.35418],[2.13387,41.35305]]]}},{"type":"Feature","properties":{"s":"st-carrer-de-la-font-baliarda"},"geometry":{"type":"MultiLineString","coordinates":[[[2.15475,41.44046],[2.15502,41.44069],[2.15611,41.44196]]]}},{"type":"Feature","properties":{"s":"st-carrer-de-la-font-de-canyelles"},"geometry":{"type":"MultiLineString","coordinates":[[[2.17841,41.43885],[2.17835,41.4391],[2.17471,41.4409],[2.17441,41.44112],[2.17356,41.44181],[2.17329,41.44218]],[[2.17413,41.44183],[2.17399,41.44201]]]}},{"type":"Feature","properties":{"s":"st-placa-de-la-font-castellana"},"geometry":{"type":"MultiLineString","coordinates":[[[2.16582,41.41487],[2.16611,41.41507],[2.16674,41.4152],[2.1666,41.41495],[2.16593,41.41471],[2.16582,41.41487]]]}},{"type":"Feature","properties":{"s":"st-carrer-de-la-font-del-coll"},"geometry":{"type":"MultiLineString","coordinates":[[[2.1494,41.41973],[2.1514,41.41945]]]}},{"type":"Feature","properties":{"s":"st-passeig-de-la-font-d-en-fargas"},"geometry":{"type":"MultiLineString","coordinates":[[[2.16546,41.42154],[2.16501,41.4221],[2.16534,41.42373],[2.16544,41.4244],[2.166,41.4277]]]}},{"type":"Feature","properties":{"s":"st-placa-de-la-font-d-en-fargas"},"geometry":{"type":"MultiLineString","coordinates":[[[2.16412,41.42146],[2.16421,41.42152],[2.16439,41.42127],[2.16412,41.42146]]]}},{"type":"Feature","properties":{"s":"st-carrer-de-la-font-del-lleo"},"geometry":{"type":"MultiLineString","coordinates":[[[2.10405,41.3958],[2.10429,41.39646],[2.10481,41.39733],[2.10518,41.40064]]]}},{"type":"Feature","properties":{"s":"st-passatge-de-la-font-del-lleo"},"geometry":{"type":"MultiLineString","coordinates":[[[2.10405,41.3958],[2.10272,41.39657]]]}},{"type":"Feature","properties":{"s":"st-passeig-de-la-font-de-la-mulassa"},"geometry":{"type":"MultiLineString","coordinates":[[[2.16263,41.42165],[2.16169,41.42386],[2.16113,41.42526]]]}},{"type":"Feature","properties":{"s":"st-placa-de-la-font-de-la-mulassa"},"geometry":{"type":"MultiLineString","coordinates":[[[2.16306,41.42159],[2.16263,41.42165]]]}},{"type":"Feature","properties":{"s":"st-cami-de-la-font-d-en-quintana"},"geometry":{"type":"MultiLineString","coordinates":[[[2.1613,41.43769],[2.16162,41.43845]]]}},{"type":"Feature","properties":{"s":"st-carrer-de-la-font-del-remei"},"geometry":{"type":"MultiLineString","coordinates":[[[2.15043,41.41922],[2.14994,41.41819],[2.14946,41.41738]]]}},{"type":"Feature","properties":{"s":"st-carrer-de-la-font-de-sant-miquel"},"geometry":{"type":"MultiLineString","coordinates":[[[2.17789,41.38225],[2.17745,41.38202]]]}},{"type":"Feature","properties":{"s":"st-placa-de-carles-buigas"},"geometry":{"type":"MultiLineString","coordinates":[[[2.15405,41.37166],[2.15209,41.37062],[2.14984,41.37103]]]}},{"type":"Feature","properties":{"s":"st-carrer-de-fulton"},"geometry":{"type":"MultiLineString","coordinates":[[[2.16198,41.42965],[2.16136,41.43021]]]}},{"type":"Feature","properties":{"s":"st-carrer-de-la-foneria"},"geometry":{"type":"MultiLineString","coordinates":[[[2.1357,41.35931],[2.13875,41.36055],[2.13988,41.36099],[2.1411,41.36152],[2.14151,41.36168],[2.14174,41.36179],[2.14194,41.36195],[2.1419,41.36256]]]}},{"type":"Feature","properties":{"s":"st-placa-del-doctor-andreu"},"geometry":{"type":"MultiLineString","coordinates":[[[2.13173,41.41607],[2.13115,41.41624]]]}},{"type":"Feature","properties":{"s":"st-carrer-de-funoses-llussa"},"geometry":{"type":"MultiLineString","coordinates":[[[2.14894,41.42003],[2.14852,41.42003]]]}},{"type":"Feature","properties":{"s":"st-carrer-de-la-fusina"},"geometry":{"type":"MultiLineString","coordinates":[[[2.18236,41.38584],[2.18272,41.38602],[2.18399,41.38698]]]}},{"type":"Feature","properties":{"s":"st-carrer-de-la-fusteria"},"geometry":{"type":"MultiLineString","coordinates":[[[2.18123,41.38127],[2.18076,41.38143]]]}},{"type":"Feature","properties":{"s":"st-passatge-de-gabarnet"},"geometry":{"type":"MultiLineString","coordinates":[[[2.15902,41.42322],[2.15878,41.42377]]]}},{"type":"Feature","properties":{"s":"st-passatge-de-guillem-abiell"},"geometry":{"type":"MultiLineString","coordinates":[[[2.14913,41.4184],[2.14948,41.41827]]]}},{"type":"Feature","properties":{"s":"st-placa-de-gabriel-alomar"},"geometry":{"type":"MultiLineString","coordinates":[[[2.18272,41.43758],[2.18176,41.43743]]]}},{"type":"Feature","properties":{"s":"st-carrer-de-gabriel-y-galan"},"geometry":{"type":"MultiLineString","coordinates":[[[2.18963,41.41136],[2.18849,41.4116],[2.18687,41.41192]]]}},{"type":"Feature","properties":{"s":"st-carrer-de-gabriel-miro"},"geometry":{"type":"MultiLineString","coordinates":[[[2.14712,41.35231],[2.14825,41.35302]]]}},{"type":"Feature","properties":{"s":"st-carrer-de-la-gasela"},"geometry":{"type":"MultiLineString","coordinates":[[[2.17021,41.44213],[2.16868,41.44069],[2.16861,41.43901]]]}},{"type":"Feature","properties":{"s":"st-placa-de-galla-placidia"},"geometry":{"type":"MultiLineString","coordinates":[[[2.15326,41.39846],[2.15374,41.39877],[2.15313,41.39923],[2.15263,41.39967],[2.15205,41.39969],[2.15326,41.39846]]]}},{"type":"Feature","properties":{"s":"st-carrer-de-galba"},"geometry":{"type":"MultiLineString","coordinates":[[[2.21614,41.41719],[2.21565,41.41681]]]}},{"type":"Feature","properties":{"s":"st-carrer-de-galceran-marquet"},"geometry":{"type":"MultiLineString","coordinates":[[[2.20534,41.39916],[2.20469,41.39947],[2.2042,41.39976],[2.20398,41.39988]]]}},{"type":"Feature","properties":{"s":"st-carrer-de-galicia"},"geometry":{"type":"MultiLineString","coordinates":[[[2.19038,41.44869],[2.19087,41.44969]]]}},{"type":"Feature","properties":{"s":"st-carrer-de-galileu"},"geometry":{"type":"MultiLineString","coordinates":[[[2.13615,41.37597],[2.13593,41.37613],[2.13576,41.37648],[2.13354,41.38116],[2.13286,41.38255],[2.13222,41.38399],[2.13138,41.3856],[2.13122,41.38597],[2.1306,41.38731]]]}},{"type":"Feature","properties":{"s":"st-carrer-de-galtes"},"geometry":{"type":"MultiLineString","coordinates":[[[2.15854,41.35357],[2.15777,41.35203]],[[2.15854,41.35357],[2.15877,41.35408]],[[2.15854,41.35357],[2.15701,41.35226]]]}},{"type":"Feature","properties":{"s":"st-carrer-de-la-galla"},"geometry":{"type":"MultiLineString","coordinates":[[[2.163,41.43123],[2.16214,41.43098],[2.16132,41.4308]]]}},{"type":"Feature","properties":{"s":"st-passatge-de-la-galla"},"geometry":{"type":"MultiLineString","coordinates":[[[2.16214,41.43098],[2.16211,41.43128]]]}},{"type":"Feature","properties":{"s":"st-carrer-de-bonaventura-roig"},"geometry":{"type":"MultiLineString","coordinates":[[[2.13089,41.41634],[2.12936,41.41651]]]}},{"type":"Feature","properties":{"s":"st-carrer-de-gallecs"},"geometry":{"type":"MultiLineString","coordinates":[[[2.16714,41.42525],[2.16765,41.42661]]]}},{"type":"Feature","properties":{"s":"st-carrer-del-gallego"},"geometry":{"type":"MultiLineString","coordinates":[[[2.12053,41.37872],[2.11936,41.37805]]]}},{"type":"Feature","properties":{"s":"st-carrer-de-gandesa"},"geometry":{"type":"MultiLineString","coordinates":[[[2.12954,41.38887],[2.13034,41.38788],[2.1306,41.38731]]]}},{"type":"Feature","properties":{"s":"st-carrer-de-ganduxer"},"geometry":{"type":"MultiLineString","coordinates":[[[2.1394,41.39135],[2.13906,41.39205],[2.1381,41.3942]],[[2.13774,41.39472],[2.13647,41.39632],[2.13475,41.39858],[2.13414,41.39934],[2.12999,41.40469]]]}},{"type":"Feature","properties":{"s":"st-carrer-de-garbi"},"geometry":{"type":"MultiLineString","coordinates":[[[2.18876,41.45262],[2.18781,41.45293],[2.18706,41.45311]]]}},{"type":"Feature","properties":{"s":"st-passatge-de-garcia-cambra"},"geometry":{"type":"MultiLineString","coordinates":[[[2.17574,41.41525],[2.17653,41.41583]]]}},{"type":"Feature","properties":{"s":"st-carrer-de-garcia-marino"},"geometry":{"type":"MultiLineString","coordinates":[[[2.1355,41.4123],[2.13794,41.41288]]]}},{"type":"Feature","properties":{"s":"st-avinguda-de-les-drassanes"},"geometry":{"type":"MultiLineString","coordinates":[[[2.17205,41.37697],[2.17353,41.3766],[2.17542,41.37623],[2.17706,41.37614]]]}},{"type":"Feature","properties":{"s":"st-passatge-de-garcia-i-robles"},"geometry":{"type":"MultiLineString","coordinates":[[[2.14828,41.4103],[2.14928,41.41084]]]}},{"type":"Feature","properties":{"s":"st-carrer-de-garcilaso"},"geometry":{"type":"MultiLineString","coordinates":[[[2.17751,41.42381],[2.17949,41.4236],[2.18312,41.42324]],[[2.19115,41.42251],[2.18872,41.42277],[2.18752,41.42289],[2.18693,41.42286],[2.18326,41.42322]]]}},{"type":"Feature","properties":{"s":"st-passatge-de-garcini"},"geometry":{"type":"MultiLineString","coordinates":[[[2.17975,41.41727],[2.1795,41.41843]]]}},{"type":"Feature","properties":{"s":"st-placa-de-la-gardunya"},"geometry":{"type":"MultiLineString","coordinates":[[[2.17137,41.38128],[2.17072,41.38098]],[[2.17019,41.38157],[2.1708,41.38179]]]}},{"type":"Feature","properties":{"s":"st-carrer-de-garigliano"},"geometry":{"type":"MultiLineString","coordinates":[[[2.17109,41.4456],[2.17265,41.44605],[2.17358,41.446],[2.17464,41.44625]]]}},{"type":"Feature","properties":{"s":"st-carrer-de-la-garona"},"geometry":{"type":"MultiLineString","coordinates":[[[2.19067,41.43035],[2.19058,41.4306],[2.19032,41.43109]]]}},{"type":"Feature","properties":{"s":"st-placa-de-garriga-i-bachs"},"geometry":{"type":"MultiLineString","coordinates":[[[2.176,41.38358],[2.17579,41.38373]]]}},{"type":"Feature","properties":{"s":"st-carrer-de-garriga-i-roca"},"geometry":{"type":"MultiLineString","coordinates":[[[2.17224,41.41895],[2.1715,41.41931],[2.17079,41.41969],[2.17044,41.42027],[2.17057,41.42075],[2.17042,41.42119],[2.1695,41.42118],[2.16969,41.42302]]]}},{"type":"Feature","properties":{"s":"st-placa-de-garrigo"},"geometry":{"type":"MultiLineString","coordinates":[[[2.18171,41.42866],[2.18173,41.42942],[2.18079,41.42943],[2.18076,41.42867],[2.18171,41.42866]]]}},{"type":"Feature","properties":{"s":"st-carrer-de-garriguella"},"geometry":{"type":"MultiLineString","coordinates":[[[2.13386,41.42225],[2.13316,41.42212],[2.13015,41.42244]]]}},{"type":"Feature","properties":{"s":"st-carrer-dels-garrofers"},"geometry":{"type":"MultiLineString","coordinates":[[[2.18053,41.43718],[2.17888,41.43744],[2.17793,41.43768],[2.17708,41.43783],[2.17652,41.43833]]]}},{"type":"Feature","properties":{"s":"st-passatge-dels-garrofers"},"geometry":{"type":"MultiLineString","coordinates":[[[2.17415,41.41848],[2.17212,41.41873]]]}},{"type":"Feature","properties":{"s":"st-carrer-de-la-garrotxa"},"geometry":{"type":"MultiLineString","coordinates":[[[2.17871,41.4222],[2.17888,41.42154],[2.1789,41.42113],[2.17928,41.42079],[2.17958,41.42048],[2.17983,41.41999],[2.17995,41.41911]]]}},{"type":"Feature","properties":{"s":"st-carrer-del-gas"},"geometry":{"type":"MultiLineString","coordinates":[[[2.1943,41.38253],[2.19163,41.3844]]]}},{"type":"Feature","properties":{"s":"st-carrer-de-gatuelles"},"geometry":{"type":"MultiLineString","coordinates":[[[2.17988,41.3881],[2.17972,41.38801]]]}},{"type":"Feature","properties":{"s":"st-carrer-de-gava"},"geometry":{"type":"MultiLineString","coordinates":[[[2.13822,41.37016],[2.1388,41.37043],[2.13962,41.37095],[2.14084,41.37176],[2.14195,41.37247]]]}},{"type":"Feature","properties":{"s":"st-carrer-de-gaiarre"},"geometry":{"type":"MultiLineString","coordinates":[[[2.14136,41.37209],[2.14041,41.3732],[2.14012,41.37423],[2.13988,41.37531]]]}},{"type":"Feature","properties":{"s":"st-carrer-de-gelida"},"geometry":{"type":"MultiLineString","coordinates":[[[2.20543,41.4192],[2.20583,41.41889]]]}},{"type":"Feature","properties":{"s":"st-carrer-de-juan-gris"},"geometry":{"type":"MultiLineString","coordinates":[[[2.13465,41.36417],[2.13283,41.36552]]]}},{"type":"Feature","properties":{"s":"st-carrer-del-general-alvarez-de-castro"},"geometry":{"type":"MultiLineString","coordinates":[[[2.17748,41.38722],[2.17829,41.38672]]]}},{"type":"Feature","properties":{"s":"st-avinguda-del-castell"},"geometry":{"type":"MultiLineString","coordinates":[[[2.16335,41.36454],[2.16742,41.36524]]]}},{"type":"Feature","properties":{"s":"st-passatge-del-general-bassols"},"geometry":{"type":"MultiLineString","coordinates":[[[2.19939,41.39329],[2.19769,41.39427]]]}},{"type":"Feature","properties":{"s":"st-carrer-del-general-castanos"},"geometry":{"type":"MultiLineString","coordinates":[[[2.18435,41.38282],[2.18518,41.38377]]]}},{"type":"Feature","properties":{"s":"st-avinguda-de-pau-casals"},"geometry":{"type":"MultiLineString","coordinates":[[[2.14422,41.39303],[2.14277,41.39381]],[[2.14277,41.39381],[2.14254,41.39356],[2.14193,41.39387],[2.14211,41.39414],[2.14277,41.39381]]]}},{"type":"Feature","properties":{"s":"st-carrer-de-josep-pla"},"geometry":{"type":"MultiLineString","coordinates":[[[2.20507,41.41697],[2.20726,41.41528],[2.20852,41.41435],[2.20907,41.4139],[2.21076,41.41266],[2.21305,41.41093],[2.21338,41.4107],[2.21421,41.41009],[2.21833,41.40691]]]}},{"type":"Feature","properties":{"s":"st-carrer-del-general-mendoza"},"geometry":{"type":"MultiLineString","coordinates":[[[2.14398,41.42015],[2.14326,41.42064],[2.14063,41.42146]]]}},{"type":"Feature","properties":{"s":"st-ronda-del-general-mitre"},"geometry":{"type":"MultiLineString","coordinates":[[[2.12992,41.39251],[2.13055,41.3928],[2.13187,41.39348],[2.13263,41.39397],[2.13327,41.39453],[2.13381,41.39508],[2.13443,41.39542],[2.1341,41.39568],[2.1338,41.39607],[2.13308,41.39678],[2.13285,41.39778],[2.13315,41.3982],[2.13414,41.39934],[2.13514,41.4003],[2.13605,41.40102],[2.13623,41.40125],[2.13697,41.40191],[2.13791,41.40281],[2.1394,41.40381],[2.1399,41.40406],[2.14029,41.40424],[2.1416,41.40477],[2.14252,41.40505],[2.14312,41.40521],[2.14416,41.40543],[2.14445,41.40548],[2.14585,41.40568],[2.14794,41.40585],[2.14855,41.40608],[2.14921,41.40638]]]}},{"type":"Feature","properties":{"s":"st-carrer-de-joaquim-blume"},"geometry":{"type":"MultiLineString","coordinates":[[[2.15405,41.37166],[2.15556,41.3721]]]}},{"type":"Feature","properties":{"s":"st-carrer-ample"},"geometry":{"type":"MultiLineString","coordinates":[[[2.18076,41.38143],[2.18035,41.38097],[2.1801,41.38057],[2.17968,41.38005],[2.1793,41.37943],[2.17905,41.37909],[2.17874,41.37862]]]}},{"type":"Feature","properties":{"s":"st-carrer-de-pi-i-margall"},"geometry":{"type":"MultiLineString","coordinates":[[[2.16265,41.40587],[2.16321,41.4062]],[[2.16304,41.40544],[2.16321,41.4062]],[[2.16321,41.4062],[2.16383,41.40863],[2.16429,41.41024],[2.16465,41.41164]]]}},{"type":"Feature","properties":{"s":"st-carrer-del-general-vives"},"geometry":{"type":"MultiLineString","coordinates":[[[2.11514,41.40247],[2.11542,41.40305],[2.11645,41.40353],[2.11718,41.40401]],[[2.11743,41.40423],[2.11788,41.40467],[2.11859,41.40518],[2.11909,41.40539],[2.12005,41.40584]]]}},{"type":"Feature","properties":{"s":"st-carrer-d-eduard-toldra"},"geometry":{"type":"MultiLineString","coordinates":[[[2.10558,41.38876],[2.10708,41.388]]]}},{"type":"Feature","properties":{"s":"st-avinguda-diagonal"},"geometry":{"type":"MultiLineString","coordinates":[[[2.12821,41.3884],[2.12701,41.38809]],[[2.12821,41.3884],[2.12701,41.38809]],[[2.12821,41.3884],[2.12701,41.38809]],[[2.12821,41.3884],[2.12954,41.38887],[2.13261,41.38962],[2.13409,41.39002],[2.13655,41.39064],[2.13713,41.39077],[2.13883,41.39121],[2.14251,41.39212]],[[2.12701,41.38809],[2.12536,41.3878],[2.12327,41.38728]],[[2.1221,41.38699],[2.11705,41.38569],[2.11412,41.38496],[2.11331,41.38477],[2.11206,41.38445],[2.11091,41.38416],[2.10916,41.3837],[2.1069,41.38303],[2.10161,41.38196]],[[2.12683,41.38862],[2.12763,41.38892]],[[2.19379,41.40502],[2.19429,41.4053],[2.19559,41.40561],[2.19633,41.4058],[2.19735,41.40591]],[[2.19379,41.40502],[2.19191,41.40469],[2.19037,41.40418]],[[2.19379,41.40502],[2.19556,41.40529],[2.19698,41.40564],[2.19735,41.40591]],[[2.19379,41.40502],[2.19232,41.40449],[2.19037,41.40418]],[[2.19037,41.40418],[2.18868,41.40376],[2.19037,41.40418]],[[2.20733,41.40842],[2.20752,41.40859]],[[2.20733,41.40842],[2.20553,41.40811]],[[2.20733,41.40842],[2.20725,41.40825],[2.20706,41.40818],[2.20579,41.40788],[2.20396,41.40757]],[[2.20733,41.40842],[2.20903,41.40886]],[[2.19835,41.40669],[2.19871,41.40641]],[[2.20903,41.40886],[2.21421,41.41009],[2.21931,41.41133]],[[2.20903,41.40886],[2.20752,41.40859]],[[2.20853,41.40925],[2.20752,41.40859]],[[2.20553,41.40811],[2.20438,41.40782]],[[2.20553,41.40811],[2.20511,41.4084],[2.20438,41.40782]],[[2.19871,41.40641],[2.19765,41.40615],[2.19735,41.40591]],[[2.19871,41.40641],[2.20208,41.40725],[2.20396,41.40757]],[[2.20438,41.40782],[2.20396,41.40757]],[[2.20396,41.40757],[2.20238,41.40703],[2.19901,41.40618],[2.19735,41.40591]]]}},{"type":"Feature","properties":{"s":"st-carrer-de-genova"},"geometry":{"type":"MultiLineString","coordinates":[[[2.17233,41.41679],[2.17176,41.41701],[2.17105,41.41715],[2.17032,41.41745],[2.16877,41.41797],[2.16792,41.41828]]]}},{"type":"Feature","properties":{"s":"st-carrer-dels-geranis"},"geometry":{"type":"MultiLineString","coordinates":[[[2.09941,41.42741],[2.09976,41.42753],[2.10142,41.42766]]]}},{"type":"Feature","properties":{"s":"st-carrer-sn-trav-de-les-corts"},"geometry":{"type":"MultiLineString","coordinates":[[[2.13397,41.3862],[2.13414,41.38573]]]}},{"type":"Feature","properties":{"s":"st-carrer-de-getsemani"},"geometry":{"type":"MultiLineString","coordinates":[[[2.13988,41.42543],[2.13979,41.42499]]]}},{"type":"Feature","properties":{"s":"st-placa-de-grau-miro"},"geometry":{"type":"MultiLineString","coordinates":[[[2.1514,41.41945],[2.15166,41.41941]]]}},{"type":"Feature","properties":{"s":"st-carrer-dels-gegants"},"geometry":{"type":"MultiLineString","coordinates":[[[2.17759,41.38141],[2.1771,41.38175]]]}},{"type":"Feature","properties":{"s":"st-carrer-d-en-gignas"},"geometry":{"type":"MultiLineString","coordinates":[[[2.18038,41.38159],[2.17988,41.38093],[2.17924,41.38025]]]}},{"type":"Feature","properties":{"s":"st-carrer-dels-gimbernat"},"geometry":{"type":"MultiLineString","coordinates":[[[2.14851,41.37152],[2.14931,41.37212]]]}},{"type":"Feature","properties":{"s":"st-carrer-de-ginebra"},"geometry":{"type":"MultiLineString","coordinates":[[[2.18687,41.38126],[2.18799,41.38152],[2.18817,41.38155],[2.18902,41.38175],[2.19137,41.38228]]]}},{"type":"Feature","properties":{"s":"st-passatge-de-ginecos"},"geometry":{"type":"MultiLineString","coordinates":[[[2.18159,41.41545],[2.1811,41.41583]]]}},{"type":"Feature","properties":{"s":"st-carrer-d-en-giralt-el-pellisser"},"geometry":{"type":"MultiLineString","coordinates":[[[2.17991,41.38591],[2.17942,41.38611],[2.17919,41.38619],[2.17829,41.38672]]]}},{"type":"Feature","properties":{"s":"st-passatge-del-gira-sol"},"geometry":{"type":"MultiLineString","coordinates":[[[2.17868,41.41573],[2.17952,41.41509]]]}},{"type":"Feature","properties":{"s":"st-carrer-giriti"},"geometry":{"type":"MultiLineString","coordinates":[[[2.17985,41.38374],[2.1799,41.38386],[2.18022,41.38394]]]}},{"type":"Feature","properties":{"s":"st-carrer-de-gironella"},"geometry":{"type":"MultiLineString","coordinates":[[[2.13027,41.39315],[2.12978,41.39358]],[[2.1291,41.39417],[2.12978,41.39358]],[[2.1291,41.39417],[2.12867,41.39453]],[[2.1291,41.39417],[2.1293,41.3943],[2.12978,41.39358]]]}},{"type":"Feature","properties":{"s":"st-placa-de-manuel-corachan"},"geometry":{"type":"MultiLineString","coordinates":[[[2.1291,41.39417],[2.1293,41.3943],[2.12978,41.39358]]]}},{"type":"Feature","properties":{"s":"st-carrer-de-la-gitanilla"},"geometry":{"type":"MultiLineString","coordinates":[[[2.18978,41.45317],[2.18943,41.45343]]]}},{"type":"Feature","properties":{"s":"st-carrer-de-la-gleva"},"geometry":{"type":"MultiLineString","coordinates":[[[2.14432,41.40454],[2.14527,41.40387],[2.14578,41.40336],[2.14649,41.4029],[2.14693,41.4026]]]}},{"type":"Feature","properties":{"s":"st-baixada-de-la-gloria"},"geometry":{"type":"MultiLineString","coordinates":[[[2.14718,41.41014],[2.14846,41.4108],[2.14903,41.41108],[2.15052,41.41187]]]}},{"type":"Feature","properties":{"s":"st-placa-de-les-glories-catalanes"},"geometry":{"type":"MultiLineString","coordinates":[[[2.18868,41.40376],[2.18778,41.40272]]]}},{"type":"Feature","properties":{"s":"st-carrer-de-goldoni"},"geometry":{"type":"MultiLineString","coordinates":[[[2.14237,41.42013],[2.14173,41.42076]]]}},{"type":"Feature","properties":{"s":"st-carrer-del-golgota"},"geometry":{"type":"MultiLineString","coordinates":[[[2.1408,41.41876],[2.1395,41.4191]]]}},{"type":"Feature","properties":{"s":"st-carrer-de-l-oreneta"},"geometry":{"type":"MultiLineString","coordinates":[[[2.15301,41.39991],[2.15263,41.39967]]]}},{"type":"Feature","properties":{"s":"st-carrer-de-gombau"},"geometry":{"type":"MultiLineString","coordinates":[[[2.17948,41.38732],[2.1791,41.38705],[2.17877,41.38663],[2.17864,41.38651]]]}},{"type":"Feature","properties":{"s":"st-baixada-de-gomis"},"geometry":{"type":"MultiLineString","coordinates":[[[2.14311,41.41149],[2.14247,41.41189]]]}},{"type":"Feature","properties":{"s":"st-carrer-de-gomis"},"geometry":{"type":"MultiLineString","coordinates":[[[2.13854,41.41455],[2.1391,41.41408],[2.14133,41.4123],[2.14247,41.41189],[2.14338,41.41173],[2.14461,41.41172]]]}},{"type":"Feature","properties":{"s":"st-passatge-de-gomis"},"geometry":{"type":"MultiLineString","coordinates":[[[2.14098,41.41171],[2.14133,41.4123]]]}},{"type":"Feature","properties":{"s":"st-carrer-de-gongora"},"geometry":{"type":"MultiLineString","coordinates":[[[2.17273,41.44194],[2.17329,41.44218],[2.17492,41.44328],[2.17618,41.44418],[2.17686,41.44468]]]}},{"type":"Feature","properties":{"s":"st-carrer-de-gordi"},"geometry":{"type":"MultiLineString","coordinates":[[[2.18908,41.43537],[2.18909,41.43566]]]}},{"type":"Feature","properties":{"s":"st-carrer-de-gosol"},"geometry":{"type":"MultiLineString","coordinates":[[[2.12888,41.39585],[2.12777,41.39649],[2.1271,41.39706]]]}},{"type":"Feature","properties":{"s":"st-carrer-de-goya"},"geometry":{"type":"MultiLineString","coordinates":[[[2.15764,41.39989],[2.15639,41.39905]]]}},{"type":"Feature","properties":{"s":"st-carrer-de-gracia"},"geometry":{"type":"MultiLineString","coordinates":[[[2.15759,41.39804],[2.15836,41.39843]]]}},{"type":"Feature","properties":{"s":"st-carretera-de-sant-cugat"},"geometry":{"type":"MultiLineString","coordinates":[[[2.12405,41.4295],[2.1265,41.43152],[2.13435,41.4323],[2.1279,41.43018],[2.132,41.42509],[2.13511,41.42488],[2.13839,41.42207],[2.13885,41.42057],[2.13864,41.41835],[2.13877,41.41758]]]}},{"type":"Feature","properties":{"s":"st-carrer-del-gran-capita"},"geometry":{"type":"MultiLineString","coordinates":[[[2.11198,41.38673],[2.10955,41.38792],[2.1082,41.38937]]]}},{"type":"Feature","properties":{"s":"st-carrer-de-la-gran-vista"},"geometry":{"type":"MultiLineString","coordinates":[[[2.16531,41.42012],[2.16471,41.42009],[2.16125,41.42053],[2.15772,41.4189],[2.1573,41.41856]]]}},{"type":"Feature","properties":{"s":"st-carrer-de-la-ciutat-de-granada"},"geometry":{"type":"MultiLineString","coordinates":[[[2.18918,41.40509],[2.19037,41.40418],[2.1916,41.40329],[2.19561,41.40022],[2.19609,41.39987],[2.19833,41.39814],[2.19946,41.3973],[2.2013,41.39586]]]}},{"type":"Feature","properties":{"s":"st-carrer-de-la-granada-del-penedes"},"geometry":{"type":"MultiLineString","coordinates":[[[2.15406,41.39767],[2.15366,41.39747],[2.15151,41.39625]]]}},{"type":"Feature","properties":{"s":"st-carrer-de-la-granadella"},"geometry":{"type":"MultiLineString","coordinates":[[[2.20824,41.43859],[2.20656,41.43838]],[[2.20539,41.43822],[2.2059,41.43829]]]}},{"type":"Feature","properties":{"s":"st-carrer-de-granados"},"geometry":{"type":"MultiLineString","coordinates":[[[2.11859,41.40518],[2.11635,41.4065]]]}},{"type":"Feature","properties":{"s":"st-carrer-de-la-granja"},"geometry":{"type":"MultiLineString","coordinates":[[[2.15375,41.40905],[2.15495,41.40779]]]}},{"type":"Feature","properties":{"s":"st-carrer-de-granollers"},"geometry":{"type":"MultiLineString","coordinates":[[[2.16319,41.42848],[2.15996,41.42706],[2.15901,41.42678],[2.15869,41.42667],[2.15819,41.42651]],[[2.15656,41.42611],[2.15749,41.42631]]]}},{"type":"Feature","properties":{"s":"st-carrer-de-grases"},"geometry":{"type":"MultiLineString","coordinates":[[[2.15667,41.37348],[2.1567,41.37297],[2.15684,41.37214]]]}},{"type":"Feature","properties":{"s":"st-carrer-d-en-grassot"},"geometry":{"type":"MultiLineString","coordinates":[[[2.16809,41.40312],[2.16467,41.40565]]]}},{"type":"Feature","properties":{"s":"st-carrer-de-gratallops"},"geometry":{"type":"MultiLineString","coordinates":[[[2.11441,41.41103],[2.11076,41.41302],[2.11036,41.41187]]]}},{"type":"Feature","properties":{"s":"st-carrer-de-grau"},"geometry":{"type":"MultiLineString","coordinates":[[[2.1886,41.43963],[2.18805,41.43966],[2.18739,41.43833],[2.18712,41.43762]]]}},{"type":"Feature","properties":{"s":"st-passatge-de-grau"},"geometry":{"type":"MultiLineString","coordinates":[[[2.17252,41.43034],[2.17195,41.43119]]]}},{"type":"Feature","properties":{"s":"st-carrer-de-grau-i-torras"},"geometry":{"type":"MultiLineString","coordinates":[[[2.191,41.37769],[2.19064,41.37858],[2.19003,41.38018]]]}},{"type":"Feature","properties":{"s":"st-carrer-de-graus"},"geometry":{"type":"MultiLineString","coordinates":[[[2.121,41.4004],[2.12146,41.40072],[2.12206,41.40115]]]}},{"type":"Feature","properties":{"s":"st-carrer-de-grecia"},"geometry":{"type":"MultiLineString","coordinates":[[[2.17106,41.41857],[2.1715,41.41931]]]}},{"type":"Feature","properties":{"s":"st-carrer-del-greco"},"geometry":{"type":"MultiLineString","coordinates":[[[2.171,41.42689],[2.17158,41.428]]]}},{"type":"Feature","properties":{"s":"st-carrer-de-gresolet"},"geometry":{"type":"MultiLineString","coordinates":[[[2.12175,41.39747],[2.12105,41.39814]]]}},{"type":"Feature","properties":{"s":"st-carrer-de-grifols"},"geometry":{"type":"MultiLineString","coordinates":[[[2.16094,41.42806],[2.15958,41.4275]]]}},{"type":"Feature","properties":{"s":"st-carrer-d-en-groc"},"geometry":{"type":"MultiLineString","coordinates":[[[2.18019,41.38135],[2.1797,41.38154]]]}},{"type":"Feature","properties":{"s":"st-carrer-de-grunyi"},"geometry":{"type":"MultiLineString","coordinates":[[[2.18071,41.38447],[2.18045,41.38422],[2.18022,41.38394],[2.18014,41.38369]]]}},{"type":"Feature","properties":{"s":"st-carrer-de-guadalajara"},"geometry":{"type":"MultiLineString","coordinates":[[[2.15366,41.39747],[2.15414,41.3971]]]}},{"type":"Feature","properties":{"s":"st-carrer-del-guadalete"},"geometry":{"type":"MultiLineString","coordinates":[[[2.14011,41.36451],[2.141,41.36454]]]}},{"type":"Feature","properties":{"s":"st-carrer-del-guadalquivir"},"geometry":{"type":"MultiLineString","coordinates":[[[2.14107,41.36351],[2.14094,41.36542]]]}},{"type":"Feature","properties":{"s":"st-carrer-del-guadiana"},"geometry":{"type":"MultiLineString","coordinates":[[[2.13981,41.373],[2.13928,41.37399],[2.13914,41.3747],[2.139,41.37532]]]}},{"type":"Feature","properties":{"s":"st-carrer-de-gualbes"},"geometry":{"type":"MultiLineString","coordinates":[[[2.13958,41.40159],[2.1401,41.40199]]]}},{"type":"Feature","properties":{"s":"st-carrer-del-guarda-anton"},"geometry":{"type":"MultiLineString","coordinates":[[[2.12936,41.41651],[2.12717,41.41617]]]}},{"type":"Feature","properties":{"s":"st-carrer-de-la-guarderia"},"geometry":{"type":"MultiLineString","coordinates":[[[2.10996,41.40302],[2.10971,41.40288],[2.10949,41.40268],[2.10909,41.40216]]]}},{"type":"Feature","properties":{"s":"st-carrer-de-guardia"},"geometry":{"type":"MultiLineString","coordinates":[[[2.17334,41.3782],[2.17451,41.37752]]]}},{"type":"Feature","properties":{"s":"st-passatge-de-guardiola"},"geometry":{"type":"MultiLineString","coordinates":[[[2.15918,41.4305],[2.15926,41.43017]]]}},{"type":"Feature","properties":{"s":"st-carrer-de-guardiola-i-feliu"},"geometry":{"type":"MultiLineString","coordinates":[[[2.18878,41.43883],[2.19106,41.43857]]]}},{"type":"Feature","properties":{"s":"st-carrer-de-guatemala"},"geometry":{"type":"MultiLineString","coordinates":[[[2.19351,41.40927],[2.19289,41.40849]]]}},{"type":"Feature","properties":{"s":"st-carrer-de-la-guatlla"},"geometry":{"type":"MultiLineString","coordinates":[[[2.14511,41.36827],[2.14469,41.36909],[2.14549,41.3702],[2.1457,41.37033],[2.1463,41.37062]]]}},{"type":"Feature","properties":{"s":"st-passeig-de-guayaquil"},"geometry":{"type":"MultiLineString","coordinates":[[[2.20798,41.43976],[2.20737,41.44123],[2.20672,41.44233],[2.20583,41.44349],[2.20295,41.4468],[2.20185,41.44773]]]}},{"type":"Feature","properties":{"s":"st-passatge-de-guell"},"geometry":{"type":"MultiLineString","coordinates":[[[2.13139,41.40548],[2.13089,41.40609]]]}},{"type":"Feature","properties":{"s":"st-carrer-de-guillem"},"geometry":{"type":"MultiLineString","coordinates":[[[2.18374,41.38415],[2.18399,41.38454]]]}},{"type":"Feature","properties":{"s":"st-carrer-de-les-guilleries"},"geometry":{"type":"MultiLineString","coordinates":[[[2.15716,41.40286],[2.15603,41.4039]]]}},{"type":"Feature","properties":{"s":"st-carrer-de-guillem-de-lluria"},"geometry":{"type":"MultiLineString","coordinates":[[[2.20605,41.40048],[2.20657,41.40015]]]}},{"type":"Feature","properties":{"s":"st-carrer-de-guillem-sagrera"},"geometry":{"type":"MultiLineString","coordinates":[[[2.21558,41.41568],[2.21625,41.41617]]]}},{"type":"Feature","properties":{"s":"st-carrer-de-guillem-tell"},"geometry":{"type":"MultiLineString","coordinates":[[[2.14985,41.40335],[2.14715,41.40146]]]}},{"type":"Feature","properties":{"s":"st-carrer-del-guinardo"},"geometry":{"type":"MultiLineString","coordinates":[[[2.18038,41.41693],[2.18114,41.41629],[2.18215,41.41552]]]}},{"type":"Feature","properties":{"s":"st-placa-del-guinardo"},"geometry":{"type":"MultiLineString","coordinates":[[[2.17545,41.42129],[2.17568,41.42162],[2.17506,41.42183],[2.17486,41.42153],[2.17545,41.42129]]]}},{"type":"Feature","properties":{"s":"st-ronda-del-guinardo"},"geometry":{"type":"MultiLineString","coordinates":[[[2.17751,41.42381],[2.17718,41.42194],[2.17706,41.4212],[2.17679,41.42028],[2.17658,41.4194],[2.17608,41.41815],[2.1757,41.41774],[2.1752,41.41731],[2.17451,41.41679],[2.17412,41.41645],[2.17289,41.41556],[2.1707,41.41393],[2.16948,41.41321],[2.16819,41.41259],[2.16703,41.41226],[2.16532,41.41191]],[[2.1597,41.4125],[2.1616,41.41244],[2.16202,41.41265],[2.16422,41.41185]]]}},{"type":"Feature","properties":{"s":"st-carrer-del-torrent-de-la-guineu"},"geometry":{"type":"MultiLineString","coordinates":[[[2.18824,41.41669],[2.18761,41.41682]]]}},{"type":"Feature","properties":{"s":"st-carrer-de-la-guineueta"},"geometry":{"type":"MultiLineString","coordinates":[[[2.16695,41.44096],[2.16631,41.43925]]]}},{"type":"Feature","properties":{"s":"st-ronda-de-la-guineueta-vella"},"geometry":{"type":"MultiLineString","coordinates":[[[2.16243,41.44136],[2.1616,41.44168],[2.1615,41.44197],[2.16195,41.44371],[2.16509,41.44433],[2.16821,41.44478],[2.16934,41.4444],[2.16959,41.44407],[2.17031,41.443]]]}},{"type":"Feature","properties":{"s":"st-rambla-de-guipuscoa"},"geometry":{"type":"MultiLineString","coordinates":[[[2.1924,41.41284],[2.19354,41.41369],[2.1947,41.41453],[2.1964,41.41585],[2.19696,41.41624],[2.19814,41.41715],[2.2015,41.41966],[2.20347,41.42115],[2.20491,41.4222],[2.20633,41.42327],[2.2072,41.4239]],[[2.2072,41.4239],[2.20804,41.42457],[2.20909,41.42535]],[[2.2072,41.4239],[2.20754,41.42358]]]}},{"type":"Feature","properties":{"s":"st-carrer-de-guitert"},"geometry":{"type":"MultiLineString","coordinates":[[[2.19113,41.37779],[2.19076,41.37879],[2.1902,41.38021]]]}},{"type":"Feature","properties":{"s":"st-carrer-de-gustavo-becquer"},"geometry":{"type":"MultiLineString","coordinates":[[[2.14208,41.41587],[2.14289,41.41577],[2.14462,41.41344]],[[2.14471,41.41326],[2.14572,41.41235]]]}},{"type":"Feature","properties":{"s":"st-carrer-de-gutenberg"},"geometry":{"type":"MultiLineString","coordinates":[[[2.13864,41.41835],[2.13743,41.41923]]]}},{"type":"Feature","properties":{"s":"st-passatge-de-gutenberg"},"geometry":{"type":"MultiLineString","coordinates":[[[2.17418,41.37721],[2.17491,41.3767]]]}},{"type":"Feature","properties":{"s":"st-passatge-h-zona-franca"},"geometry":{"type":"MultiLineString","coordinates":[[[2.12968,41.3226],[2.13067,41.32418]]]}},{"type":"Feature","properties":{"s":"st-carrer-d-haiti"},"geometry":{"type":"MultiLineString","coordinates":[[[2.15101,41.41766],[2.15072,41.41752]]]}},{"type":"Feature","properties":{"s":"st-carrer-d-hartzenbusch"},"geometry":{"type":"MultiLineString","coordinates":[[[2.1349,41.36965],[2.13478,41.37013],[2.13474,41.37037],[2.13455,41.37109],[2.13462,41.37119]]]}},{"type":"Feature","properties":{"s":"st-carrer-d-hedilla"},"geometry":{"type":"MultiLineString","coordinates":[[[2.15751,41.43806],[2.15892,41.43722],[2.16358,41.43455]]]}},{"type":"Feature","properties":{"s":"st-carrer-d-hercules"},"geometry":{"type":"MultiLineString","coordinates":[[[2.17754,41.38255],[2.17792,41.38278],[2.1782,41.38292]]]}},{"type":"Feature","properties":{"s":"st-costa-de-sant-bartomeu-de-la-quadra"},"geometry":{"type":"MultiLineString","coordinates":[[[2.1043,41.38913],[2.10412,41.3896],[2.10386,41.38963]],[[2.10366,41.38959],[2.10386,41.38963]],[[2.10386,41.38963],[2.10391,41.38985]]]}},{"type":"Feature","properties":{"s":"st-carrer-dels-germans-serra"},"geometry":{"type":"MultiLineString","coordinates":[[[2.21336,41.41733],[2.21534,41.41882]],[[2.21508,41.41902],[2.2144,41.4185]]]}},{"type":"Feature","properties":{"s":"st-placa-dels-germans-serra"},"geometry":{"type":"MultiLineString","coordinates":[[[2.21264,41.41633],[2.21336,41.41733]]]}},{"type":"Feature","properties":{"s":"st-carrer-d-hernan-cortes"},"geometry":{"type":"MultiLineString","coordinates":[[[2.18766,41.40678],[2.18904,41.40623]]]}},{"type":"Feature","properties":{"s":"st-carrer-dels-herois-del-bruc"},"geometry":{"type":"MultiLineString","coordinates":[[[2.10558,41.38876],[2.10493,41.38895],[2.10445,41.38907],[2.1043,41.38913]]]}},{"type":"Feature","properties":{"s":"st-placa-de-prat-de-la-riba"},"geometry":{"type":"MultiLineString","coordinates":[[[2.12992,41.39251],[2.13055,41.3928]]]}},{"type":"Feature","properties":{"s":"st-carrer-de-lazaro-cardenas"},"geometry":{"type":"MultiLineString","coordinates":[[[2.13647,41.39632],[2.13443,41.39542]]]}},{"type":"Feature","properties":{"s":"st-carrer-de-la-ferreria"},"geometry":{"type":"MultiLineString","coordinates":[[[2.13868,41.37262],[2.14041,41.3732]]]}},{"type":"Feature","properties":{"s":"st-carrer-dels-ferrers"},"geometry":{"type":"MultiLineString","coordinates":[[[2.21028,41.40546],[2.2119,41.4045]]]}},{"type":"Feature","properties":{"s":"st-carrer-d-hercegovina"},"geometry":{"type":"MultiLineString","coordinates":[[[2.14039,41.40337],[2.14022,41.40336],[2.13969,41.4029],[2.1389,41.40209],[2.13811,41.40136]]]}},{"type":"Feature","properties":{"s":"st-passatge-de-manuela-gil-llopart"},"geometry":{"type":"MultiLineString","coordinates":[[[2.13969,41.4029],[2.14039,41.40337]]]}},{"type":"Feature","properties":{"s":"st-carrer-del-ferro"},"geometry":{"type":"MultiLineString","coordinates":[[[2.13653,41.35418],[2.13784,41.35235],[2.13906,41.35077]]]}},{"type":"Feature","properties":{"s":"st-carrer-d-hipolit-lazaro"},"geometry":{"type":"MultiLineString","coordinates":[[[2.16516,41.40596],[2.164,41.407],[2.16352,41.40741]]]}},{"type":"Feature","properties":{"s":"st-carrer-de-l-historiador-maians"},"geometry":{"type":"MultiLineString","coordinates":[[[2.18298,41.41184],[2.18261,41.41145],[2.18217,41.41107]]]}},{"type":"Feature","properties":{"s":"st-carrer-d-homer"},"geometry":{"type":"MultiLineString","coordinates":[[[2.14421,41.40861],[2.14579,41.40741],[2.14616,41.40714],[2.14719,41.40636],[2.14794,41.40585]]]}},{"type":"Feature","properties":{"s":"st-carrer-d-hondures"},"geometry":{"type":"MultiLineString","coordinates":[[[2.19133,41.41889],[2.19017,41.41963],[2.18798,41.42128],[2.18753,41.42166],[2.18693,41.42212]]]}},{"type":"Feature","properties":{"s":"st-carrer-d-horaci"},"geometry":{"type":"MultiLineString","coordinates":[[[2.12836,41.40797],[2.12875,41.40724]],[[2.13196,41.40371],[2.13064,41.40506],[2.12996,41.40579]]]}},{"type":"Feature","properties":{"s":"st-carrer-horitzontal"},"geometry":{"type":"MultiLineString","coordinates":[[[2.18026,41.43909],[2.17982,41.43835],[2.17888,41.43744]]]}},{"type":"Feature","properties":{"s":"st-carrer-del-forn"},"geometry":{"type":"MultiLineString","coordinates":[[[2.14366,41.37653],[2.14428,41.37686]]]}},{"type":"Feature","properties":{"s":"st-carrer-de-l-hort-de-la-vila"},"geometry":{"type":"MultiLineString","coordinates":[[[2.12572,41.40034],[2.12419,41.39959],[2.12353,41.39931],[2.12289,41.39893],[2.12225,41.3987]]]}},{"type":"Feature","properties":{"s":"st-carrer-d-horta"},"geometry":{"type":"MultiLineString","coordinates":[[[2.1631,41.43046],[2.16239,41.43065],[2.16098,41.43085]],[[2.16067,41.4309],[2.16003,41.43139],[2.15962,41.43166],[2.15934,41.43181],[2.15821,41.43226],[2.15631,41.43306],[2.15496,41.43357],[2.15353,41.43403]]]}},{"type":"Feature","properties":{"s":"st-carrer-de-bonaventura-gispert"},"geometry":{"type":"MultiLineString","coordinates":[[[2.19394,41.42787],[2.19528,41.42725],[2.19631,41.42666],[2.20019,41.42526]]]}},{"type":"Feature","properties":{"s":"st-carretera-d-horta-a-cerdanyola"},"geometry":{"type":"MultiLineString","coordinates":[[[2.15333,41.4365],[2.15396,41.43846],[2.15475,41.44046],[2.15493,41.44356],[2.15113,41.44344],[2.15127,41.44596],[2.13561,41.44746]]]}},{"type":"Feature","properties":{"s":"st-carrer-de-l-hortal"},"geometry":{"type":"MultiLineString","coordinates":[[[2.15419,41.42268],[2.15324,41.42251],[2.15226,41.42171],[2.15121,41.42068],[2.15097,41.4202]]]}},{"type":"Feature","properties":{"s":"st-carrer-de-l-hortensia"},"geometry":{"type":"MultiLineString","coordinates":[[[2.14654,41.3698],[2.14695,41.36999]]]}},{"type":"Feature","properties":{"s":"st-carrer-de-l-hospital"},"geometry":{"type":"MultiLineString","coordinates":[[[2.17316,41.38129],[2.17244,41.38099],[2.17176,41.38083],[2.1715,41.38074],[2.17098,41.38062],[2.17015,41.38036],[2.16969,41.38024],[2.16807,41.37976],[2.16709,41.37954],[2.16637,41.37948]]]}},{"type":"Feature","properties":{"s":"st-passatge-de-l-hospital"},"geometry":{"type":"MultiLineString","coordinates":[[[2.16921,41.38169],[2.16977,41.38152]]]}},{"type":"Feature","properties":{"s":"st-avinguda-de-vallcarca"},"geometry":{"type":"MultiLineString","coordinates":[[[2.14017,41.42051],[2.1408,41.41876],[2.14119,41.41727],[2.14208,41.41587],[2.14277,41.41483],[2.14298,41.41257],[2.14371,41.41219],[2.14498,41.41179],[2.1455,41.41145]],[[2.14939,41.40809],[2.14833,41.40913]],[[2.14939,41.40809],[2.14882,41.40817],[2.14812,41.4089],[2.14833,41.40913]],[[2.14939,41.40809],[2.14996,41.40732]],[[2.1457,41.41145],[2.1455,41.41145]],[[2.1455,41.41145],[2.14616,41.41095],[2.14634,41.41083],[2.14718,41.41014],[2.14833,41.40913]]]}},{"type":"Feature","properties":{"s":"st-carrer-d-hostafrancs-de-sio"},"geometry":{"type":"MultiLineString","coordinates":[[[2.14415,41.37321],[2.14419,41.3746],[2.14429,41.37521]]]}},{"type":"Feature","properties":{"s":"st-carrer-de-l-hostal-d-en-sol"},"geometry":{"type":"MultiLineString","coordinates":[[[2.18076,41.38143],[2.18038,41.38159],[2.17991,41.38193],[2.17991,41.38207]]]}},{"type":"Feature","properties":{"s":"st-carrer-d-hostalric"},"geometry":{"type":"MultiLineString","coordinates":[[[2.16388,41.4354],[2.16607,41.43489]]]}},{"type":"Feature","properties":{"s":"st-carrer-de-huelva"},"geometry":{"type":"MultiLineString","coordinates":[[[2.19243,41.41455],[2.19527,41.41668],[2.19639,41.41755],[2.19811,41.41882],[2.19924,41.41963],[2.20083,41.42087],[2.20155,41.4214]]]}},{"type":"Feature","properties":{"s":"st-carrer-de-les-hortes"},"geometry":{"type":"MultiLineString","coordinates":[[[2.16788,41.37291],[2.16705,41.3732]]]}},{"type":"Feature","properties":{"s":"st-placa-d-osca"},"geometry":{"type":"MultiLineString","coordinates":[[[2.13901,41.37602],[2.13834,41.37602]]]}},{"type":"Feature","properties":{"s":"st-carrer-d-hug-de-rocaberti"},"geometry":{"type":"MultiLineString","coordinates":[[[2.13276,41.38482],[2.1333,41.38502]]]}},{"type":"Feature","properties":{"s":"st-carrer-d-hurtado"},"geometry":{"type":"MultiLineString","coordinates":[[[2.14146,41.40993],[2.14019,41.41121],[2.13926,41.41193]]]}},{"type":"Feature","properties":{"s":"st-carrer-de-la-vitraria"},"geometry":{"type":"MultiLineString","coordinates":[[[2.10306,41.41305],[2.10328,41.41362]]]}},{"type":"Feature","properties":{"s":"st-carrer-d-iberia"},"geometry":{"type":"MultiLineString","coordinates":[[[2.13643,41.37366],[2.13665,41.37372],[2.13719,41.37396]]]}},{"type":"Feature","properties":{"s":"st-placa-d-iberia"},"geometry":{"type":"MultiLineString","coordinates":[[[2.13719,41.37396],[2.13704,41.37413]]]}},{"type":"Feature","properties":{"s":"st-placa-d-eivissa"},"geometry":{"type":"MultiLineString","coordinates":[[[2.16108,41.43045],[2.16065,41.43021],[2.1607,41.43005],[2.16136,41.43021],[2.16108,41.43045]],[[2.16108,41.43045],[2.16086,41.4307]],[[2.16086,41.4307],[2.16067,41.4309],[2.16098,41.43085],[2.16086,41.4307]]]}},{"type":"Feature","properties":{"s":"st-carrer-d-ivorra"},"geometry":{"type":"MultiLineString","coordinates":[[[2.12222,41.39698],[2.1232,41.3975]]]}},{"type":"Feature","properties":{"s":"st-carrer-d-idumea"},"geometry":{"type":"MultiLineString","coordinates":[[[2.13825,41.42676],[2.13709,41.42775]]]}},{"type":"Feature","properties":{"s":"st-carrer-d-ifni"},"geometry":{"type":"MultiLineString","coordinates":[[[2.12345,41.39286],[2.12401,41.39223]]]}},{"type":"Feature","properties":{"s":"st-carrer-de-l-esglesia"},"geometry":{"type":"MultiLineString","coordinates":[[[2.15724,41.40515],[2.15676,41.4056]]]}},{"type":"Feature","properties":{"s":"st-cami-de-l-esglesia"},"geometry":{"type":"MultiLineString","coordinates":[[[2.15353,41.43403],[2.15316,41.43484]]]}},{"type":"Feature","properties":{"s":"st-carretera-de-l-esglesia"},"geometry":{"type":"MultiLineString","coordinates":[[[2.10432,41.41356],[2.10454,41.41483],[2.10705,41.41769],[2.10645,41.41953],[2.09841,41.41901]]]}},{"type":"Feature","properties":{"s":"st-carrer-de-ca-l-iglesies"},"geometry":{"type":"MultiLineString","coordinates":[[[2.15432,41.429],[2.15434,41.42988],[2.15447,41.43103]]]}},{"type":"Feature","properties":{"s":"st-passatge-d-iglesias"},"geometry":{"type":"MultiLineString","coordinates":[[[2.19538,41.39767],[2.194,41.39825]]]}},{"type":"Feature","properties":{"s":"st-placa-d-ignasi-juliol"},"geometry":{"type":"MultiLineString","coordinates":[[[2.19694,41.42093],[2.19674,41.42074],[2.19665,41.4208]]]}},{"type":"Feature","properties":{"s":"st-carrer-de-can-ros"},"geometry":{"type":"MultiLineString","coordinates":[[[2.1842,41.42678],[2.1825,41.42685],[2.18061,41.4268]]]}},{"type":"Feature","properties":{"s":"st-carrer-d-igualada"},"geometry":{"type":"MultiLineString","coordinates":[[[2.16222,41.40127],[2.16368,41.40215]]]}},{"type":"Feature","properties":{"s":"st-placa-d-ildefons-cerda"},"geometry":{"type":"MultiLineString","coordinates":[[[2.13465,41.36417],[2.13502,41.36444]],[[2.13502,41.36444],[2.13584,41.36442],[2.13581,41.36503],[2.13534,41.36511],[2.13502,41.36444]]]}},{"type":"Feature","properties":{"s":"st-carrer-d-inca"},"geometry":{"type":"MultiLineString","coordinates":[[[2.17241,41.43253],[2.17171,41.43176]]]}},{"type":"Feature","properties":{"s":"st-carrer-d-indibil"},"geometry":{"type":"MultiLineString","coordinates":[[[2.14296,41.37038],[2.14382,41.36975],[2.14426,41.3694]]]}},{"type":"Feature","properties":{"s":"st-carrer-de-la-industria"},"geometry":{"type":"MultiLineString","coordinates":[[[2.18556,41.41798],[2.18325,41.41633],[2.18264,41.41586],[2.18084,41.41455],[2.17985,41.4138],[2.17878,41.41293],[2.17806,41.41237]],[[2.19036,41.42134],[2.18901,41.42051]],[[2.16584,41.4031],[2.16639,41.40354],[2.16866,41.40522]]]}},{"type":"Feature","properties":{"s":"st-passatge-de-lluisa-vidal"},"geometry":{"type":"MultiLineString","coordinates":[[[2.17826,41.41252],[2.1788,41.41212]]]}},{"type":"Feature","properties":{"s":"st-passatge-de-la-industria-lletra-c"},"geometry":{"type":"MultiLineString","coordinates":[[[2.17844,41.41266],[2.17888,41.41234]]]}},{"type":"Feature","properties":{"s":"st-placa-de-la-infancia"},"geometry":{"type":"MultiLineString","coordinates":[[[2.19638,41.41328],[2.19735,41.41397]]]}},{"type":"Feature","properties":{"s":"st-carrer-de-la-infanta-isabel"},"geometry":{"type":"MultiLineString","coordinates":[[[2.12807,41.40991],[2.12864,41.41033],[2.12982,41.4107],[2.131,41.41093]]]}},{"type":"Feature","properties":{"s":"st-carrer-de-la-robinia"},"geometry":{"type":"MultiLineString","coordinates":[[[2.10147,41.42607],[2.10042,41.42518],[2.09903,41.42468]],[[2.10147,41.42607],[2.10252,41.42721],[2.10256,41.42847],[2.1019,41.42894]],[[2.10147,41.42607],[2.10135,41.42639]]]}},{"type":"Feature","properties":{"s":"st-carrer-de-la-immaculada"},"geometry":{"type":"MultiLineString","coordinates":[[[2.12784,41.40844],[2.12633,41.40767],[2.12551,41.40723],[2.12279,41.40585],[2.12116,41.405]]]}},{"type":"Feature","properties":{"s":"st-carrer-del-lliri"},"geometry":{"type":"MultiLineString","coordinates":[[[2.1555,41.41062],[2.15603,41.41019]]]}},{"type":"Feature","properties":{"s":"st-carrer-de-juan-miguel-gervilla-valladolid"},"geometry":{"type":"MultiLineString","coordinates":[[[2.12855,41.38565],[2.12725,41.38531],[2.1268,41.38493]]]}},{"type":"Feature","properties":{"s":"st-carrer-de-l-institut-quimic-de-sarria"},"geometry":{"type":"MultiLineString","coordinates":[[[2.12204,41.40409],[2.12242,41.40435]],[[2.11992,41.40257],[2.1189,41.40181]]]}},{"type":"Feature","properties":{"s":"st-carrer-d-iradier"},"geometry":{"type":"MultiLineString","coordinates":[[[2.12687,41.40294],[2.12532,41.40455],[2.12363,41.40627],[2.12205,41.40791]]]}},{"type":"Feature","properties":{"s":"st-carrer-d-iriarte"},"geometry":{"type":"MultiLineString","coordinates":[[[2.14186,41.42192],[2.14192,41.42242],[2.14194,41.42275]]]}},{"type":"Feature","properties":{"s":"st-carrer-d-irlanda"},"geometry":{"type":"MultiLineString","coordinates":[[[2.18614,41.43015],[2.18571,41.43189]]]}},{"type":"Feature","properties":{"s":"st-passatge-d-irlanda"},"geometry":{"type":"MultiLineString","coordinates":[[[2.18582,41.43141],[2.18678,41.43154]]]}},{"type":"Feature","properties":{"s":"st-passatge-d-isabel"},"geometry":{"type":"MultiLineString","coordinates":[[[2.14664,41.41376],[2.14625,41.41349]]]}},{"type":"Feature","properties":{"s":"st-passeig-d-isabel-ii"},"geometry":{"type":"MultiLineString","coordinates":[[[2.18221,41.38133],[2.18326,41.38258]]]}},{"type":"Feature","properties":{"s":"st-passatge-d-isabel-ribo"},"geometry":{"type":"MultiLineString","coordinates":[[[2.19106,41.43857],[2.19213,41.43854]]]}},{"type":"Feature","properties":{"s":"st-cami-de-ca-l-isidret"},"geometry":{"type":"MultiLineString","coordinates":[[[2.20759,41.41565],[2.20622,41.41609]]]}},{"type":"Feature","properties":{"s":"st-carrer-isona"},"geometry":{"type":"MultiLineString","coordinates":[[[2.20763,41.43654],[2.20749,41.43718]]]}},{"type":"Feature","properties":{"s":"st-carrer-de-jacinto-benavente"},"geometry":{"type":"MultiLineString","coordinates":[[[2.13478,41.3947],[2.13727,41.3953]]]}},{"type":"Feature","properties":{"s":"st-carrer-de-la-gardenia"},"geometry":{"type":"MultiLineString","coordinates":[[[2.09941,41.42741],[2.09939,41.42697],[2.09915,41.42561],[2.09904,41.42537]]]}},{"type":"Feature","properties":{"s":"st-passatge-de-jacint-guardiola"},"geometry":{"type":"MultiLineString","coordinates":[[[2.19216,41.43815],[2.19109,41.43811]]]}},{"type":"Feature","properties":{"s":"st-carrer-de-jacquard"},"geometry":{"type":"MultiLineString","coordinates":[[[2.13451,41.37708],[2.13392,41.37862]]]}},{"type":"Feature","properties":{"s":"st-carrer-de-jadraque"},"geometry":{"type":"MultiLineString","coordinates":[[[2.15498,41.42496],[2.15558,41.42538]]]}},{"type":"Feature","properties":{"s":"st-carrer-de-jaen"},"geometry":{"type":"MultiLineString","coordinates":[[[2.1558,41.40338],[2.15538,41.4031],[2.15431,41.40245]]]}},{"type":"Feature","properties":{"s":"st-carrer-de-jaume-i"},"geometry":{"type":"MultiLineString","coordinates":[[[2.17845,41.38373],[2.17796,41.38333],[2.17732,41.38284]]]}},{"type":"Feature","properties":{"s":"st-placa-de-jaume-ii"},"geometry":{"type":"MultiLineString","coordinates":[[[2.11559,41.39833],[2.11572,41.39849],[2.11597,41.39847],[2.11588,41.39818],[2.11567,41.39821],[2.11559,41.39833]]]}},{"type":"Feature","properties":{"s":"st-carrer-de-jaume-cabrera"},"geometry":{"type":"MultiLineString","coordinates":[[[2.15005,41.41751],[2.14952,41.41731]]]}},{"type":"Feature","properties":{"s":"st-carrer-de-jaume-cancer"},"geometry":{"type":"MultiLineString","coordinates":[[[2.1294,41.40897],[2.12807,41.40991],[2.12741,41.41062]]]}},{"type":"Feature","properties":{"s":"st-carrer-de-jaume-cascalls"},"geometry":{"type":"MultiLineString","coordinates":[[[2.1504,41.41814],[2.15072,41.41752],[2.1509,41.41737]]]}},{"type":"Feature","properties":{"s":"st-carrer-del-baladre"},"geometry":{"type":"MultiLineString","coordinates":[[[2.09395,41.4296],[2.09398,41.42909],[2.09311,41.42708],[2.09299,41.42594]]]}},{"type":"Feature","properties":{"s":"st-carrer-de-jaume-fabre"},"geometry":{"type":"MultiLineString","coordinates":[[[2.21673,41.41325],[2.2178,41.41401],[2.21848,41.41455]]]}},{"type":"Feature","properties":{"s":"st-carrer-de-jaume-giralt"},"geometry":{"type":"MultiLineString","coordinates":[[[2.18035,41.38699],[2.17963,41.38724],[2.17948,41.38732],[2.17904,41.38768],[2.17855,41.38817]]]}},{"type":"Feature","properties":{"s":"st-carrer-de-jaume-huguet"},"geometry":{"type":"MultiLineString","coordinates":[[[2.2119,41.41688],[2.21289,41.41767],[2.21421,41.41864],[2.21429,41.41872],[2.21511,41.41934]]]}},{"type":"Feature","properties":{"s":"st-placa-de-jaume-huguet"},"geometry":{"type":"MultiLineString","coordinates":[[[2.21244,41.41731],[2.21143,41.41806]]]}},{"type":"Feature","properties":{"s":"st-carrer-de-jaume-marti"},"geometry":{"type":"MultiLineString","coordinates":[[[2.17522,41.44292],[2.17392,41.44208]]]}},{"type":"Feature","properties":{"s":"st-carrer-de-jaume-pinent"},"geometry":{"type":"MultiLineString","coordinates":[[[2.17684,41.44539],[2.17659,41.44589],[2.17477,41.4477],[2.17429,41.44821]]]}},{"type":"Feature","properties":{"s":"st-carrer-de-jaume-piquet"},"geometry":{"type":"MultiLineString","coordinates":[[[2.1232,41.3975],[2.12379,41.39783],[2.12495,41.39843]]]}},{"type":"Feature","properties":{"s":"st-carrer-de-jaume-puigvert"},"geometry":{"type":"MultiLineString","coordinates":[[[2.16115,41.41665],[2.1599,41.41595]]]}},{"type":"Feature","properties":{"s":"st-carrer-de-jaume-roig"},"geometry":{"type":"MultiLineString","coordinates":[[[2.12527,41.37721],[2.1267,41.37558]]]}},{"type":"Feature","properties":{"s":"st-passatge-de-jaume-roig"},"geometry":{"type":"MultiLineString","coordinates":[[[2.12527,41.37721],[2.12431,41.37834]]]}},{"type":"Feature","properties":{"s":"st-carrer-de-jambrina"},"geometry":{"type":"MultiLineString","coordinates":[[[2.18808,41.42531],[2.18852,41.42615]]]}},{"type":"Feature","properties":{"s":"st-carrer-del-japo"},"geometry":{"type":"MultiLineString","coordinates":[[[2.17834,41.44152],[2.17789,41.44103],[2.17738,41.44043]]]}},{"type":"Feature","properties":{"s":"st-placa-dels-jardins-d-alfabia"},"geometry":{"type":"MultiLineString","coordinates":[[[2.17496,41.43671],[2.17365,41.43719],[2.17401,41.43695],[2.17496,41.43671]]]}},{"type":"Feature","properties":{"s":"st-jardins-de-bacardi"},"geometry":{"type":"MultiLineString","coordinates":[[[2.12555,41.38069],[2.12632,41.38019]]]}},{"type":"Feature","properties":{"s":"st-carrer-del-gessami"},"geometry":{"type":"MultiLineString","coordinates":[[[2.14602,41.37049],[2.14654,41.3698],[2.14663,41.36962]]]}},{"type":"Feature","properties":{"s":"st-jardins-de-joaquim-ruyra"},"geometry":{"type":"MultiLineString","coordinates":[[[2.13982,41.38956],[2.13912,41.38918],[2.1389,41.38904],[2.1384,41.38953],[2.13941,41.3901]]]}},{"type":"Feature","properties":{"s":"st-carrer-de-jerez"},"geometry":{"type":"MultiLineString","coordinates":[[[2.15648,41.43075],[2.15573,41.4313],[2.15551,41.43136],[2.15483,41.43144],[2.15474,41.43154],[2.15436,41.43204],[2.15353,41.43403],[2.15316,41.43484]]]}},{"type":"Feature","properties":{"s":"st-carrer-de-jerico"},"geometry":{"type":"MultiLineString","coordinates":[[[2.14017,41.42051],[2.13919,41.42212],[2.13869,41.42243]]]}},{"type":"Feature","properties":{"s":"st-carrer-de-jerusalem"},"geometry":{"type":"MultiLineString","coordinates":[[[2.17176,41.38083],[2.17137,41.38128],[2.17062,41.38196],[2.1703,41.38228]],[[2.17072,41.38098],[2.17019,41.38157]]]}},{"type":"Feature","properties":{"s":"st-carrer-de-jesus"},"geometry":{"type":"MultiLineString","coordinates":[[[2.15695,41.39858],[2.15819,41.3994]]]}},{"type":"Feature","properties":{"s":"st-carrer-de-jesus-i-maria"},"geometry":{"type":"MultiLineString","coordinates":[[[2.13143,41.41067],[2.13442,41.40874]],[[2.131,41.41093],[2.12972,41.41176]]]}},{"type":"Feature","properties":{"s":"st-passatge-de-la-cadernera"},"geometry":{"type":"MultiLineString","coordinates":[[[2.16004,41.42052],[2.15968,41.42098]]]}},{"type":"Feature","properties":{"s":"st-placa-de-joan-corrades"},"geometry":{"type":"MultiLineString","coordinates":[[[2.14415,41.37321],[2.14459,41.37333]]]}},{"type":"Feature","properties":{"s":"st-placa-d-en-joanic"},"geometry":{"type":"MultiLineString","coordinates":[[[2.1626,41.40503],[2.16205,41.40552],[2.16265,41.40587],[2.16304,41.40544],[2.1626,41.40503]]]}},{"type":"Feature","properties":{"s":"st-placa-de-joan-llongueras"},"geometry":{"type":"MultiLineString","coordinates":[[[2.14034,41.39238],[2.14128,41.39277]]]}},{"type":"Feature","properties":{"s":"st-carrer-de-joanot-martorell"},"geometry":{"type":"MultiLineString","coordinates":[[[2.1411,41.3738],[2.14102,41.37449],[2.14087,41.37501],[2.14082,41.3753]]]}},{"type":"Feature","properties":{"s":"st-carrer-de-joaquin-costa"},"geometry":{"type":"MultiLineString","coordinates":[[[2.16772,41.38076],[2.1656,41.38271]]]}},{"type":"Feature","properties":{"s":"st-carrer-de-joaquim-molins"},"geometry":{"type":"MultiLineString","coordinates":[[[2.12855,41.38565],[2.12981,41.38598]]]}},{"type":"Feature","properties":{"s":"st-placa-de-joaquim-pena"},"geometry":{"type":"MultiLineString","coordinates":[[[2.1285,41.39667],[2.12813,41.39673],[2.12806,41.39703],[2.12846,41.39695],[2.1285,41.39667]]]}},{"type":"Feature","properties":{"s":"st-passatge-de-joaquim-pujol"},"geometry":{"type":"MultiLineString","coordinates":[[[2.20572,41.40231],[2.20466,41.4029]]]}},{"type":"Feature","properties":{"s":"st-passatge-de-joaquim-rita"},"geometry":{"type":"MultiLineString","coordinates":[[[2.18571,41.43189],[2.18444,41.43149]]]}},{"type":"Feature","properties":{"s":"st-carrer-de-joaquim-ruyra"},"geometry":{"type":"MultiLineString","coordinates":[[[2.16441,41.40548],[2.16386,41.40607],[2.16321,41.4062]]]}},{"type":"Feature","properties":{"s":"st-carrer-de-joaquim-valls"},"geometry":{"type":"MultiLineString","coordinates":[[[2.18447,41.44157],[2.18377,41.44206],[2.1832,41.44235],[2.18136,41.44319],[2.17788,41.44482],[2.17684,41.44539]]]}},{"type":"Feature","properties":{"s":"st-carrer-de-jorba"},"geometry":{"type":"MultiLineString","coordinates":[[[2.1867,41.43652],[2.18644,41.43442]]]}},{"type":"Feature","properties":{"s":"st-passatge-de-jorba"},"geometry":{"type":"MultiLineString","coordinates":[[[2.11855,41.40739],[2.11813,41.40808]]]}},{"type":"Feature","properties":{"s":"st-carrer-de-jorda"},"geometry":{"type":"MultiLineString","coordinates":[[[2.12082,41.39674],[2.12096,41.3968],[2.1219,41.39732]]]}},{"type":"Feature","properties":{"s":"st-avinguda-del-jorda"},"geometry":{"type":"MultiLineString","coordinates":[[[2.14233,41.42479],[2.13976,41.42547],[2.13948,41.42596],[2.13921,41.4265],[2.13825,41.42676],[2.13638,41.42739]]]}},{"type":"Feature","properties":{"s":"st-carrer-de-jordi-de-sant-jordi"},"geometry":{"type":"MultiLineString","coordinates":[[[2.18266,41.4208],[2.18312,41.42324],[2.18326,41.42414]]]}},{"type":"Feature","properties":{"s":"st-passatge-de-jordi-ferran"},"geometry":{"type":"MultiLineString","coordinates":[[[2.11705,41.37643],[2.11841,41.37681]]]}},{"type":"Feature","properties":{"s":"st-carrer-de-jordi-girona"},"geometry":{"type":"MultiLineString","coordinates":[[[2.11813,41.38939],[2.11543,41.38806],[2.11402,41.38757],[2.11229,41.38708],[2.11198,41.38673]]]}},{"type":"Feature","properties":{"s":"st-carrer-de-jorge-manrique"},"geometry":{"type":"MultiLineString","coordinates":[[[2.14586,41.43241],[2.14714,41.43206],[2.15095,41.4311],[2.15378,41.43166]]]}},{"type":"Feature","properties":{"s":"st-carrer-de-jose-de-agullo"},"geometry":{"type":"MultiLineString","coordinates":[[[2.13504,41.39628],[2.1341,41.39568],[2.13293,41.39487]]]}},{"type":"Feature","properties":{"s":"st-carrer-de-josep-anselm-clave"},"geometry":{"type":"MultiLineString","coordinates":[[[2.1785,41.37825],[2.17742,41.37643]]]}},{"type":"Feature","properties":{"s":"st-gran-via-de-les-corts-catalanes"},"geometry":{"type":"MultiLineString","coordinates":[[[2.14871,41.37473],[2.14752,41.37383],[2.14617,41.37285],[2.145,41.37194],[2.14296,41.37038],[2.14235,41.36994],[2.14209,41.36973],[2.14086,41.36883],[2.14043,41.36848],[2.13941,41.36773],[2.13764,41.36638],[2.13642,41.36547],[2.13581,41.36503]],[[2.13373,41.36347],[2.13465,41.36417],[2.13502,41.36444]],[[2.2114,41.42188],[2.21081,41.4214],[2.2096,41.42051],[2.2073,41.4187],[2.20613,41.41782],[2.20507,41.41697],[2.20277,41.41529],[2.19706,41.41104],[2.19594,41.41017],[2.19486,41.40929],[2.19414,41.40876],[2.19329,41.40818],[2.19141,41.40681],[2.18918,41.40509],[2.18799,41.4043]]]}},{"type":"Feature","properties":{"s":"st-carrer-de-josep-balari"},"geometry":{"type":"MultiLineString","coordinates":[[[2.13293,41.40089],[2.13419,41.40148],[2.13512,41.40207]]]}},{"type":"Feature","properties":{"s":"st-carrer-de-josep-bertrand"},"geometry":{"type":"MultiLineString","coordinates":[[[2.13916,41.39431],[2.14056,41.39591]]]}},{"type":"Feature","properties":{"s":"st-carrer-de-josep-canaleta"},"geometry":{"type":"MultiLineString","coordinates":[[[2.12478,41.41139],[2.12557,41.41179]]]}},{"type":"Feature","properties":{"s":"st-carrer-de-josep-ciurana"},"geometry":{"type":"MultiLineString","coordinates":[[[2.16723,41.41395],[2.16818,41.41431],[2.16944,41.41491]]]}},{"type":"Feature","properties":{"s":"st-carrer-de-josep-estivill"},"geometry":{"type":"MultiLineString","coordinates":[[[2.18548,41.41635],[2.18691,41.41707]],[[2.18691,41.41724],[2.18789,41.41794],[2.18908,41.41874],[2.19017,41.41963],[2.19075,41.42007],[2.19097,41.42077],[2.19122,41.42135]]]}},{"type":"Feature","properties":{"s":"st-carrer-de-josep-gari"},"geometry":{"type":"MultiLineString","coordinates":[[[2.13627,41.41599],[2.13491,41.41539],[2.13366,41.41485]]]}},{"type":"Feature","properties":{"s":"st-carrer-de-josep-yxart"},"geometry":{"type":"MultiLineString","coordinates":[[[2.16092,41.41492],[2.16009,41.4148],[2.16028,41.41444]]]}},{"type":"Feature","properties":{"s":"st-carrer-de-josep-jover"},"geometry":{"type":"MultiLineString","coordinates":[[[2.14277,41.41483],[2.14067,41.41361]]]}},{"type":"Feature","properties":{"s":"st-passatge-de-josep-llovera"},"geometry":{"type":"MultiLineString","coordinates":[[[2.14868,41.39554],[2.14776,41.39638]]]}},{"type":"Feature","properties":{"s":"st-carrer-de-josep-m-florensa"},"geometry":{"type":"MultiLineString","coordinates":[[[2.1355,41.4123],[2.13503,41.41207]]]}},{"type":"Feature","properties":{"s":"st-carrer-de-josep-m-jujol"},"geometry":{"type":"MultiLineString","coordinates":[[[2.13364,41.41953],[2.13345,41.42015],[2.13341,41.42041],[2.13397,41.42102]]]}},{"type":"Feature","properties":{"s":"st-carrer-de-jose-millan-gonzalez"},"geometry":{"type":"MultiLineString","coordinates":[[[2.15933,41.41663],[2.1599,41.41595],[2.16007,41.41578],[2.16094,41.41507]]]}},{"type":"Feature","properties":{"s":"st-carrer-de-josep-sangenis"},"geometry":{"type":"MultiLineString","coordinates":[[[2.15246,41.42511],[2.15175,41.42521],[2.14976,41.42463]],[[2.14976,41.42463],[2.14886,41.42387],[2.14829,41.42342]],[[2.14976,41.42463],[2.14819,41.42353]]]}},{"type":"Feature","properties":{"s":"st-carrer-de-josep-soldevila"},"geometry":{"type":"MultiLineString","coordinates":[[[2.1933,41.42396],[2.19322,41.42358]],[[2.19418,41.42586],[2.19528,41.42725],[2.19603,41.42823],[2.19593,41.42988],[2.19561,41.43128],[2.19518,41.43224],[2.19427,41.43333],[2.19322,41.43453]],[[2.19456,41.43527],[2.19535,41.43363]]]}},{"type":"Feature","properties":{"s":"st-carrer-de-josepa-massanes"},"geometry":{"type":"MultiLineString","coordinates":[[[2.18204,41.41242],[2.18298,41.41184],[2.18391,41.41131]]]}},{"type":"Feature","properties":{"s":"st-carrer-de-la-jota"},"geometry":{"type":"MultiLineString","coordinates":[[[2.18367,41.42939],[2.18173,41.42942]],[[2.18079,41.42943],[2.17635,41.4295],[2.17519,41.42945]]]}},{"type":"Feature","properties":{"s":"st-carrer-de-joan-i"},"geometry":{"type":"MultiLineString","coordinates":[[[2.18781,41.40701],[2.18686,41.40719]]]}},{"type":"Feature","properties":{"s":"st-carrer-de-joan-alcover"},"geometry":{"type":"MultiLineString","coordinates":[[[2.17289,41.42975],[2.17435,41.42973]]]}},{"type":"Feature","properties":{"s":"st-carrer-de-joan-d-alos"},"geometry":{"type":"MultiLineString","coordinates":[[[2.11075,41.39447],[2.10973,41.39384],[2.10875,41.39312],[2.10577,41.39108],[2.10506,41.39058],[2.10418,41.39048],[2.10403,41.39164]]]}},{"type":"Feature","properties":{"s":"st-carrer-de-joan-d-austria"},"geometry":{"type":"MultiLineString","coordinates":[[[2.19262,41.39216],[2.18918,41.39482]]]}},{"type":"Feature","properties":{"s":"st-carrer-de-juan-de-avila"},"geometry":{"type":"MultiLineString","coordinates":[[[2.15561,41.43015],[2.15505,41.42971],[2.1547,41.42906]]]}},{"type":"Feature","properties":{"s":"st-carrer-de-joan-blanques"},"geometry":{"type":"MultiLineString","coordinates":[[[2.16179,41.40385],[2.15881,41.40685]]]}},{"type":"Feature","properties":{"s":"st-carrer-de-juan-bravo"},"geometry":{"type":"MultiLineString","coordinates":[[[2.13733,41.37115],[2.13781,41.37129],[2.13917,41.37174]]]}},{"type":"Feature","properties":{"s":"st-carrer-de-joan-cortada"},"geometry":{"type":"MultiLineString","coordinates":[[[2.1599,41.41595],[2.15949,41.41521],[2.1597,41.41505],[2.16009,41.4148]]]}},{"type":"Feature","properties":{"s":"st-carrer-de-trias-i-giro"},"geometry":{"type":"MultiLineString","coordinates":[[[2.11447,41.38656],[2.11272,41.38611],[2.11118,41.38581]]]}},{"type":"Feature","properties":{"s":"st-carrer-de-joan-gamper"},"geometry":{"type":"MultiLineString","coordinates":[[[2.13458,41.38654],[2.13264,41.38851]]]}},{"type":"Feature","properties":{"s":"st-carrer-de-juan-de-garay"},"geometry":{"type":"MultiLineString","coordinates":[[[2.18049,41.41826],[2.18041,41.41754],[2.18109,41.41795],[2.18334,41.41965],[2.18453,41.42047],[2.18568,41.4213],[2.18558,41.42299]]]}},{"type":"Feature","properties":{"s":"st-passatge-de-joan-goula"},"geometry":{"type":"MultiLineString","coordinates":[[[2.19423,41.39916],[2.19404,41.39894]]]}},{"type":"Feature","properties":{"s":"st-carrer-de-joan-guell"},"geometry":{"type":"MultiLineString","coordinates":[[[2.13481,41.3763],[2.13495,41.37589]],[[2.12821,41.3884],[2.12913,41.38692],[2.12981,41.38598],[2.13003,41.38562]],[[2.13025,41.38523],[2.13086,41.38417],[2.1311,41.38368],[2.1326,41.38037],[2.1329,41.37976],[2.13346,41.37851],[2.13374,41.37782],[2.13404,41.37697],[2.13463,41.37584]]]}},{"type":"Feature","properties":{"s":"st-carrer-de-joan-massana"},"geometry":{"type":"MultiLineString","coordinates":[[[2.18091,41.38232],[2.18116,41.38267]]]}},{"type":"Feature","properties":{"s":"st-carrer-de-juan-de-mena"},"geometry":{"type":"MultiLineString","coordinates":[[[2.14554,41.43174],[2.14689,41.43156],[2.14766,41.4304]],[[2.14622,41.43124],[2.14588,41.43049]],[[2.1468,41.43122],[2.14629,41.4304]]]}},{"type":"Feature","properties":{"s":"st-carrer-de-joan-de-palomar"},"geometry":{"type":"MultiLineString","coordinates":[[[2.21599,41.41538],[2.21665,41.41586]]]}},{"type":"Feature","properties":{"s":"st-carrer-de-joan-de-peguera"},"geometry":{"type":"MultiLineString","coordinates":[[[2.18363,41.41603],[2.18274,41.41462],[2.18108,41.41193]]]}},{"type":"Feature","properties":{"s":"st-carrer-de-joan-riera"},"geometry":{"type":"MultiLineString","coordinates":[[[2.17383,41.44158],[2.17413,41.44183],[2.17545,41.44269]]]}},{"type":"Feature","properties":{"s":"st-carrer-de-juan-de-sada"},"geometry":{"type":"MultiLineString","coordinates":[[[2.1275,41.37852],[2.12797,41.37725]],[[2.12854,41.37615],[2.12826,41.37643],[2.12811,41.37685]]]}},{"type":"Feature","properties":{"s":"st-carrer-de-johann-sebastian-bach"},"geometry":{"type":"MultiLineString","coordinates":[[[2.14059,41.39717],[2.14007,41.3967],[2.13834,41.3947]]]}},{"type":"Feature","properties":{"s":"st-carrer-de-sibelius"},"geometry":{"type":"MultiLineString","coordinates":[[[2.18513,41.41077],[2.18617,41.41027],[2.18651,41.41007]]]}},{"type":"Feature","properties":{"s":"st-carrer-de-joan-torras"},"geometry":{"type":"MultiLineString","coordinates":[[[2.18914,41.43766],[2.19008,41.43762],[2.19113,41.43767],[2.19335,41.43773],[2.19374,41.43773]]]}},{"type":"Feature","properties":{"s":"st-carrer-de-juan-valera"},"geometry":{"type":"MultiLineString","coordinates":[[[2.14558,41.42368],[2.1454,41.42416]]]}},{"type":"Feature","properties":{"s":"st-carrer-de-joan-orpi"},"geometry":{"type":"MultiLineString","coordinates":[[[2.11107,41.39719],[2.11184,41.39657]]]}},{"type":"Feature","properties":{"s":"st-carrer-de-jubany"},"geometry":{"type":"MultiLineString","coordinates":[[[2.2104,41.41631],[2.21152,41.41717]]]}},{"type":"Feature","properties":{"s":"st-carrer-de-judea"},"geometry":{"type":"MultiLineString","coordinates":[[[2.13858,41.42333],[2.13884,41.42409]],[[2.14136,41.42505],[2.13994,41.42457],[2.13954,41.4245]]]}},{"type":"Feature","properties":{"s":"st-carrer-dels-jocs-florals"},"geometry":{"type":"MultiLineString","coordinates":[[[2.13511,41.37481],[2.13469,41.37431],[2.13525,41.37285],[2.13698,41.36984]],[[2.13456,41.37477],[2.1344,41.37542]]]}},{"type":"Feature","properties":{"s":"st-carrer-del-judici"},"geometry":{"type":"MultiLineString","coordinates":[[[2.18875,41.37636],[2.19062,41.37677],[2.19076,41.37688]]]}},{"type":"Feature","properties":{"s":"st-carrer-de-julia"},"geometry":{"type":"MultiLineString","coordinates":[[[2.15973,41.3713],[2.16003,41.37096]],[[2.1618,41.37022],[2.16145,41.37035],[2.16056,41.37072],[2.16031,41.37094]]]}},{"type":"Feature","properties":{"s":"st-passatge-de-julia"},"geometry":{"type":"MultiLineString","coordinates":[[[2.16126,41.37005],[2.16145,41.37035]]]}},{"type":"Feature","properties":{"s":"st-via-julia"},"geometry":{"type":"MultiLineString","coordinates":[[[2.17959,41.44607],[2.1793,41.44527],[2.17903,41.44471],[2.17841,41.44321],[2.17796,41.44232],[2.17768,41.44189],[2.17723,41.44135],[2.17557,41.43949],[2.17474,41.43859]]]}},{"type":"Feature","properties":{"s":"st-carrer-de-julia-portet"},"geometry":{"type":"MultiLineString","coordinates":[[[2.17544,41.38645],[2.17466,41.38602]]]}},{"type":"Feature","properties":{"s":"st-carrer-de-julian-romea"},"geometry":{"type":"MultiLineString","coordinates":[[[2.15366,41.39747],[2.1529,41.39822]]]}},{"type":"Feature","properties":{"s":"st-carrer-del-juliol"},"geometry":{"type":"MultiLineString","coordinates":[[[2.17419,41.41794],[2.1741,41.41694]]]}},{"type":"Feature","properties":{"s":"st-carrer-de-jules-verne"},"geometry":{"type":"MultiLineString","coordinates":[[[2.14444,41.40523],[2.14312,41.40521]]]}},{"type":"Feature","properties":{"s":"st-carrer-del-joncar"},"geometry":{"type":"MultiLineString","coordinates":[[[2.20391,41.40078],[2.20432,41.40115],[2.20506,41.40175],[2.20603,41.40257]]]}},{"type":"Feature","properties":{"s":"st-carrer-de-la-jonquera"},"geometry":{"type":"MultiLineString","coordinates":[[[2.20687,41.4004],[2.20833,41.39931]]]}},{"type":"Feature","properties":{"s":"st-carrer-de-la-junta-de-comerc"},"geometry":{"type":"MultiLineString","coordinates":[[[2.1721,41.3791],[2.1708,41.38056]]]}},{"type":"Feature","properties":{"s":"st-carrer-de-jupi"},"geometry":{"type":"MultiLineString","coordinates":[[[2.18031,41.38221],[2.17991,41.38207]]]}},{"type":"Feature","properties":{"s":"st-carrer-de-jupiter"},"geometry":{"type":"MultiLineString","coordinates":[[[2.10077,41.42936],[2.10063,41.42952],[2.09686,41.42783]]]}},{"type":"Feature","properties":{"s":"st-carrer-de-borrell-i-soler"},"geometry":{"type":"MultiLineString","coordinates":[[[2.11494,41.39425],[2.11667,41.39553]]]}},{"type":"Feature","properties":{"s":"st-carrer-k-zona-franca"},"geometry":{"type":"MultiLineString","coordinates":[[[2.11349,41.33695],[2.11189,41.33537],[2.1113,41.33257],[2.11065,41.32984],[2.11275,41.328]]]}},{"type":"Feature","properties":{"s":"st-passatge-de-klein"},"geometry":{"type":"MultiLineString","coordinates":[[[2.2014,41.4095],[2.20246,41.41031]]]}},{"type":"Feature","properties":{"s":"st-carrer-l-zona-franca"},"geometry":{"type":"MultiLineString","coordinates":[[[2.10956,41.33275],[2.10992,41.33464],[2.11029,41.33651]]]}},{"type":"Feature","properties":{"s":"st-carrer-del-laberint"},"geometry":{"type":"MultiLineString","coordinates":[[[2.20656,41.39909],[2.20676,41.39925]],[[2.20718,41.39958],[2.20699,41.39943]]]}},{"type":"Feature","properties":{"s":"st-carrer-dels-rajolers"},"geometry":{"type":"MultiLineString","coordinates":[[[2.13337,41.37735],[2.13515,41.37776]]]}},{"type":"Feature","properties":{"s":"st-carrer-de-lafont"},"geometry":{"type":"MultiLineString","coordinates":[[[2.1685,41.37216],[2.16907,41.37325],[2.16944,41.37401]]]}},{"type":"Feature","properties":{"s":"st-carrer-de-laforja"},"geometry":{"type":"MultiLineString","coordinates":[[[2.15134,41.40039],[2.15016,41.39945],[2.14927,41.39878],[2.14595,41.3968],[2.14501,41.39626],[2.143,41.39507]]]}},{"type":"Feature","properties":{"s":"st-carrer-dels-lamote-de-grignon"},"geometry":{"type":"MultiLineString","coordinates":[[[2.12587,41.39077],[2.12742,41.39114],[2.12796,41.39127]]]}},{"type":"Feature","properties":{"s":"st-placa-de-la-llana"},"geometry":{"type":"MultiLineString","coordinates":[[[2.17904,41.38478],[2.1792,41.38493],[2.1794,41.38526]]]}},{"type":"Feature","properties":{"s":"st-carrer-de-lancaster"},"geometry":{"type":"MultiLineString","coordinates":[[[2.1738,41.37864],[2.17485,41.37823]]]}},{"type":"Feature","properties":{"s":"st-carrer-del-llenguadoc"},"geometry":{"type":"MultiLineString","coordinates":[[[2.1894,41.43128],[2.18552,41.43043],[2.18461,41.43017]]]}},{"type":"Feature","properties":{"s":"st-carrer-de-lanzarote"},"geometry":{"type":"MultiLineString","coordinates":[[[2.19008,41.43762],[2.18994,41.4387],[2.19001,41.43995],[2.18995,41.44079]]]}},{"type":"Feature","properties":{"s":"st-carrer-de-larrard"},"geometry":{"type":"MultiLineString","coordinates":[[[2.15285,41.41322],[2.15637,41.41043]]]}},{"type":"Feature","properties":{"s":"st-carrer-del-llorer"},"geometry":{"type":"MultiLineString","coordinates":[[[2.1591,41.40962],[2.15833,41.40922]]]}},{"type":"Feature","properties":{"s":"st-carrer-dels-safareigs"},"geometry":{"type":"MultiLineString","coordinates":[[[2.18919,41.38085],[2.18885,41.38171]]]}},{"type":"Feature","properties":{"s":"st-carrer-de-labernia"},"geometry":{"type":"MultiLineString","coordinates":[[[2.16458,41.41916],[2.16368,41.41919],[2.16214,41.41908]]]}},{"type":"Feature","properties":{"s":"st-via-laietana"},"geometry":{"type":"MultiLineString","coordinates":[[[2.18169,41.38174],[2.17854,41.3841],[2.17771,41.38474],[2.17696,41.3853]],[[2.1769,41.38566],[2.17652,41.38563],[2.17558,41.38623],[2.17544,41.38645],[2.17432,41.38729]]]}},{"type":"Feature","properties":{"s":"st-carrer-del-llatzeret"},"geometry":{"type":"MultiLineString","coordinates":[[[2.20107,41.40263],[2.20235,41.4037]]]}},{"type":"Feature","properties":{"s":"st-carrer-de-la-legalitat"},"geometry":{"type":"MultiLineString","coordinates":[[[2.15896,41.40745],[2.16053,41.40812],[2.16166,41.40859],[2.16321,41.40926]]]}},{"type":"Feature","properties":{"s":"st-carrer-de-legazpi"},"geometry":{"type":"MultiLineString","coordinates":[[[2.17416,41.44062],[2.17343,41.44117]]]}},{"type":"Feature","properties":{"s":"st-carrer-de-lleo-xiii"},"geometry":{"type":"MultiLineString","coordinates":[[[2.13776,41.41048],[2.13731,41.41172],[2.13595,41.41499]]]}},{"type":"Feature","properties":{"s":"st-carrer-de-la-lleona"},"geometry":{"type":"MultiLineString","coordinates":[[[2.17571,41.3807],[2.1764,41.38128]]]}},{"type":"Feature","properties":{"s":"st-carrer-de-leopoldo-alas"},"geometry":{"type":"MultiLineString","coordinates":[[[2.15591,41.40263],[2.15538,41.4031]]]}},{"type":"Feature","properties":{"s":"st-carrer-de-lepant"},"geometry":{"type":"MultiLineString","coordinates":[[[2.16649,41.41215],[2.16746,41.41145],[2.16847,41.41066],[2.169,41.41031],[2.16979,41.40972]]]}},{"type":"Feature","properties":{"s":"st-carrer-de-lleida"},"geometry":{"type":"MultiLineString","coordinates":[[[2.15482,41.37352],[2.15518,41.37287],[2.15556,41.3721],[2.15595,41.37141],[2.15666,41.37027],[2.15708,41.36965]]]}},{"type":"Feature","properties":{"s":"st-carrer-de-les-lletres"},"geometry":{"type":"MultiLineString","coordinates":[[[2.15796,41.42765],[2.15775,41.42847],[2.15701,41.42867]]]}},{"type":"Feature","properties":{"s":"st-carrer-de-llevant"},"geometry":{"type":"MultiLineString","coordinates":[[[2.18482,41.38335],[2.18521,41.38313]]]}},{"type":"Feature","properties":{"s":"st-carrer-de-leiva"},"geometry":{"type":"MultiLineString","coordinates":[[[2.14024,41.37378],[2.1411,41.3738],[2.14415,41.37376],[2.14732,41.37447]]]}},{"type":"Feature","properties":{"s":"st-placa-de-la-llibertat"},"geometry":{"type":"MultiLineString","coordinates":[[[2.15346,41.40024],[2.15398,41.3998],[2.15351,41.39949],[2.15301,41.39991],[2.15346,41.40024]]]}},{"type":"Feature","properties":{"s":"st-baixada-de-la-llibreteria"},"geometry":{"type":"MultiLineString","coordinates":[[[2.17825,41.38388],[2.17773,41.3835]]]}},{"type":"Feature","properties":{"s":"st-carrer-de-la-llibreteria"},"geometry":{"type":"MultiLineString","coordinates":[[[2.17773,41.3835],[2.17711,41.38298]]]}},{"type":"Feature","properties":{"s":"st-carrer-de-la-llebre"},"geometry":{"type":"MultiLineString","coordinates":[[[2.17448,41.38177],[2.17469,41.3819]]]}},{"type":"Feature","properties":{"s":"st-carrer-de-llorens-i-artigas"},"geometry":{"type":"MultiLineString","coordinates":[[[2.11703,41.38314],[2.11456,41.38253]]]}},{"type":"Feature","properties":{"s":"st-carrer-de-lima"},"geometry":{"type":"MultiLineString","coordinates":[[[2.20395,41.43906],[2.20798,41.43976]],[[2.20038,41.43921],[2.20289,41.43954]]]}},{"type":"Feature","properties":{"s":"st-carrer-de-lincoln"},"geometry":{"type":"MultiLineString","coordinates":[[[2.15079,41.39996],[2.14961,41.40071],[2.14899,41.40118]],[[2.14693,41.4026],[2.14775,41.40188],[2.14814,41.40163],[2.14876,41.4012]]]}},{"type":"Feature","properties":{"s":"st-carrer-de-la-lirica"},"geometry":{"type":"MultiLineString","coordinates":[[[2.14337,41.43279],[2.14355,41.43317],[2.14337,41.43376],[2.14354,41.43411]]]}},{"type":"Feature","properties":{"s":"st-carrer-de-lisboa"},"geometry":{"type":"MultiLineString","coordinates":[[[2.15907,41.42967],[2.15824,41.42943],[2.15773,41.42927],[2.15703,41.42901],[2.15652,41.42884]],[[2.15649,41.42906],[2.15652,41.42884]],[[2.15087,41.42619],[2.1513,41.42627],[2.15215,41.42672],[2.15339,41.42729],[2.15429,41.42777],[2.15469,41.42807],[2.15652,41.42884]]]}},{"type":"Feature","properties":{"s":"st-carrer-de-liuva"},"geometry":{"type":"MultiLineString","coordinates":[[[2.19051,41.43074],[2.19174,41.43104],[2.1944,41.43136]]]}},{"type":"Feature","properties":{"s":"st-carrer-de-logronyo"},"geometry":{"type":"MultiLineString","coordinates":[[[2.15819,41.43939],[2.15776,41.43983],[2.15693,41.44137]]]}},{"type":"Feature","properties":{"s":"st-carrer-de-lohengrin"},"geometry":{"type":"MultiLineString","coordinates":[[[2.09529,41.42704],[2.09392,41.4266]]]}},{"type":"Feature","properties":{"s":"st-carrer-de-lope-de-vega"},"geometry":{"type":"MultiLineString","coordinates":[[[2.19125,41.41365],[2.19305,41.41237],[2.19594,41.41017]],[[2.20787,41.40121],[2.20603,41.40257],[2.20451,41.40371],[2.20395,41.40416],[2.20283,41.40498],[2.20192,41.40568],[2.20067,41.4066]],[[2.20929,41.40016],[2.2081,41.40105]],[[2.19724,41.40927],[2.19841,41.40843]]]}},{"type":"Feature","properties":{"s":"st-carrer-de-lopez-catalan"},"geometry":{"type":"MultiLineString","coordinates":[[[2.1377,41.37602],[2.13723,41.37585]]]}},{"type":"Feature","properties":{"s":"st-placa-de-llorca"},"geometry":{"type":"MultiLineString","coordinates":[[[2.141,41.36454],[2.14101,41.36434]]]}},{"type":"Feature","properties":{"s":"st-carrer-de-lorena"},"geometry":{"type":"MultiLineString","coordinates":[[[2.171,41.43759],[2.17326,41.43737],[2.17343,41.43854]]]}},{"type":"Feature","properties":{"s":"st-carrer-de-lorenzale"},"geometry":{"type":"MultiLineString","coordinates":[[[2.18403,41.41484],[2.18238,41.41541]]]}},{"type":"Feature","properties":{"s":"st-carrer-del-lotus"},"geometry":{"type":"MultiLineString","coordinates":[[[2.14516,41.36921],[2.14469,41.36909]]]}},{"type":"Feature","properties":{"s":"st-carrer-de-lorda"},"geometry":{"type":"MultiLineString","coordinates":[[[2.15014,41.4225],[2.14947,41.42163],[2.14951,41.42123],[2.14952,41.42063]]]}},{"type":"Feature","properties":{"s":"st-carrer-de-luca"},"geometry":{"type":"MultiLineString","coordinates":[[[2.13964,41.4108],[2.13829,41.41132]]]}},{"type":"Feature","properties":{"s":"st-passatge-de-luca"},"geometry":{"type":"MultiLineString","coordinates":[[[2.13964,41.4108],[2.13931,41.41021]]]}},{"type":"Feature","properties":{"s":"st-passatge-del-puig-aguilar"},"geometry":{"type":"MultiLineString","coordinates":[[[2.1044,41.38869],[2.10416,41.38846]]]}},{"type":"Feature","properties":{"s":"st-carrer-de-roc-boronat"},"geometry":{"type":"MultiLineString","coordinates":[[[2.20243,41.39677],[2.20172,41.39728],[2.19895,41.3994],[2.19719,41.40071],[2.19648,41.40128],[2.19274,41.40414],[2.19232,41.40449]]]}},{"type":"Feature","properties":{"s":"st-carrer-de-lugo"},"geometry":{"type":"MultiLineString","coordinates":[[[2.15794,41.42408],[2.15681,41.42351],[2.1551,41.42268]]]}},{"type":"Feature","properties":{"s":"st-passatge-de-lugo"},"geometry":{"type":"MultiLineString","coordinates":[[[2.15607,41.42428],[2.15633,41.42404],[2.15681,41.42351]]]}},{"type":"Feature","properties":{"s":"st-carrer-de-luis-antunez"},"geometry":{"type":"MultiLineString","coordinates":[[[2.15406,41.39767],[2.15541,41.39844],[2.15557,41.39856],[2.15639,41.39905]]]}},{"type":"Feature","properties":{"s":"st-carrer-de-lluis-bonifac"},"geometry":{"type":"MultiLineString","coordinates":[[[2.15005,41.41751],[2.15068,41.41708],[2.15089,41.41705]]]}},{"type":"Feature","properties":{"s":"st-carrer-de-lluis-borrassa"},"geometry":{"type":"MultiLineString","coordinates":[[[2.21647,41.415],[2.21841,41.41646]]]}},{"type":"Feature","properties":{"s":"st-carrer-de-louis-braille"},"geometry":{"type":"MultiLineString","coordinates":[[[2.18004,41.37862],[2.1794,41.37892]]]}},{"type":"Feature","properties":{"s":"st-carrer-de-lluis-dalmau"},"geometry":{"type":"MultiLineString","coordinates":[[[2.21395,41.42019],[2.21304,41.41952],[2.21254,41.41914],[2.2117,41.41853],[2.21068,41.41785]]]}},{"type":"Feature","properties":{"s":"st-carrer-de-lluis-maria-vidal"},"geometry":{"type":"MultiLineString","coordinates":[[[2.15764,41.42147],[2.15739,41.4238],[2.15684,41.42469],[2.15641,41.42519]]]}},{"type":"Feature","properties":{"s":"st-carrer-de-lluis-muntadas"},"geometry":{"type":"MultiLineString","coordinates":[[[2.13089,41.41543],[2.13421,41.41627]]]}},{"type":"Feature","properties":{"s":"st-carrer-de-lluis-sagnier"},"geometry":{"type":"MultiLineString","coordinates":[[[2.17751,41.42381],[2.17722,41.42382],[2.17245,41.42575]]]}},{"type":"Feature","properties":{"s":"st-carrer-de-la-lluna"},"geometry":{"type":"MultiLineString","coordinates":[[[2.16669,41.38053],[2.16528,41.38175]]]}},{"type":"Feature","properties":{"s":"st-carrer-de-la-llacuna"},"geometry":{"type":"MultiLineString","coordinates":[[[2.19076,41.40726],[2.19141,41.40681],[2.19268,41.40583],[2.19379,41.40502],[2.19496,41.40411],[2.19608,41.40327],[2.19735,41.40236],[2.19836,41.40154],[2.19943,41.40069],[2.20286,41.39812],[2.20341,41.3976]],[[2.20672,41.39521],[2.20513,41.3964]]]}},{"type":"Feature","properties":{"s":"st-passatge-de-la-llacuna"},"geometry":{"type":"MultiLineString","coordinates":[[[2.20513,41.3964],[2.20415,41.39695]]]}},{"type":"Feature","properties":{"s":"st-carrer-de-lledo"},"geometry":{"type":"MultiLineString","coordinates":[[[2.17849,41.38293],[2.17875,41.38275],[2.1793,41.38215]]]}},{"type":"Feature","properties":{"s":"st-carrer-del-lledoner"},"geometry":{"type":"MultiLineString","coordinates":[[[2.13879,41.42468],[2.13884,41.4252]],[[2.13649,41.42574],[2.13736,41.42552],[2.13884,41.4252]],[[2.13976,41.42547],[2.13884,41.4252]]]}},{"type":"Feature","properties":{"s":"st-carrer-de-llafranc"},"geometry":{"type":"MultiLineString","coordinates":[[[2.167,41.43442],[2.16711,41.43466],[2.16717,41.43494],[2.16741,41.43545]]]}},{"type":"Feature","properties":{"s":"st-carrer-de-llagostera"},"geometry":{"type":"MultiLineString","coordinates":[[[2.18176,41.41198],[2.1834,41.41094]]]}},{"type":"Feature","properties":{"s":"st-carrer-d-en-llastics"},"geometry":{"type":"MultiLineString","coordinates":[[[2.17988,41.3881],[2.17913,41.38863]]]}},{"type":"Feature","properties":{"s":"st-carrer-de-llauder"},"geometry":{"type":"MultiLineString","coordinates":[[[2.1826,41.38179],[2.18361,41.38132]]]}},{"type":"Feature","properties":{"s":"st-passatge-de-llavallol"},"geometry":{"type":"MultiLineString","coordinates":[[[2.16696,41.40565],[2.16809,41.4048]]]}},{"type":"Feature","properties":{"s":"st-carrer-de-llerona"},"geometry":{"type":"MultiLineString","coordinates":[[[2.18458,41.45486],[2.18443,41.45469],[2.1826,41.45464],[2.18203,41.45445],[2.17977,41.45602],[2.18111,41.45706],[2.18185,41.45579],[2.18214,41.45632],[2.18179,41.45833],[2.18147,41.45908],[2.18082,41.45887]]]}},{"type":"Feature","properties":{"s":"st-torrent-de-lligalbe"},"geometry":{"type":"MultiLineString","coordinates":[[[2.16832,41.41133],[2.16788,41.41179],[2.16735,41.41175]],[[2.16877,41.41211],[2.16773,41.41178]]]}},{"type":"Feature","properties":{"s":"st-carrer-de-llinars-del-valles"},"geometry":{"type":"MultiLineString","coordinates":[[[2.20691,41.43646],[2.20709,41.4355],[2.20744,41.43395]]]}},{"type":"Feature","properties":{"s":"st-cami-de-la-llica"},"geometry":{"type":"MultiLineString","coordinates":[[[2.10588,41.40291],[2.10619,41.40295],[2.10648,41.40208],[2.10729,41.40255],[2.10828,41.40301],[2.10839,41.40268]]]}},{"type":"Feature","properties":{"s":"st-carrer-de-llica"},"geometry":{"type":"MultiLineString","coordinates":[[[2.17355,41.45407],[2.17169,41.45378],[2.17197,41.45157]]]}},{"type":"Feature","properties":{"s":"st-passatge-de-llivia"},"geometry":{"type":"MultiLineString","coordinates":[[[2.17917,41.41836],[2.17861,41.41883],[2.17679,41.42028],[2.17623,41.42071],[2.17586,41.42101],[2.17545,41.42129]]]}},{"type":"Feature","properties":{"s":"st-carrer-de-llobet"},"geometry":{"type":"MultiLineString","coordinates":[[[2.14196,41.37528],[2.14199,41.37582],[2.142,41.37637]]]}},{"type":"Feature","properties":{"s":"st-carrer-de-llobet-i-vall-llosera"},"geometry":{"type":"MultiLineString","coordinates":[[[2.1739,41.42127],[2.17315,41.42162]],[[2.17271,41.42179],[2.16969,41.42302]]]}},{"type":"Feature","properties":{"s":"st-carrer-del-llobregos"},"geometry":{"type":"MultiLineString","coordinates":[[[2.1637,41.42806],[2.16291,41.42757],[2.16007,41.42639],[2.1592,41.42607],[2.15837,41.42556],[2.15734,41.42498],[2.15684,41.42469],[2.15479,41.42359],[2.15309,41.42263],[2.15115,41.42164],[2.14977,41.42096]]]}},{"type":"Feature","properties":{"s":"st-carrer-de-llopis"},"geometry":{"type":"MultiLineString","coordinates":[[[2.17676,41.44695],[2.17696,41.44764],[2.17715,41.44784],[2.17711,41.44798]]]}},{"type":"Feature","properties":{"s":"st-carrer-de-llorens-i-barba"},"geometry":{"type":"MultiLineString","coordinates":[[[2.16847,41.41066],[2.16965,41.41143],[2.17182,41.41306]]]}},{"type":"Feature","properties":{"s":"st-carrer-de-lloret-de-mar"},"geometry":{"type":"MultiLineString","coordinates":[[[2.15466,41.43326],[2.15496,41.43357],[2.15574,41.43426],[2.15833,41.43666]]]}},{"type":"Feature","properties":{"s":"st-carrer-de-la-llosa"},"geometry":{"type":"MultiLineString","coordinates":[[[2.1885,41.44932],[2.18768,41.44958],[2.18653,41.45016]]]}},{"type":"Feature","properties":{"s":"st-carrer-de-llobera"},"geometry":{"type":"MultiLineString","coordinates":[[[2.17747,41.44984],[2.17694,41.44998],[2.17484,41.44947],[2.1746,41.4493],[2.17319,41.44849],[2.17251,41.44787]]]}},{"type":"Feature","properties":{"s":"st-carrer-de-lluc"},"geometry":{"type":"MultiLineString","coordinates":[[[2.17697,41.43867],[2.17761,41.43835],[2.1781,41.4379]]]}},{"type":"Feature","properties":{"s":"st-placa-de-la-republica"},"geometry":{"type":"MultiLineString","coordinates":[[[2.17514,41.43903],[2.17474,41.43859]],[[2.17474,41.43859],[2.17501,41.43842],[2.17488,41.43818],[2.17442,41.43813],[2.17429,41.43842],[2.17438,41.43852],[2.17474,41.43859]]]}},{"type":"Feature","properties":{"s":"st-carrer-de-llull"},"geometry":{"type":"MultiLineString","coordinates":[[[2.18798,41.39061],[2.19022,41.39227],[2.19255,41.39393],[2.19497,41.39568],[2.19602,41.39647],[2.19718,41.39729],[2.19893,41.39857],[2.20059,41.39983],[2.20282,41.40149],[2.2056,41.40361],[2.20627,41.40409],[2.20736,41.40496],[2.20964,41.40668],[2.21075,41.40755],[2.21421,41.41009],[2.21645,41.41179],[2.21755,41.41264],[2.21861,41.41341],[2.21977,41.41428],[2.22017,41.41461]]]}},{"type":"Feature","properties":{"s":"st-carrer-del-llucanes"},"geometry":{"type":"MultiLineString","coordinates":[[[2.13348,41.40688],[2.13235,41.40776],[2.13142,41.40867],[2.13014,41.40961]]]}},{"type":"Feature","properties":{"s":"st-carrer-de-lluca"},"geometry":{"type":"MultiLineString","coordinates":[[[2.13178,41.38065],[2.13003,41.38364]]]}},{"type":"Feature","properties":{"s":"st-carrer-m-zona-franca"},"geometry":{"type":"MultiLineString","coordinates":[[[2.10856,41.3348],[2.1082,41.33291]]]}},{"type":"Feature","properties":{"s":"st-carrer-de-madame-butterfly"},"geometry":{"type":"MultiLineString","coordinates":[[[2.09529,41.42704],[2.09944,41.42835],[2.10005,41.42911],[2.10063,41.42952]]]}},{"type":"Feature","properties":{"s":"st-passatge-de-madoz"},"geometry":{"type":"MultiLineString","coordinates":[[[2.17493,41.38036],[2.17456,41.38063]]]}},{"type":"Feature","properties":{"s":"st-carrer-dels-madrazo"},"geometry":{"type":"MultiLineString","coordinates":[[[2.15098,41.40173],[2.15,41.40099],[2.14961,41.40071],[2.1483,41.39967],[2.14666,41.39843],[2.14574,41.39779],[2.14521,41.39736],[2.1444,41.39675],[2.14256,41.39542]]]}},{"type":"Feature","properties":{"s":"st-avinguda-de-madrid"},"geometry":{"type":"MultiLineString","coordinates":[[[2.13549,41.38177],[2.13426,41.38135],[2.13354,41.38116],[2.13178,41.38065],[2.13071,41.38021],[2.12996,41.37984],[2.12908,41.37936],[2.1275,41.37852],[2.12574,41.3775],[2.12429,41.37662],[2.12275,41.37565]]]}},{"type":"Feature","properties":{"s":"st-carrer-de-la-madriguera"},"geometry":{"type":"MultiLineString","coordinates":[[[2.19087,41.44969],[2.19296,41.44943]]]}},{"type":"Feature","properties":{"s":"st-passatge-de-madrona-piera"},"geometry":{"type":"MultiLineString","coordinates":[[[2.11673,41.3771],[2.11774,41.37741]]]}},{"type":"Feature","properties":{"s":"st-carrer-del-maduixer"},"geometry":{"type":"MultiLineString","coordinates":[[[2.13039,41.41997],[2.13287,41.41943],[2.13255,41.42071],[2.13275,41.42087]]]}},{"type":"Feature","properties":{"s":"st-carrer-de-la-mestranca"},"geometry":{"type":"MultiLineString","coordinates":[[[2.18978,41.37839],[2.19045,41.37674],[2.19052,41.37663]]]}},{"type":"Feature","properties":{"s":"st-carrer-del-maestrat"},"geometry":{"type":"MultiLineString","coordinates":[[[2.17789,41.44103],[2.17723,41.44135]]]}},{"type":"Feature","properties":{"s":"st-carrer-d-isaac-albeniz"},"geometry":{"type":"MultiLineString","coordinates":[[[2.11829,41.40353],[2.11746,41.40402]]]}},{"type":"Feature","properties":{"s":"st-carrer-del-mestre-alfonso"},"geometry":{"type":"MultiLineString","coordinates":[[[2.21816,41.41375],[2.2185,41.41397],[2.21886,41.41425]]]}},{"type":"Feature","properties":{"s":"st-carrer-del-mestre-dalmau"},"geometry":{"type":"MultiLineString","coordinates":[[[2.16312,41.433],[2.16149,41.43396]]]}},{"type":"Feature","properties":{"s":"st-carrer-del-mestre-aloi"},"geometry":{"type":"MultiLineString","coordinates":[[[2.21228,41.41933],[2.21278,41.41972]]]}},{"type":"Feature","properties":{"s":"st-carrer-de-manuel-de-falla"},"geometry":{"type":"MultiLineString","coordinates":[[[2.12714,41.39471],[2.12606,41.39408],[2.1248,41.39347],[2.12345,41.39286]]]}},{"type":"Feature","properties":{"s":"st-carrer-de-l-amarant"},"geometry":{"type":"MultiLineString","coordinates":[[[2.09592,41.42511],[2.09734,41.42547]]]}},{"type":"Feature","properties":{"s":"st-carrer-de-joan-manen"},"geometry":{"type":"MultiLineString","coordinates":[[[2.16646,41.42454],[2.16714,41.42525]]]}},{"type":"Feature","properties":{"s":"st-placa-de-lluis-millet"},"geometry":{"type":"MultiLineString","coordinates":[[[2.1752,41.38721],[2.17519,41.38706]]]}},{"type":"Feature","properties":{"s":"st-carrer-del-mestre-nicolau"},"geometry":{"type":"MultiLineString","coordinates":[[[2.14108,41.39177],[2.14165,41.39253],[2.14254,41.39356]],[[2.14355,41.39464],[2.14277,41.39381]]]}},{"type":"Feature","properties":{"s":"st-carrer-de-francesc-perez-cabrero"},"geometry":{"type":"MultiLineString","coordinates":[[[2.14132,41.39369],[2.13916,41.39431],[2.13847,41.39449]]]}},{"type":"Feature","properties":{"s":"st-carrer-del-vesc"},"geometry":{"type":"MultiLineString","coordinates":[[[2.09321,41.42536],[2.09463,41.42492],[2.09373,41.42336]]]}},{"type":"Feature","properties":{"s":"st-carrer-del-mestre-serradesanferm"},"geometry":{"type":"MultiLineString","coordinates":[[[2.15923,41.42917],[2.15987,41.4292],[2.16047,41.42918]]]}},{"type":"Feature","properties":{"s":"st-carrer-de-josep-serrano"},"geometry":{"type":"MultiLineString","coordinates":[[[2.1633,41.41748],[2.16243,41.41714],[2.16194,41.41696],[2.16115,41.41665],[2.15933,41.41663]]]}},{"type":"Feature","properties":{"s":"st-carrer-de-ricardo-villa"},"geometry":{"type":"MultiLineString","coordinates":[[[2.13261,41.39218],[2.13187,41.39348]]]}},{"type":"Feature","properties":{"s":"st-carrer-dels-mestres-casals-i-martorell"},"geometry":{"type":"MultiLineString","coordinates":[[[2.17787,41.38762],[2.17873,41.38723]]]}},{"type":"Feature","properties":{"s":"st-carrer-de-magalhaes"},"geometry":{"type":"MultiLineString","coordinates":[[[2.16214,41.37239],[2.15972,41.37291]],[[2.16262,41.37229],[2.16642,41.37149]]]}},{"type":"Feature","properties":{"s":"st-passatge-de-magarola"},"geometry":{"type":"MultiLineString","coordinates":[[[2.17223,41.38389],[2.17239,41.38396],[2.17272,41.38369]]]}},{"type":"Feature","properties":{"s":"st-carrer-de-les-magdalenes"},"geometry":{"type":"MultiLineString","coordinates":[[[2.17447,41.3869],[2.17456,41.3864],[2.17466,41.38602],[2.17489,41.3856]]]}},{"type":"Feature","properties":{"s":"st-carrer-de-mao"},"geometry":{"type":"MultiLineString","coordinates":[[[2.13106,41.40333],[2.134,41.40456]]]}},{"type":"Feature","properties":{"s":"st-carrer-de-maignon"},"geometry":{"type":"MultiLineString","coordinates":[[[2.14939,41.40809],[2.15091,41.40881],[2.15268,41.40961]]]}},{"type":"Feature","properties":{"s":"st-carrer-de-la-maladeta"},"geometry":{"type":"MultiLineString","coordinates":[[[2.17292,41.43381],[2.17387,41.43367],[2.17476,41.43329],[2.17534,41.43302],[2.17581,41.43263],[2.17695,41.43174],[2.17694,41.43148]]]}},{"type":"Feature","properties":{"s":"st-placa-de-bonet-i-muixi"},"geometry":{"type":"MultiLineString","coordinates":[[[2.13634,41.37428],[2.13682,41.37434]]]}},{"type":"Feature","properties":{"s":"st-carrer-de-malats"},"geometry":{"type":"MultiLineString","coordinates":[[[2.18453,41.43697],[2.18868,41.43612],[2.18971,41.43601],[2.19066,41.43608],[2.19129,41.4362]],[[2.19142,41.43604],[2.19073,41.43577]]]}},{"type":"Feature","properties":{"s":"st-carrer-del-malcuinat"},"geometry":{"type":"MultiLineString","coordinates":[[[2.18303,41.38342],[2.18255,41.38363]]]}},{"type":"Feature","properties":{"s":"st-passatge-de-malet"},"geometry":{"type":"MultiLineString","coordinates":[[[2.18864,41.4134],[2.18801,41.4139]]]}},{"type":"Feature","properties":{"s":"st-carrer-de-malgrat"},"geometry":{"type":"MultiLineString","coordinates":[[[2.17982,41.4278],[2.17993,41.4322]]]}},{"type":"Feature","properties":{"s":"st-carrer-del-malnom"},"geometry":{"type":"MultiLineString","coordinates":[[[2.16772,41.38076],[2.1681,41.3806]]]}},{"type":"Feature","properties":{"s":"st-passatge-de-maluquer"},"geometry":{"type":"MultiLineString","coordinates":[[[2.13724,41.40837],[2.13555,41.40979]]]}},{"type":"Feature","properties":{"s":"st-passatge-de-mallofre"},"geometry":{"type":"MultiLineString","coordinates":[[[2.12225,41.3987],[2.12154,41.39838]]]}},{"type":"Feature","properties":{"s":"st-carrer-de-mallorca"},"geometry":{"type":"MultiLineString","coordinates":[[[2.19119,41.41544],[2.19097,41.41515],[2.19011,41.41454],[2.18899,41.41369],[2.18864,41.4134],[2.18789,41.41285],[2.18687,41.41219]],[[2.18228,41.40863],[2.18513,41.41077],[2.18601,41.41145],[2.18687,41.41192]]]}},{"type":"Feature","properties":{"s":"st-carrer-de-manacor"},"geometry":{"type":"MultiLineString","coordinates":[[[2.14243,41.4065],[2.14345,41.40801],[2.14421,41.40861],[2.14508,41.40905]]]}},{"type":"Feature","properties":{"s":"st-carrer-de-la-manxa"},"geometry":{"type":"MultiLineString","coordinates":[[[2.1528,41.42191],[2.15375,41.42107]]]}},{"type":"Feature","properties":{"s":"st-carrer-de-mandoni"},"geometry":{"type":"MultiLineString","coordinates":[[[2.14209,41.36973],[2.1435,41.36867]]]}},{"type":"Feature","properties":{"s":"st-carrer-de-mandri"},"geometry":{"type":"MultiLineString","coordinates":[[[2.13623,41.40125],[2.13565,41.40162],[2.13512,41.40207],[2.13384,41.40322],[2.13289,41.4041],[2.13248,41.40449],[2.13231,41.40463],[2.13139,41.40548]]]}},{"type":"Feature","properties":{"s":"st-carrer-d-en-manelic"},"geometry":{"type":"MultiLineString","coordinates":[[[2.10636,41.41485],[2.10584,41.4157]]]}},{"type":"Feature","properties":{"s":"st-carrer-de-la-manigua"},"geometry":{"type":"MultiLineString","coordinates":[[[2.17917,41.42211],[2.17931,41.42266],[2.17965,41.42445],[2.17982,41.42492]]]}},{"type":"Feature","properties":{"s":"st-carrer-de-manila"},"geometry":{"type":"MultiLineString","coordinates":[[[2.12453,41.38959],[2.12621,41.38997],[2.12681,41.39004],[2.12815,41.39038]]]}},{"type":"Feature","properties":{"s":"st-passatge-de-manlleu"},"geometry":{"type":"MultiLineString","coordinates":[[[2.14571,41.41673],[2.14469,41.41772]]]}},{"type":"Feature","properties":{"s":"st-carrer-de-manlleu"},"geometry":{"type":"MultiLineString","coordinates":[[[2.14398,41.42015],[2.14488,41.41995]]]}},{"type":"Feature","properties":{"s":"st-carrer-de-manresa"},"geometry":{"type":"MultiLineString","coordinates":[[[2.18,41.383],[2.18042,41.38366]]]}},{"type":"Feature","properties":{"s":"st-carrer-de-manrique-de-lara"},"geometry":{"type":"MultiLineString","coordinates":[[[2.15849,41.40541],[2.15788,41.40595]]]}},{"type":"Feature","properties":{"s":"st-carrer-del-mas-casanovas"},"geometry":{"type":"MultiLineString","coordinates":[[[2.16795,41.41107],[2.16832,41.41133],[2.17015,41.41271],[2.17125,41.41351]],[[2.17125,41.41351],[2.17466,41.41605],[2.17412,41.41645],[2.17289,41.41556],[2.1707,41.41393],[2.17125,41.41351]]]}},{"type":"Feature","properties":{"s":"st-carrer-del-mas-pujol"},"geometry":{"type":"MultiLineString","coordinates":[[[2.16441,41.42424],[2.16454,41.42506],[2.16503,41.42567]]]}},{"type":"Feature","properties":{"s":"st-torrent-de-can-mantega"},"geometry":{"type":"MultiLineString","coordinates":[[[2.13279,41.37665],[2.13263,41.37593]]]}},{"type":"Feature","properties":{"s":"st-carrer-de-manuel-angelon"},"geometry":{"type":"MultiLineString","coordinates":[[[2.14453,41.403],[2.14341,41.40376]]]}},{"type":"Feature","properties":{"s":"st-carrer-de-manuel-arnus"},"geometry":{"type":"MultiLineString","coordinates":[[[2.12756,41.41951],[2.13173,41.41607]]]}},{"type":"Feature","properties":{"s":"st-passeig-de-manuel-girona"},"geometry":{"type":"MultiLineString","coordinates":[[[2.11958,41.3896],[2.1209,41.39011],[2.12177,41.39041],[2.12333,41.39089],[2.12708,41.39182],[2.12992,41.39251]]]}},{"type":"Feature","properties":{"s":"st-carrer-de-sant-pere-de-romanies"},"geometry":{"type":"MultiLineString","coordinates":[[[2.10495,41.38954],[2.10453,41.38905]]]}},{"type":"Feature","properties":{"s":"st-carrer-manuel-ramon"},"geometry":{"type":"MultiLineString","coordinates":[[[2.13048,41.41406],[2.12923,41.41314]]]}},{"type":"Feature","properties":{"s":"st-placeta-de-manuel-ribe"},"geometry":{"type":"MultiLineString","coordinates":[[[2.17534,41.38264],[2.17558,41.3828]]]}},{"type":"Feature","properties":{"s":"st-carrer-de-manuel-sanchis-i-guarner"},"geometry":{"type":"MultiLineString","coordinates":[[[2.18272,41.43758],[2.18154,41.43897]]]}},{"type":"Feature","properties":{"s":"st-carrer-de-manuel-sancho"},"geometry":{"type":"MultiLineString","coordinates":[[[2.18175,41.4302],[2.18178,41.43118]]]}},{"type":"Feature","properties":{"s":"st-passatge-de-manuel-sancho"},"geometry":{"type":"MultiLineString","coordinates":[[[2.18176,41.43065],[2.18134,41.43066]]]}},{"type":"Feature","properties":{"s":"st-carrer-de-manzanares"},"geometry":{"type":"MultiLineString","coordinates":[[[2.13612,41.37134],[2.13524,41.37109],[2.13455,41.37109]]]}},{"type":"Feature","properties":{"s":"st-carrer-de-mane-i-flaquer"},"geometry":{"type":"MultiLineString","coordinates":[[[2.12383,41.39701],[2.12548,41.39787]]]}},{"type":"Feature","properties":{"s":"st-placa-de-mane-i-flaquer"},"geometry":{"type":"MultiLineString","coordinates":[[[2.14817,41.40364],[2.14816,41.40379],[2.14838,41.4038],[2.14838,41.40364],[2.14817,41.40364]]]}},{"type":"Feature","properties":{"s":"st-carrer-de-la-maquinista"},"geometry":{"type":"MultiLineString","coordinates":[[[2.18715,41.38039],[2.18765,41.38049],[2.19023,41.38109],[2.19171,41.38142]]]}},{"type":"Feature","properties":{"s":"st-parc-forestal-de-la-meca"},"geometry":{"type":"MultiLineString","coordinates":[[[2.13252,41.43964],[2.13257,41.44198],[2.13177,41.44043],[2.13129,41.44291]],[[2.13123,41.44327],[2.13129,41.44291]],[[2.1307,41.44067],[2.13129,41.44291]]]}},{"type":"Feature","properties":{"s":"st-carrer-del-mar"},"geometry":{"type":"MultiLineString","coordinates":[[[2.18959,41.3756],[2.18808,41.37942],[2.18795,41.3797],[2.18731,41.38136]]]}},{"type":"Feature","properties":{"s":"st-carrer-de-maracaibo"},"geometry":{"type":"MultiLineString","coordinates":[[[2.20309,41.44194],[2.20672,41.44233]]]}},{"type":"Feature","properties":{"s":"st-passeig-de-maragall"},"geometry":{"type":"MultiLineString","coordinates":[[[2.16198,41.42965],[2.16319,41.42848],[2.1637,41.42806],[2.16441,41.42787],[2.16499,41.4278],[2.1672,41.42758],[2.16882,41.42735],[2.17009,41.42715],[2.17617,41.42544],[2.17652,41.42497],[2.17695,41.42449],[2.17739,41.42406],[2.17751,41.42381],[2.17818,41.4232],[2.17894,41.42235],[2.17917,41.42211],[2.1794,41.42185],[2.18026,41.42094],[2.18076,41.42043]],[[2.18092,41.41956],[2.18068,41.41926],[2.18054,41.41864],[2.18041,41.41754],[2.18038,41.41693],[2.18039,41.4163],[2.18045,41.41579],[2.18057,41.41548],[2.18084,41.41455],[2.18124,41.41334]]]}},{"type":"Feature","properties":{"s":"st-placa-de-maragall"},"geometry":{"type":"MultiLineString","coordinates":[[[2.18076,41.42043],[2.18026,41.42004],[2.18092,41.41956],[2.18107,41.41966]],[[2.18076,41.42043],[2.18161,41.42004],[2.18107,41.41966]],[[2.18076,41.42043],[2.18107,41.41966]]]}},{"type":"Feature","properties":{"s":"st-carrer-de-marcelli"},"geometry":{"type":"MultiLineString","coordinates":[[[2.15561,41.43015],[2.15486,41.42998]]]}},{"type":"Feature","properties":{"s":"st-riera-de-marcelli"},"geometry":{"type":"MultiLineString","coordinates":[[[2.1518,41.43031],[2.15253,41.43023],[2.15434,41.42988],[2.15486,41.42998]]]}},{"type":"Feature","properties":{"s":"st-carrer-de-marc-aureli"},"geometry":{"type":"MultiLineString","coordinates":[[[2.14343,41.39973],[2.14326,41.40043],[2.1429,41.40109],[2.14251,41.40169],[2.14222,41.4022]]]}},{"type":"Feature","properties":{"s":"st-carrer-de-marco-polo"},"geometry":{"type":"MultiLineString","coordinates":[[[2.09529,41.42704],[2.09507,41.42957]]]}},{"type":"Feature","properties":{"s":"st-placeta-d-en-marcus"},"geometry":{"type":"MultiLineString","coordinates":[[[2.18004,41.38566],[2.17984,41.38579]]]}},{"type":"Feature","properties":{"s":"st-carrer-de-la-mare-eterna"},"geometry":{"type":"MultiLineString","coordinates":[[[2.20464,41.4349],[2.20289,41.43478],[2.20155,41.43465]]]}},{"type":"Feature","properties":{"s":"st-carrer-del-maresme"},"geometry":{"type":"MultiLineString","coordinates":[[[2.20347,41.42115],[2.20314,41.42142],[2.20258,41.4218],[2.20208,41.42291]],[[2.20377,41.42137],[2.2049,41.4205],[2.20545,41.42006],[2.2073,41.4187],[2.2085,41.41777],[2.20899,41.41743],[2.20965,41.41687],[2.2124,41.41482]],[[2.20259,41.42301],[2.20019,41.42526]],[[2.21645,41.41179],[2.21303,41.41434],[2.21272,41.41459]],[[2.21407,41.41524],[2.21272,41.41459]],[[2.21335,41.4158],[2.2124,41.41482]],[[2.2124,41.41482],[2.21272,41.41459]]]}},{"type":"Feature","properties":{"s":"st-carrer-de-margarit"},"geometry":{"type":"MultiLineString","coordinates":[[[2.16201,41.36889],[2.1618,41.37022],[2.16263,41.37103],[2.16283,41.37161],[2.16306,41.3722],[2.16336,41.37307],[2.16369,41.37399]]]}},{"type":"Feature","properties":{"s":"st-carrer-de-margenat"},"geometry":{"type":"MultiLineString","coordinates":[[[2.12711,41.40559],[2.12636,41.40514],[2.12081,41.40199],[2.12018,41.40165],[2.11997,41.40162]]]}},{"type":"Feature","properties":{"s":"st-carrer-de-mari"},"geometry":{"type":"MultiLineString","coordinates":[[[2.1602,41.42504],[2.16105,41.42298],[2.16137,41.42227]]]}},{"type":"Feature","properties":{"s":"st-passatge-de-mari"},"geometry":{"type":"MultiLineString","coordinates":[[[2.1592,41.42607],[2.15869,41.42667]]]}},{"type":"Feature","properties":{"s":"st-carrer-de-maria"},"geometry":{"type":"MultiLineString","coordinates":[[[2.15667,41.39883],[2.15745,41.39933]]]}},{"type":"Feature","properties":{"s":"st-carrer-de-maria-auxiliadora"},"geometry":{"type":"MultiLineString","coordinates":[[[2.12968,41.39564],[2.12867,41.39453],[2.12799,41.39408]]]}},{"type":"Feature","properties":{"s":"st-carrer-de-maria-barrientos"},"geometry":{"type":"MultiLineString","coordinates":[[[2.12853,41.38109],[2.12669,41.37996]]]}},{"type":"Feature","properties":{"s":"st-carrer-de-maria-paretas"},"geometry":{"type":"MultiLineString","coordinates":[[[2.15987,41.4292],[2.15992,41.42969]]]}},{"type":"Feature","properties":{"s":"st-carrer-de-maria-reina"},"geometry":{"type":"MultiLineString","coordinates":[[[2.10948,41.40195],[2.10909,41.40216],[2.10863,41.40235]]]}},{"type":"Feature","properties":{"s":"st-carrer-de-maria-victoria"},"geometry":{"type":"MultiLineString","coordinates":[[[2.13839,41.37313],[2.13717,41.37277]]]}},{"type":"Feature","properties":{"s":"st-carrer-de-mariana-pineda"},"geometry":{"type":"MultiLineString","coordinates":[[[2.15716,41.40091],[2.15756,41.40052]]]}},{"type":"Feature","properties":{"s":"st-carrer-de-marianao"},"geometry":{"type":"MultiLineString","coordinates":[[[2.15347,41.41363],[2.15419,41.41306],[2.1548,41.41252]]]}},{"type":"Feature","properties":{"s":"st-carrer-de-maria-aguilo"},"geometry":{"type":"MultiLineString","coordinates":[[[2.19882,41.40413],[2.19976,41.40348],[2.20462,41.40032],[2.2058,41.39953]]]}},{"type":"Feature","properties":{"s":"st-placa-de-maria-brossa"},"geometry":{"type":"MultiLineString","coordinates":[[[2.18808,41.43701],[2.18793,41.43704],[2.18805,41.43745],[2.1882,41.43742],[2.18808,41.43701]]]}},{"type":"Feature","properties":{"s":"st-carrer-de-maria-cubi"},"geometry":{"type":"MultiLineString","coordinates":[[[2.15205,41.39969],[2.15125,41.3992],[2.14796,41.39724],[2.14404,41.39494],[2.14355,41.39464]]]}},{"type":"Feature","properties":{"s":"st-carrer-de-maria-labernia"},"geometry":{"type":"MultiLineString","coordinates":[[[2.16497,41.41943],[2.16244,41.41954]]]}},{"type":"Feature","properties":{"s":"st-carrer-de-marin"},"geometry":{"type":"MultiLineString","coordinates":[[[2.1722,41.44273],[2.17327,41.44311],[2.17453,41.44384],[2.17489,41.44416]]]}},{"type":"Feature","properties":{"s":"st-carrer-de-la-marina"},"geometry":{"type":"MultiLineString","coordinates":[[[2.16923,41.40847],[2.1673,41.40993]],[[2.18795,41.39395],[2.18954,41.39279],[2.1926,41.3905],[2.19418,41.38929]],[[2.19452,41.38906],[2.19595,41.38802]],[[2.19802,41.38642],[2.19641,41.38746],[2.19659,41.38763],[2.19773,41.38678],[2.19802,41.38642]],[[2.19802,41.38642],[2.19974,41.38515]]]}},{"type":"Feature","properties":{"s":"st-passatge-de-la-marina"},"geometry":{"type":"MultiLineString","coordinates":[[[2.20924,41.41038],[2.20799,41.40964]]]}},{"type":"Feature","properties":{"s":"st-pas-de-la-marina"},"geometry":{"type":"MultiLineString","coordinates":[[[2.16684,41.41031],[2.16646,41.41001]]]}},{"type":"Feature","properties":{"s":"st-carrer-del-torrent-de-can-mariner"},"geometry":{"type":"MultiLineString","coordinates":[[[2.1633,41.43059],[2.163,41.43123],[2.16286,41.4318],[2.16269,41.43217],[2.16179,41.43286],[2.16124,41.43294],[2.16085,41.43308]]]}},{"type":"Feature","properties":{"s":"st-passatge-de-marine"},"geometry":{"type":"MultiLineString","coordinates":[[[2.16559,41.40985],[2.16587,41.4097]]]}},{"type":"Feature","properties":{"s":"st-carrer-dels-mariners"},"geometry":{"type":"MultiLineString","coordinates":[[[2.18903,41.38081],[2.18868,41.38167]]]}},{"type":"Feature","properties":{"s":"st-passeig-maritim-de-la-barceloneta-oriol-bohigas-i-guardiola"},"geometry":{"type":"MultiLineString","coordinates":[[[2.1901,41.37572],[2.19019,41.376],[2.19028,41.37622],[2.19043,41.37649],[2.19062,41.37677],[2.19076,41.37688],[2.19087,41.37707]],[[2.19204,41.37889],[2.1954,41.3843],[2.19575,41.38476],[2.19684,41.38559],[2.19802,41.38642]]]}},{"type":"Feature","properties":{"s":"st-carrer-de-marlet"},"geometry":{"type":"MultiLineString","coordinates":[[[2.17551,41.38239],[2.1759,41.38259]]]}},{"type":"Feature","properties":{"s":"st-carrer-de-marmella"},"geometry":{"type":"MultiLineString","coordinates":[[[2.14074,41.40925],[2.14246,41.41084]]]}},{"type":"Feature","properties":{"s":"st-carrer-del-marbre"},"geometry":{"type":"MultiLineString","coordinates":[[[2.14666,41.36217],[2.1479,41.36141]]]}},{"type":"Feature","properties":{"s":"st-carrer-del-marne"},"geometry":{"type":"MultiLineString","coordinates":[[[2.16811,41.43907],[2.16789,41.43771],[2.16782,41.43734]]]}},{"type":"Feature","properties":{"s":"st-avinguda-del-marques-de-l-argentera"},"geometry":{"type":"MultiLineString","coordinates":[[[2.18373,41.38309],[2.18431,41.38382],[2.18463,41.38416],[2.18486,41.38445],[2.18585,41.38559]]]}},{"type":"Feature","properties":{"s":"st-carrer-del-marques-de-barbera"},"geometry":{"type":"MultiLineString","coordinates":[[[2.17283,41.37897],[2.17121,41.37739]]]}},{"type":"Feature","properties":{"s":"st-avinguda-del-marques-de-castellbell"},"geometry":{"type":"MultiLineString","coordinates":[[[2.15432,41.429],[2.1547,41.42906],[2.15507,41.42909],[2.15649,41.42906],[2.15703,41.42901]]]}},{"type":"Feature","properties":{"s":"st-passatge-del-marques-de-castellbell"},"geometry":{"type":"MultiLineString","coordinates":[[[2.15507,41.42909],[2.15505,41.42971],[2.15486,41.42998]]]}},{"type":"Feature","properties":{"s":"st-avinguda-de-francesc-ferrer-i-guardia"},"geometry":{"type":"MultiLineString","coordinates":[[[2.15141,41.37165],[2.15041,41.37127],[2.14984,41.37103],[2.14949,41.3708],[2.14582,41.36913],[2.14511,41.36827],[2.14487,41.36723]],[[2.14482,41.36678],[2.14487,41.36723]],[[2.14509,41.367],[2.14487,41.36723]]]}},{"type":"Feature","properties":{"s":"st-avinguda-del-parallel"},"geometry":{"type":"MultiLineString","coordinates":[[[2.17,41.37497],[2.17507,41.37464],[2.17574,41.37433]]]}},{"type":"Feature","properties":{"s":"st-carrer-del-marques-de-foronda"},"geometry":{"type":"MultiLineString","coordinates":[[[2.15837,41.42556],[2.1601,41.42574],[2.16189,41.42588]]]}},{"type":"Feature","properties":{"s":"st-placa-de-josep-puig-i-cadafalch"},"geometry":{"type":"MultiLineString","coordinates":[[[2.15209,41.37062],[2.15252,41.36999]]]}},{"type":"Feature","properties":{"s":"st-carrer-del-marques-de-lamadrid"},"geometry":{"type":"MultiLineString","coordinates":[[[2.1341,41.41667],[2.13308,41.41628]]]}},{"type":"Feature","properties":{"s":"st-carrer-del-marques-de-la-mina"},"geometry":{"type":"MultiLineString","coordinates":[[[2.19023,41.38109],[2.1899,41.38195]]]}},{"type":"Feature","properties":{"s":"st-placa-de-la-barceloneta"},"geometry":{"type":"MultiLineString","coordinates":[[[2.1879,41.37985],[2.18824,41.37993],[2.18837,41.37962],[2.18802,41.37954],[2.1879,41.37985]]]}},{"type":"Feature","properties":{"s":"st-carrer-del-marques-de-mulhacen"},"geometry":{"type":"MultiLineString","coordinates":[[[2.11436,41.3947],[2.11494,41.39425],[2.11561,41.3937],[2.11756,41.3922],[2.11885,41.3917],[2.11992,41.39132],[2.12039,41.39095],[2.1209,41.39011]]]}},{"type":"Feature","properties":{"s":"st-carrer-del-marques-de-la-quadra"},"geometry":{"type":"MultiLineString","coordinates":[[[2.18868,41.38167],[2.18847,41.38221]]]}},{"type":"Feature","properties":{"s":"st-carrer-del-marques-de-santa-ana"},"geometry":{"type":"MultiLineString","coordinates":[[[2.14855,41.40608],[2.14782,41.40666],[2.14719,41.40636]]]}},{"type":"Feature","properties":{"s":"st-carrer-del-marques-de-santillana"},"geometry":{"type":"MultiLineString","coordinates":[[[2.18954,41.42913],[2.18863,41.42903]]]}},{"type":"Feature","properties":{"s":"st-carrer-del-marques-de-sentmenat"},"geometry":{"type":"MultiLineString","coordinates":[[[2.13373,41.3844],[2.13455,41.38464],[2.13487,41.38473],[2.13595,41.38479],[2.13717,41.38501],[2.13876,41.38532],[2.13968,41.38535],[2.14024,41.38535]]]}},{"type":"Feature","properties":{"s":"st-carrer-de-la-marquesa"},"geometry":{"type":"MultiLineString","coordinates":[[[2.18477,41.38261],[2.18557,41.38357]]]}},{"type":"Feature","properties":{"s":"st-carrer-de-la-marquesa-de-caldes-de-montbui"},"geometry":{"type":"MultiLineString","coordinates":[[[2.17322,41.42352],[2.17427,41.42501],[2.17544,41.42565]]]}},{"type":"Feature","properties":{"s":"st-carrer-de-la-marquesa-de-vilallonga"},"geometry":{"type":"MultiLineString","coordinates":[[[2.12799,41.40471],[2.12711,41.40559],[2.12604,41.40671],[2.12387,41.40889]]]}},{"type":"Feature","properties":{"s":"st-carrer-de-marquet"},"geometry":{"type":"MultiLineString","coordinates":[[[2.18157,41.38052],[2.18083,41.38079],[2.18035,41.38097]]]}},{"type":"Feature","properties":{"s":"st-placa-de-marquilles"},"geometry":{"type":"MultiLineString","coordinates":[[[2.18019,41.38834],[2.17988,41.3881],[2.17972,41.38801]]]}},{"type":"Feature","properties":{"s":"st-carrer-del-marroc"},"geometry":{"type":"MultiLineString","coordinates":[[[2.20286,41.41009],[2.19835,41.40669],[2.19765,41.40615]],[[2.2119,41.41688],[2.21074,41.41606],[2.20961,41.41522],[2.20912,41.41484],[2.20852,41.41435],[2.20704,41.41322],[2.20654,41.41289],[2.20511,41.4118],[2.20458,41.41135]]]}},{"type":"Feature","properties":{"s":"st-carrer-de-marca"},"geometry":{"type":"MultiLineString","coordinates":[[[2.165,41.43461],[2.16479,41.43413],[2.16449,41.4342]]]}},{"type":"Feature","properties":{"s":"st-carrer-de-marsala"},"geometry":{"type":"MultiLineString","coordinates":[[[2.21612,41.41752],[2.21732,41.41665]]]}},{"type":"Feature","properties":{"s":"st-carrer-de-marsans-i-rof"},"geometry":{"type":"MultiLineString","coordinates":[[[2.15512,41.41939],[2.15432,41.41914]]]}},{"type":"Feature","properties":{"s":"st-carrer-de-marti"},"geometry":{"type":"MultiLineString","coordinates":[[[2.15428,41.40635],[2.15522,41.40684]],[[2.15577,41.40713],[2.162,41.41037]]]}},{"type":"Feature","properties":{"s":"st-carrer-de-marti-i-alsina"},"geometry":{"type":"MultiLineString","coordinates":[[[2.16052,41.43157],[2.16124,41.43294]]]}},{"type":"Feature","properties":{"s":"st-carrer-de-marti-molins"},"geometry":{"type":"MultiLineString","coordinates":[[[2.19109,41.42394],[2.19046,41.42403],[2.18833,41.42397],[2.18688,41.42393]]]}},{"type":"Feature","properties":{"s":"st-passeig-de-picasso"},"geometry":{"type":"MultiLineString","coordinates":[[[2.18585,41.38559],[2.18466,41.38647],[2.18244,41.38816],[2.18143,41.3889]],[[2.18141,41.38926],[2.18136,41.38969]]]}},{"type":"Feature","properties":{"s":"st-carrer-de-martinez-de-la-rosa"},"geometry":{"type":"MultiLineString","coordinates":[[[2.15756,41.40117],[2.16035,41.39868]]]}},{"type":"Feature","properties":{"s":"st-rambla-de-l-onze-de-setembre"},"geometry":{"type":"MultiLineString","coordinates":[[[2.18974,41.43009],[2.19274,41.43007],[2.1937,41.43004],[2.19541,41.42991]]]}},{"type":"Feature","properties":{"s":"st-carrer-de-martorell-i-pena"},"geometry":{"type":"MultiLineString","coordinates":[[[2.11859,41.40518],[2.11885,41.40561],[2.11964,41.40636],[2.12045,41.4071]]]}},{"type":"Feature","properties":{"s":"st-carrer-de-martorelles"},"geometry":{"type":"MultiLineString","coordinates":[[[2.18322,41.45575],[2.18147,41.45908]]]}},{"type":"Feature","properties":{"s":"st-passatge-de-martras"},"geometry":{"type":"MultiLineString","coordinates":[[[2.16003,41.37096],[2.15951,41.36992]]]}},{"type":"Feature","properties":{"s":"st-carrer-del-mas-duran"},"geometry":{"type":"MultiLineString","coordinates":[[[2.17621,41.4452],[2.17646,41.44487],[2.17867,41.44383],[2.18099,41.44272]]]}},{"type":"Feature","properties":{"s":"st-cami-del-mas-guimbau"},"geometry":{"type":"MultiLineString","coordinates":[[[2.09189,41.42331],[2.09066,41.42411],[2.09016,41.42559],[2.0896,41.42521],[2.08964,41.42586],[2.08991,41.42635],[2.09268,41.42493]]]}},{"type":"Feature","properties":{"s":"st-passatge-de-mas-de-roda"},"geometry":{"type":"MultiLineString","coordinates":[[[2.1989,41.39598],[2.2012,41.39767]]]}},{"type":"Feature","properties":{"s":"st-cami-de-la-reineta"},"geometry":{"type":"MultiLineString","coordinates":[[[2.09391,41.41743],[2.09471,41.41783],[2.09639,41.41791],[2.09616,41.41637]],[[2.09647,41.41709],[2.09616,41.41637]],[[2.09616,41.41637],[2.09641,41.41489]],[[2.09641,41.41489],[2.09669,41.41518]],[[2.09641,41.41489],[2.09221,41.41552],[2.09081,41.40836]]]}},{"type":"Feature","properties":{"s":"st-cami-de-la-font-dels-pins"},"geometry":{"type":"MultiLineString","coordinates":[[[2.09453,41.41825],[2.09656,41.41835],[2.0971,41.41814],[2.09669,41.41518]]]}},{"type":"Feature","properties":{"s":"st-passeig-de-sole-i-pla"},"geometry":{"type":"MultiLineString","coordinates":[[[2.08964,41.42586],[2.08908,41.42677]],[[2.08863,41.42726],[2.0896,41.4276],[2.09109,41.42797]]]}},{"type":"Feature","properties":{"s":"st-carrer-de-mas-yebra"},"geometry":{"type":"MultiLineString","coordinates":[[[2.13613,41.41145],[2.13731,41.41172],[2.13818,41.41195]]]}},{"type":"Feature","properties":{"s":"st-placa-de-masadas"},"geometry":{"type":"MultiLineString","coordinates":[[[2.18987,41.42488],[2.19037,41.42489],[2.19039,41.42466],[2.18993,41.42465],[2.18987,41.42488]]]}},{"type":"Feature","properties":{"s":"st-carrer-de-mascaro"},"geometry":{"type":"MultiLineString","coordinates":[[[2.17306,41.42187],[2.17505,41.4247],[2.17565,41.42558]]]}},{"type":"Feature","properties":{"s":"st-carrer-de-dolors-masferrer-i-bosch"},"geometry":{"type":"MultiLineString","coordinates":[[[2.12738,41.38473],[2.12874,41.38523],[2.12966,41.38551]]]}},{"type":"Feature","properties":{"s":"st-carrer-del-masnou"},"geometry":{"type":"MultiLineString","coordinates":[[[2.13901,41.37602],[2.1411,41.37598]]]}},{"type":"Feature","properties":{"s":"st-passatge-de-masoliver"},"geometry":{"type":"MultiLineString","coordinates":[[[2.20002,41.39772],[2.19893,41.39857],[2.19776,41.39944]]]}},{"type":"Feature","properties":{"s":"st-carrer-de-maspons"},"geometry":{"type":"MultiLineString","coordinates":[[[2.15579,41.40078],[2.15666,41.40135]],[[2.15707,41.40162],[2.15747,41.40187]]]}},{"type":"Feature","properties":{"s":"st-carrer-de-maspons-i-labros"},"geometry":{"type":"MultiLineString","coordinates":[[[2.17404,41.41934],[2.17417,41.41835]]]}},{"type":"Feature","properties":{"s":"st-carrer-de-masquefa"},"geometry":{"type":"MultiLineString","coordinates":[[[2.17644,41.45588],[2.17725,41.45646],[2.17765,41.45679]]]}},{"type":"Feature","properties":{"s":"st-carrer-dels-masriera"},"geometry":{"type":"MultiLineString","coordinates":[[[2.13414,41.37022],[2.1345,41.37023]]]}},{"type":"Feature","properties":{"s":"st-passatge-de-massaguer"},"geometry":{"type":"MultiLineString","coordinates":[[[2.20357,41.3993],[2.2042,41.39976]]]}},{"type":"Feature","properties":{"s":"st-carrer-de-massanet"},"geometry":{"type":"MultiLineString","coordinates":[[[2.17805,41.38516],[2.17848,41.3855]]]}},{"type":"Feature","properties":{"s":"st-carrer-de-massens"},"geometry":{"type":"MultiLineString","coordinates":[[[2.15832,41.40657],[2.15773,41.40714],[2.15523,41.40966]]]}},{"type":"Feature","properties":{"s":"st-carrer-de-mata"},"geometry":{"type":"MultiLineString","coordinates":[[[2.17117,41.37348],[2.17076,41.37275],[2.17041,41.37206]]]}},{"type":"Feature","properties":{"s":"st-carrer-de-matadepera"},"geometry":{"type":"MultiLineString","coordinates":[[[2.14885,41.44055],[2.14784,41.44122]]]}},{"type":"Feature","properties":{"s":"st-carrer-del-matagalls"},"geometry":{"type":"MultiLineString","coordinates":[[[2.18786,41.43628],[2.18808,41.43701]]]}},{"type":"Feature","properties":{"s":"st-carrer-de-matamala"},"geometry":{"type":"MultiLineString","coordinates":[[[2.16643,41.43455],[2.16693,41.43557]]]}},{"type":"Feature","properties":{"s":"st-carrer-de-matanzas"},"geometry":{"type":"MultiLineString","coordinates":[[[2.18176,41.42084],[2.18221,41.42333],[2.18235,41.4239]],[[2.18193,41.42419],[2.18211,41.42432]]]}},{"type":"Feature","properties":{"s":"st-carretera-de-mataro"},"geometry":{"type":"MultiLineString","coordinates":[[[2.21081,41.4214],[2.211,41.4197]]]}},{"type":"Feature","properties":{"s":"st-carretera-antiga-de-mataro"},"geometry":{"type":"MultiLineString","coordinates":[[[2.18954,41.39279],[2.18799,41.3923]]]}},{"type":"Feature","properties":{"s":"st-carrer-del-camp-de-la-ferro"},"geometry":{"type":"MultiLineString","coordinates":[[[2.19165,41.42656],[2.19354,41.42605],[2.19418,41.42586]]]}},{"type":"Feature","properties":{"s":"st-carrer-de-mateu"},"geometry":{"type":"MultiLineString","coordinates":[[[2.15392,41.40369],[2.15481,41.40428]]]}},{"type":"Feature","properties":{"s":"st-carrer-de-mateu-ferran"},"geometry":{"type":"MultiLineString","coordinates":[[[2.18897,41.43539],[2.18892,41.43497]]]}},{"type":"Feature","properties":{"s":"st-carrer-d-elisabeth-eidenbenz"},"geometry":{"type":"MultiLineString","coordinates":[[[2.12249,41.38444],[2.12555,41.38069]]]}},{"type":"Feature","properties":{"s":"st-carrer-de-matilde"},"geometry":{"type":"MultiLineString","coordinates":[[[2.1572,41.40027],[2.15674,41.40064]]]}},{"type":"Feature","properties":{"s":"st-carrer-de-matilde-diez"},"geometry":{"type":"MultiLineString","coordinates":[[[2.14814,41.40163],[2.14897,41.40218]]]}},{"type":"Feature","properties":{"s":"st-carrer-de-maurici-serrahima"},"geometry":{"type":"MultiLineString","coordinates":[[[2.15107,41.405],[2.15296,41.40588]]]}},{"type":"Feature","properties":{"s":"st-carrer-de-maurici-vilomara"},"geometry":{"type":"MultiLineString","coordinates":[[[2.16245,41.42332],[2.16383,41.42288],[2.16421,41.42152]],[[2.16723,41.42215],[2.16546,41.42154],[2.16439,41.42127]]]}},{"type":"Feature","properties":{"s":"st-carrer-major-de-can-caralleu"},"geometry":{"type":"MultiLineString","coordinates":[[[2.10874,41.40288],[2.10949,41.40268],[2.11004,41.40228],[2.1109,41.40207],[2.11422,41.4013]]]}},{"type":"Feature","properties":{"s":"st-carrer-gran-de-gracia"},"geometry":{"type":"MultiLineString","coordinates":[[[2.15007,41.40604],[2.15062,41.40555],[2.15192,41.40393],[2.15212,41.40352],[2.15249,41.40268],[2.15265,41.40243],[2.15295,41.40207],[2.15343,41.40157],[2.15433,41.40082],[2.15546,41.39984],[2.15667,41.39883],[2.15731,41.39827]],[[2.15731,41.39827],[2.15767,41.39779],[2.15759,41.39804],[2.15731,41.39827]]]}},{"type":"Feature","properties":{"s":"st-carrer-major-del-rectoret"},"geometry":{"type":"MultiLineString","coordinates":[[[2.09798,41.42624],[2.09781,41.42618]],[[2.09565,41.43299],[2.09556,41.43101],[2.09507,41.42957],[2.09392,41.4266],[2.09649,41.42617],[2.09764,41.42638],[2.09781,41.42618]],[[2.09617,41.42058],[2.09592,41.42511],[2.09781,41.42618]]]}},{"type":"Feature","properties":{"s":"st-placa-major-del-rectoret"},"geometry":{"type":"MultiLineString","coordinates":[[[2.09226,41.42745],[2.09194,41.42762]]]}},{"type":"Feature","properties":{"s":"st-carrer-major-de-sarria"},"geometry":{"type":"MultiLineString","coordinates":[[[2.1251,41.39603],[2.12443,41.39652],[2.12396,41.39691],[2.1232,41.3975],[2.12269,41.39794],[2.12238,41.39823],[2.12225,41.3987],[2.12215,41.39902],[2.12208,41.39915],[2.12188,41.3994],[2.12163,41.39969]],[[2.1215,41.39998],[2.121,41.4004],[2.12034,41.40101],[2.12006,41.40134],[2.11997,41.40162],[2.11935,41.40215],[2.11834,41.40284],[2.11785,41.40312],[2.11662,41.40364]],[[2.12515,41.39606],[2.12527,41.39594]]]}},{"type":"Feature","properties":{"s":"st-carrer-de-la-mecanica"},"geometry":{"type":"MultiLineString","coordinates":[[[2.13717,41.3599],[2.13778,41.35904],[2.13631,41.35843]]]}},{"type":"Feature","properties":{"s":"st-carrer-de-les-medes"},"geometry":{"type":"MultiLineString","coordinates":[[[2.14634,41.41083],[2.14716,41.41143]]]}},{"type":"Feature","properties":{"s":"st-carrer-de-sant-pere-mitja"},"geometry":{"type":"MultiLineString","coordinates":[[[2.17716,41.38764],[2.17667,41.38715],[2.17619,41.38686]]]}},{"type":"Feature","properties":{"s":"st-carrer-de-mediona"},"geometry":{"type":"MultiLineString","coordinates":[[[2.1433,41.42012],[2.1422,41.42105],[2.14131,41.42104]]]}},{"type":"Feature","properties":{"s":"st-carrer-de-la-mediterrania"},"geometry":{"type":"MultiLineString","coordinates":[[[2.18902,41.38175],[2.18882,41.38228],[2.18845,41.38321]]]}},{"type":"Feature","properties":{"s":"st-carrer-de-meer"},"geometry":{"type":"MultiLineString","coordinates":[[[2.18996,41.37843],[2.19062,41.37677]]]}},{"type":"Feature","properties":{"s":"st-carrer-de-mejia-lequerica"},"geometry":{"type":"MultiLineString","coordinates":[[[2.12738,41.38473],[2.12703,41.3816]]]}},{"type":"Feature","properties":{"s":"st-carrer-de-mexic"},"geometry":{"type":"MultiLineString","coordinates":[[[2.14752,41.37383],[2.14851,41.37272],[2.15041,41.37127]]]}},{"type":"Feature","properties":{"s":"st-carrer-de-melcior-de-palau"},"geometry":{"type":"MultiLineString","coordinates":[[[2.12962,41.37788],[2.13011,41.37805],[2.13219,41.37883]],[[2.13315,41.37919],[2.13555,41.3801],[2.13719,41.38071],[2.13998,41.38178]]]}},{"type":"Feature","properties":{"s":"st-carrer-de-melilla"},"geometry":{"type":"MultiLineString","coordinates":[[[2.13207,41.41026],[2.13304,41.41115]]]}},{"type":"Feature","properties":{"s":"st-torrent-de-melis"},"geometry":{"type":"MultiLineString","coordinates":[[[2.17289,41.41556],[2.17046,41.41669]]]}},{"type":"Feature","properties":{"s":"st-carrer-de-mendel"},"geometry":{"type":"MultiLineString","coordinates":[[[2.12014,41.39824],[2.11978,41.39793],[2.11983,41.39737]]]}},{"type":"Feature","properties":{"s":"st-carrer-del-torrent-de-l-olla"},"geometry":{"type":"MultiLineString","coordinates":[[[2.16052,41.39919],[2.1596,41.40014],[2.15897,41.40074],[2.1585,41.40112],[2.15799,41.40146],[2.15714,41.40215],[2.15634,41.40289],[2.15422,41.40482],[2.15296,41.40588],[2.15239,41.40638],[2.15077,41.40786]]]}},{"type":"Feature","properties":{"s":"st-carrer-menor-de-sarria"},"geometry":{"type":"MultiLineString","coordinates":[[[2.12236,41.39996],[2.12215,41.39988]]]}},{"type":"Feature","properties":{"s":"st-carrer-de-menorca"},"geometry":{"type":"MultiLineString","coordinates":[[[2.20301,41.42311],[2.20105,41.42269],[2.1985,41.42079],[2.19747,41.42005],[2.19418,41.41757],[2.19345,41.41719],[2.19326,41.41669]],[[2.20301,41.42311],[2.20356,41.42322]],[[2.20301,41.42311],[2.20349,41.42198]]]}},{"type":"Feature","properties":{"s":"st-placa-del-mercadal"},"geometry":{"type":"MultiLineString","coordinates":[[[2.18807,41.43494],[2.18807,41.43463]],[[2.18807,41.43494],[2.18872,41.43492],[2.18871,41.4347],[2.18807,41.43463]],[[2.18807,41.43494],[2.18806,41.43505]],[[2.18807,41.43463],[2.18807,41.43451]]]}},{"type":"Feature","properties":{"s":"st-carrer-de-mercaders"},"geometry":{"type":"MultiLineString","coordinates":[[[2.17904,41.38478],[2.1787,41.38492],[2.17841,41.38502],[2.17815,41.38508],[2.17757,41.38554],[2.17716,41.38585],[2.17675,41.38601]]]}},{"type":"Feature","properties":{"s":"st-baixada-del-mercat"},"geometry":{"type":"MultiLineString","coordinates":[[[2.16066,41.42962],[2.1607,41.43005]]]}},{"type":"Feature","properties":{"s":"st-carrer-del-mercat"},"geometry":{"type":"MultiLineString","coordinates":[[[2.18958,41.43468],[2.18871,41.4347]]]}},{"type":"Feature","properties":{"s":"st-placa-del-mercat"},"geometry":{"type":"MultiLineString","coordinates":[[[2.18868,41.40789],[2.18865,41.40721],[2.18906,41.40781],[2.18868,41.40789]]]}},{"type":"Feature","properties":{"s":"st-passatge-mercantil"},"geometry":{"type":"MultiLineString","coordinates":[[[2.18408,41.38604],[2.18466,41.38647]]]}},{"type":"Feature","properties":{"s":"st-carrer-de-la-merce"},"geometry":{"type":"MultiLineString","coordinates":[[[2.17965,41.37927],[2.1794,41.37892]],[[2.17965,41.37927],[2.1793,41.37943],[2.17905,41.37909],[2.1794,41.37892]],[[2.17965,41.37927],[2.18053,41.38038],[2.18083,41.38079],[2.18123,41.38127]],[[2.17907,41.37848],[2.1794,41.37892]]]}},{"type":"Feature","properties":{"s":"st-placa-de-la-merce"},"geometry":{"type":"MultiLineString","coordinates":[[[2.17965,41.37927],[2.1793,41.37943]],[[2.17905,41.37909],[2.1794,41.37892]]]}},{"type":"Feature","properties":{"s":"st-carrer-de-mercedes"},"geometry":{"type":"MultiLineString","coordinates":[[[2.15242,41.41241],[2.15446,41.41316]]]}},{"type":"Feature","properties":{"s":"st-passatge-de-mercedes"},"geometry":{"type":"MultiLineString","coordinates":[[[2.15469,41.41177],[2.15345,41.41131]]]}},{"type":"Feature","properties":{"s":"st-rambla-de-mercedes"},"geometry":{"type":"MultiLineString","coordinates":[[[2.15243,41.41157],[2.15295,41.41184],[2.15406,41.41226],[2.1548,41.41252]]]}},{"type":"Feature","properties":{"s":"st-avinguda-meridiana"},"geometry":{"type":"MultiLineString","coordinates":[[[2.18298,41.43207],[2.18346,41.43019]],[[2.18298,41.43207],[2.18401,41.43522],[2.18422,41.43604],[2.18453,41.43697],[2.18484,41.43801],[2.185,41.43847],[2.18515,41.43876],[2.1854,41.43969],[2.1863,41.44223],[2.186,41.44283],[2.1862,41.44295],[2.18682,41.44391],[2.18733,41.44556],[2.1877,41.44697],[2.18833,41.4488],[2.1885,41.44932],[2.18878,41.45138]],[[2.18298,41.43207],[2.183,41.43019],[2.18367,41.42939],[2.18623,41.42554],[2.18655,41.42494],[2.18688,41.42393],[2.18693,41.42286],[2.18691,41.42056],[2.18692,41.41665],[2.18689,41.41528],[2.18691,41.41432],[2.18687,41.41192],[2.18688,41.41116],[2.18685,41.40863],[2.18685,41.4054]],[[2.18943,41.45343],[2.18876,41.45262],[2.18878,41.45138]],[[2.18878,41.45138],[2.18916,41.45092]],[[2.18734,41.46217],[2.18738,41.46129]],[[2.18686,41.3915],[2.18687,41.39313]]]}},{"type":"Feature","properties":{"s":"st-carrer-meridional"},"geometry":{"type":"MultiLineString","coordinates":[[[2.18748,41.40749],[2.18686,41.40781]]]}},{"type":"Feature","properties":{"s":"st-carrer-de-messina"},"geometry":{"type":"MultiLineString","coordinates":[[[2.21376,41.41832],[2.21416,41.41793],[2.21437,41.41777],[2.2161,41.41647]]]}},{"type":"Feature","properties":{"s":"st-carrer-de-l-hostal-de-sant-antoni"},"geometry":{"type":"MultiLineString","coordinates":[[[2.18166,41.38566],[2.18206,41.38598]]]}},{"type":"Feature","properties":{"s":"st-carrer-de-la-metallurgia"},"geometry":{"type":"MultiLineString","coordinates":[[[2.13738,41.34886],[2.13387,41.35305],[2.13194,41.35557]]]}},{"type":"Feature","properties":{"s":"st-carrer-dels-metges"},"geometry":{"type":"MultiLineString","coordinates":[[[2.17991,41.38756],[2.17947,41.38783],[2.17876,41.38832]]]}},{"type":"Feature","properties":{"s":"st-carrer-del-misser-ferrer"},"geometry":{"type":"MultiLineString","coordinates":[[[2.17534,41.38535],[2.17569,41.38568]]]}},{"type":"Feature","properties":{"s":"st-passatge-del-mig-del-turo"},"geometry":{"type":"MultiLineString","coordinates":[[[2.17233,41.41975],[2.17207,41.41938]]]}},{"type":"Feature","properties":{"s":"st-carrer-de-miquel-angel"},"geometry":{"type":"MultiLineString","coordinates":[[[2.13574,41.3783],[2.13182,41.37737],[2.12821,41.37656]]]}},{"type":"Feature","properties":{"s":"st-carrer-de-miquel-bleach"},"geometry":{"type":"MultiLineString","coordinates":[[[2.14342,41.37579],[2.14199,41.37582],[2.1411,41.37598]]]}},{"type":"Feature","properties":{"s":"st-carrer-de-miquel-boera"},"geometry":{"type":"MultiLineString","coordinates":[[[2.19192,41.3806],[2.19225,41.37977]]]}},{"type":"Feature","properties":{"s":"st-carrer-de-miquel-ferra"},"geometry":{"type":"MultiLineString","coordinates":[[[2.17291,41.43033],[2.17289,41.42975]]]}},{"type":"Feature","properties":{"s":"st-carrer-de-miquel-dels-sants-oliver"},"geometry":{"type":"MultiLineString","coordinates":[[[2.16107,41.41411],[2.16028,41.41444],[2.15939,41.41472],[2.15862,41.41493]]]}},{"type":"Feature","properties":{"s":"st-passatge-del-mil-vuit-cents"},"geometry":{"type":"MultiLineString","coordinates":[[[2.17003,41.38214],[2.17024,41.38191]]]}},{"type":"Feature","properties":{"s":"st-carrer-de-mila-i-fontanals"},"geometry":{"type":"MultiLineString","coordinates":[[[2.16036,41.40292],[2.16106,41.40236],[2.16158,41.40192],[2.16208,41.4014],[2.16272,41.40078]]]}},{"type":"Feature","properties":{"s":"st-carrer-del-miracle"},"geometry":{"type":"MultiLineString","coordinates":[[[2.13279,41.37665],[2.13494,41.37718],[2.13536,41.37734]]]}},{"type":"Feature","properties":{"s":"st-carrer-del-milanesat"},"geometry":{"type":"MultiLineString","coordinates":[[[2.13217,41.39923],[2.13011,41.39802]],[[2.12986,41.39778],[2.12926,41.39748],[2.12846,41.39695]],[[2.12715,41.39611],[2.12813,41.39673]]]}},{"type":"Feature","properties":{"s":"st-carrer-de-milans"},"geometry":{"type":"MultiLineString","coordinates":[[[2.17961,41.38064],[2.1789,41.38037]]]}},{"type":"Feature","properties":{"s":"st-carrer-de-milton"},"geometry":{"type":"MultiLineString","coordinates":[[[2.15351,41.39949],[2.15313,41.39923]]]}},{"type":"Feature","properties":{"s":"st-carrer-de-la-mimica"},"geometry":{"type":"MultiLineString","coordinates":[[[2.14401,41.43399],[2.14373,41.4327]]]}},{"type":"Feature","properties":{"s":"st-carrer-de-les-mimoses"},"geometry":{"type":"MultiLineString","coordinates":[[[2.11997,41.39936],[2.11968,41.3998]]]}},{"type":"Feature","properties":{"s":"st-passeig-del-grevol"},"geometry":{"type":"MultiLineString","coordinates":[[[2.08508,41.42034],[2.08654,41.42168],[2.08766,41.42202]]]}},{"type":"Feature","properties":{"s":"st-carrer-de-mina"},"geometry":{"type":"MultiLineString","coordinates":[[[2.17471,41.37556],[2.17387,41.37566]]]}},{"type":"Feature","properties":{"s":"st-carrer-de-la-mina-de-la-ciutat"},"geometry":{"type":"MultiLineString","coordinates":[[[2.17654,41.44932],[2.17647,41.44892],[2.17588,41.44832],[2.17533,41.448],[2.1729,41.44669]]]}},{"type":"Feature","properties":{"s":"st-carrer-de-la-mineria"},"geometry":{"type":"MultiLineString","coordinates":[[[2.14043,41.36848],[2.14013,41.36726],[2.1396,41.36587]],[[2.13653,41.36364],[2.13756,41.36442],[2.1389,41.36508]]]}},{"type":"Feature","properties":{"s":"st-passatge-de-ministral"},"geometry":{"type":"MultiLineString","coordinates":[[[2.14849,41.41904],[2.14897,41.4189]]]}},{"type":"Feature","properties":{"s":"st-carrer-del-mino"},"geometry":{"type":"MultiLineString","coordinates":[[[2.14029,41.40424],[2.13916,41.40482]]]}},{"type":"Feature","properties":{"s":"st-carrer-de-miquel-i-badia"},"geometry":{"type":"MultiLineString","coordinates":[[[2.16002,41.41395],[2.15868,41.41321]]]}},{"type":"Feature","properties":{"s":"st-carrer-de-mir"},"geometry":{"type":"MultiLineString","coordinates":[[[2.18665,41.43612],[2.1844,41.43661]]]}},{"type":"Feature","properties":{"s":"st-carrer-de-mir-geribert"},"geometry":{"type":"MultiLineString","coordinates":[[[2.14752,41.37383],[2.14732,41.37447]]]}},{"type":"Feature","properties":{"s":"st-carrer-de-mirallers"},"geometry":{"type":"MultiLineString","coordinates":[[[2.18172,41.38378],[2.18093,41.38406],[2.18045,41.38422],[2.1801,41.38439]]]}},{"type":"Feature","properties":{"s":"st-avinguda-de-miramar"},"geometry":{"type":"MultiLineString","coordinates":[[[2.16011,41.36807],[2.16201,41.36889],[2.16287,41.36896],[2.16482,41.36894]],[[2.16482,41.36894],[2.16521,41.36894]],[[2.16482,41.36894],[2.16521,41.36894]],[[2.16521,41.36894],[2.16703,41.36958]],[[2.16703,41.36958],[2.16759,41.36985]],[[2.16703,41.36958],[2.16759,41.36985]],[[2.1701,41.37041],[2.16759,41.36985]]]}},{"type":"Feature","properties":{"s":"st-carretera-de-miramar"},"geometry":{"type":"MultiLineString","coordinates":[[[2.17077,41.37087],[2.17215,41.37064]],[[2.17215,41.37064],[2.17226,41.3703]],[[2.17215,41.37064],[2.17226,41.3703]],[[2.17226,41.3703],[2.17025,41.36467],[2.17247,41.36771]]]}},{"type":"Feature","properties":{"s":"st-passeig-de-miramar"},"geometry":{"type":"MultiLineString","coordinates":[[[2.17,41.37068],[2.16736,41.3708],[2.16558,41.37029]]]}},{"type":"Feature","properties":{"s":"st-carrer-de-mireia"},"geometry":{"type":"MultiLineString","coordinates":[[[2.19028,41.45009],[2.18963,41.45065],[2.18938,41.45157],[2.18943,41.45202],[2.19009,41.45293]]]}},{"type":"Feature","properties":{"s":"st-carrer-de-miret-i-sans"},"geometry":{"type":"MultiLineString","coordinates":[[[2.11261,41.39014],[2.11113,41.39126],[2.1092,41.39276],[2.10612,41.3952]]]}},{"type":"Feature","properties":{"s":"st-carrer-de-modest-urgell"},"geometry":{"type":"MultiLineString","coordinates":[[[2.19089,41.43527],[2.19109,41.43551]],[[2.19173,41.43531],[2.19109,41.43551]],[[2.19109,41.43551],[2.19118,41.4356]]]}},{"type":"Feature","properties":{"s":"st-carrer-de-modolell"},"geometry":{"type":"MultiLineString","coordinates":[[[2.13727,41.3953],[2.13742,41.39634],[2.13738,41.40135],[2.13741,41.40234]]]}},{"type":"Feature","properties":{"s":"st-carrer-del-mogent"},"geometry":{"type":"MultiLineString","coordinates":[[[2.21407,41.41524],[2.21335,41.4158]]]}},{"type":"Feature","properties":{"s":"st-passatge-de-monyarc"},"geometry":{"type":"MultiLineString","coordinates":[[[2.20329,41.40868],[2.20302,41.40885]]]}},{"type":"Feature","properties":{"s":"st-placa-de-molina"},"geometry":{"type":"MultiLineString","coordinates":[[[2.14758,41.40118],[2.1467,41.40099]],[[2.14758,41.40118],[2.14715,41.40146],[2.1467,41.40099]],[[2.14758,41.40118],[2.14708,41.40067],[2.1467,41.40099]]]}},{"type":"Feature","properties":{"s":"st-carrer-de-moline"},"geometry":{"type":"MultiLineString","coordinates":[[[2.14818,41.39813],[2.14772,41.39857]]]}},{"type":"Feature","properties":{"s":"st-carrer-del-moli"},"geometry":{"type":"MultiLineString","coordinates":[[[2.17889,41.4419],[2.18004,41.44318],[2.18146,41.4449],[2.18164,41.44552],[2.1814,41.44635]]]}},{"type":"Feature","properties":{"s":"st-cami-del-moli-de-vallvidrera"},"geometry":{"type":"MultiLineString","coordinates":[[[2.10136,41.41111],[2.09874,41.41193]]]}},{"type":"Feature","properties":{"s":"st-carrer-de-molist"},"geometry":{"type":"MultiLineString","coordinates":[[[2.15685,41.41206],[2.15571,41.41363]]]}},{"type":"Feature","properties":{"s":"st-passeig-de-mollerussa"},"geometry":{"type":"MultiLineString","coordinates":[[[2.20814,41.43911],[2.20261,41.43842]],[[2.20311,41.43825],[2.20418,41.43838],[2.20476,41.43844]]]}},{"type":"Feature","properties":{"s":"st-carrer-d-en-monec"},"geometry":{"type":"MultiLineString","coordinates":[[[2.17797,41.38833],[2.17837,41.38803]]]}},{"type":"Feature","properties":{"s":"st-baixada-del-monestir"},"geometry":{"type":"MultiLineString","coordinates":[[[2.11348,41.39524],[2.11269,41.39593],[2.1125,41.39612],[2.11205,41.39642]]]}},{"type":"Feature","properties":{"s":"st-carrer-del-monestir"},"geometry":{"type":"MultiLineString","coordinates":[[[2.11313,41.39611],[2.11398,41.39678],[2.11567,41.39821]],[[2.11597,41.39847],[2.11698,41.39932]]]}},{"type":"Feature","properties":{"s":"st-placa-del-monestir"},"geometry":{"type":"MultiLineString","coordinates":[[[2.11269,41.39593],[2.11313,41.39611],[2.1125,41.39612],[2.11269,41.39593]]]}},{"type":"Feature","properties":{"s":"st-carrer-dels-moneders"},"geometry":{"type":"MultiLineString","coordinates":[[[2.10915,41.3912],[2.11022,41.39198],[2.11151,41.39255]]]}},{"type":"Feature","properties":{"s":"st-carrer-de-monegal"},"geometry":{"type":"MultiLineString","coordinates":[[[2.14298,41.40731],[2.14327,41.40703],[2.14367,41.40662]]]}},{"type":"Feature","properties":{"s":"st-carrer-dels-montfar"},"geometry":{"type":"MultiLineString","coordinates":[[[2.14923,41.37095],[2.14885,41.37063],[2.14848,41.37046],[2.1479,41.37029]],[[2.14949,41.3708],[2.14984,41.37103]]]}},{"type":"Feature","properties":{"s":"st-carrer-de-les-monges"},"geometry":{"type":"MultiLineString","coordinates":[[[2.188,41.43012],[2.1876,41.43177],[2.18747,41.43232],[2.18746,41.4333],[2.18761,41.43399]]]}},{"type":"Feature","properties":{"s":"st-carrer-de-monjo"},"geometry":{"type":"MultiLineString","coordinates":[[[2.18852,41.38069],[2.18817,41.38155]]]}},{"type":"Feature","properties":{"s":"st-carrer-de-monlau"},"geometry":{"type":"MultiLineString","coordinates":[[[2.19044,41.42457],[2.19054,41.42257]],[[2.19041,41.42499],[2.19034,41.42654]],[[2.19037,41.42489],[2.19039,41.42466]]]}},{"type":"Feature","properties":{"s":"st-carrer-de-montmany"},"geometry":{"type":"MultiLineString","coordinates":[[[2.16116,41.40345],[2.15866,41.40551]]]}},{"type":"Feature","properties":{"s":"st-placa-de-mons"},"geometry":{"type":"MultiLineString","coordinates":[[[2.14491,41.41341],[2.14481,41.41348],[2.14462,41.41344],[2.14457,41.41325],[2.14471,41.41326],[2.14492,41.41336],[2.14491,41.41341]]]}},{"type":"Feature","properties":{"s":"st-carrer-de-montagut"},"geometry":{"type":"MultiLineString","coordinates":[[[2.1681,41.43393],[2.16826,41.43414],[2.16839,41.43436],[2.16875,41.43511]]]}},{"type":"Feature","properties":{"s":"st-carrer-de-montalegre"},"geometry":{"type":"MultiLineString","coordinates":[[[2.16625,41.38448],[2.1675,41.38322],[2.1676,41.38302]]]}},{"type":"Feature","properties":{"s":"st-avinguda-dels-montanyans"},"geometry":{"type":"MultiLineString","coordinates":[[[2.14509,41.367],[2.14627,41.36709],[2.14768,41.36752],[2.15092,41.36808],[2.15291,41.36742],[2.15445,41.36918]]]}},{"type":"Feature","properties":{"s":"st-carrer-de-la-muntanya"},"geometry":{"type":"MultiLineString","coordinates":[[[2.18945,41.41059],[2.18769,41.411],[2.18688,41.41116]],[[2.18242,41.41303],[2.18282,41.41287],[2.1853,41.41177],[2.18601,41.41145]]]}},{"type":"Feature","properties":{"s":"st-rambla-de-la-muntanya"},"geometry":{"type":"MultiLineString","coordinates":[[[2.17404,41.41934],[2.1751,41.42004],[2.17706,41.4212],[2.17871,41.4222],[2.17894,41.42235]]]}},{"type":"Feature","properties":{"s":"st-carrer-de-montanyans"},"geometry":{"type":"MultiLineString","coordinates":[[[2.17984,41.38748],[2.18033,41.38729]]]}},{"type":"Feature","properties":{"s":"st-carrer-de-montcada"},"geometry":{"type":"MultiLineString","coordinates":[[[2.18004,41.38566],[2.18013,41.38558],[2.18048,41.38537],[2.18076,41.38516],[2.18168,41.38456],[2.18189,41.38446]]]}},{"type":"Feature","properties":{"s":"st-placeta-de-montcada"},"geometry":{"type":"MultiLineString","coordinates":[[[2.18259,41.38423],[2.18241,41.38426],[2.18189,41.38446]]]}},{"type":"Feature","properties":{"s":"st-carrer-de-montclar"},"geometry":{"type":"MultiLineString","coordinates":[[[2.11246,41.41052],[2.11311,41.40919],[2.11388,41.40866]]]}},{"type":"Feature","properties":{"s":"st-passeig-d-amunt"},"geometry":{"type":"MultiLineString","coordinates":[[[2.1591,41.40962],[2.16147,41.41087]]]}},{"type":"Feature","properties":{"s":"st-carrer-de-mont-d-orsa"},"geometry":{"type":"MultiLineString","coordinates":[[[2.10427,41.4128],[2.1036,41.41192],[2.10263,41.41036],[2.10197,41.40894]],[[2.10129,41.40724],[2.10171,41.40796],[2.10197,41.40894]],[[2.10197,41.40894],[2.10129,41.40831]]]}},{"type":"Feature","properties":{"s":"st-passatge-del-mont-de-pietat"},"geometry":{"type":"MultiLineString","coordinates":[[[2.17896,41.41552],[2.17935,41.41588]]]}},{"type":"Feature","properties":{"s":"st-carrer-de-montecassino"},"geometry":{"type":"MultiLineString","coordinates":[[[2.14204,41.40151],[2.14173,41.402]]]}},{"type":"Feature","properties":{"s":"st-carrer-del-turo-de-monterols"},"geometry":{"type":"MultiLineString","coordinates":[[[2.14173,41.402],[2.14222,41.4022],[2.14332,41.4027]]]}},{"type":"Feature","properties":{"s":"st-carrer-de-monterols"},"geometry":{"type":"MultiLineString","coordinates":[[[2.12084,41.39626],[2.12222,41.39698]]]}},{"type":"Feature","properties":{"s":"st-carrer-de-montsio"},"geometry":{"type":"MultiLineString","coordinates":[[[2.17466,41.38602],[2.17432,41.3859],[2.17375,41.38574],[2.17324,41.3855]]]}},{"type":"Feature","properties":{"s":"st-carrer-de-montevideo"},"geometry":{"type":"MultiLineString","coordinates":[[[2.10914,41.39452],[2.10812,41.39379]],[[2.10988,41.39509],[2.111,41.39587],[2.11205,41.39642],[2.11313,41.39726],[2.11339,41.3974],[2.11409,41.39831],[2.11405,41.39926],[2.11395,41.39987],[2.11422,41.4013]]]}},{"type":"Feature","properties":{"s":"st-carretera-de-montjuic"},"geometry":{"type":"MultiLineString","coordinates":[[[2.16937,41.37178],[2.16932,41.37156],[2.17153,41.37117]],[[2.16716,41.36423],[2.16758,41.36583],[2.16786,41.36673],[2.16887,41.3683],[2.16902,41.36972],[2.17078,41.37035]]]}},{"type":"Feature","properties":{"s":"st-passeig-de-montjuic"},"geometry":{"type":"MultiLineString","coordinates":[[[2.16696,41.37201],[2.16937,41.37178],[2.17041,41.37206],[2.1715,41.3723],[2.17197,41.37235],[2.17285,41.37232],[2.17357,41.37217],[2.17447,41.37185]]]}},{"type":"Feature","properties":{"s":"st-carrer-de-montjuic-del-carme"},"geometry":{"type":"MultiLineString","coordinates":[[[2.17052,41.3824],[2.16985,41.38295]]]}},{"type":"Feature","properties":{"s":"st-carrer-de-montjuic-del-bisbe"},"geometry":{"type":"MultiLineString","coordinates":[[[2.17579,41.38373],[2.17509,41.3835]]]}},{"type":"Feature","properties":{"s":"st-carrer-de-montmajor"},"geometry":{"type":"MultiLineString","coordinates":[[[2.16998,41.43144],[2.17111,41.4331]]]}},{"type":"Feature","properties":{"s":"st-carrer-del-montnegre"},"geometry":{"type":"MultiLineString","coordinates":[[[2.13764,41.38629],[2.13815,41.38685],[2.13865,41.38729],[2.13888,41.38745],[2.1397,41.38818],[2.14002,41.38845]],[[2.14068,41.38905],[2.14022,41.38864]]]}},{"type":"Feature","properties":{"s":"st-carrer-de-montornes"},"geometry":{"type":"MultiLineString","coordinates":[[[2.14422,41.41655],[2.14344,41.41699],[2.14278,41.41741],[2.14267,41.41829],[2.14325,41.41887],[2.14355,41.41922]]]}},{"type":"Feature","properties":{"s":"st-passatge-de-montornes"},"geometry":{"type":"MultiLineString","coordinates":[[[2.14344,41.41699],[2.14325,41.41887]]]}},{"type":"Feature","properties":{"s":"st-carrer-de-montpeller"},"geometry":{"type":"MultiLineString","coordinates":[[[2.18806,41.43476],[2.1856,41.43487]]]}},{"type":"Feature","properties":{"s":"st-carrer-de-mont-ral"},"geometry":{"type":"MultiLineString","coordinates":[[[2.16154,41.43992],[2.16283,41.43835],[2.16364,41.43787]]]}},{"type":"Feature","properties":{"s":"st-carrer-de-mont-roig"},"geometry":{"type":"MultiLineString","coordinates":[[[2.14855,41.40608],[2.14959,41.40507]]]}},{"type":"Feature","properties":{"s":"st-carrer-de-mont-ros"},"geometry":{"type":"MultiLineString","coordinates":[[[2.1364,41.37381],[2.13576,41.37362]]]}},{"type":"Feature","properties":{"s":"st-carrer-del-montsant"},"geometry":{"type":"MultiLineString","coordinates":[[[2.17241,41.43253],[2.17042,41.43341],[2.16913,41.43402]]]}},{"type":"Feature","properties":{"s":"st-carrer-del-montsec"},"geometry":{"type":"MultiLineString","coordinates":[[[2.18861,41.43315],[2.18593,41.43349]]]}},{"type":"Feature","properties":{"s":"st-carrer-del-montseny"},"geometry":{"type":"MultiLineString","coordinates":[[[2.15366,41.40137],[2.15489,41.40201],[2.15634,41.40289]]]}},{"type":"Feature","properties":{"s":"st-carrer-de-montserrat"},"geometry":{"type":"MultiLineString","coordinates":[[[2.17451,41.37752],[2.17576,41.3766]]]}},{"type":"Feature","properties":{"s":"st-placeta-de-montserrat"},"geometry":{"type":"MultiLineString","coordinates":[[[2.14934,41.41734],[2.14946,41.41738],[2.14956,41.41725]]]}},{"type":"Feature","properties":{"s":"st-carrer-de-montserrat-de-casanovas"},"geometry":{"type":"MultiLineString","coordinates":[[[2.16969,41.42302],[2.16926,41.42343],[2.16775,41.42407],[2.16534,41.42373],[2.16357,41.42349],[2.16245,41.42332],[2.1623,41.42243],[2.16137,41.42227],[2.15912,41.42132]]]}},{"type":"Feature","properties":{"s":"st-carrer-de-la-muntanya-de-montserrat"},"geometry":{"type":"MultiLineString","coordinates":[[[2.16368,41.41919],[2.16371,41.41948]]]}},{"type":"Feature","properties":{"s":"st-carrer-de-monturiol"},"geometry":{"type":"MultiLineString","coordinates":[[[2.1912,41.41082],[2.19162,41.41052],[2.19234,41.41019],[2.19351,41.40927]]]}},{"type":"Feature","properties":{"s":"st-cami-de-can-mora"},"geometry":{"type":"MultiLineString","coordinates":[[[2.1527,41.41682],[2.15115,41.41761]]]}},{"type":"Feature","properties":{"s":"st-carrer-de-mora-d-ebre"},"geometry":{"type":"MultiLineString","coordinates":[[[2.1502,41.42029],[2.14967,41.41932],[2.14913,41.4184],[2.14829,41.41688],[2.1478,41.41594],[2.14761,41.41512],[2.14761,41.41446]]]}},{"type":"Feature","properties":{"s":"st-carrer-de-mora-la-nova"},"geometry":{"type":"MultiLineString","coordinates":[[[2.14967,41.41932],[2.15109,41.41913]]]}},{"type":"Feature","properties":{"s":"st-carrer-dels-morabos"},"geometry":{"type":"MultiLineString","coordinates":[[[2.14923,41.37095],[2.14851,41.37152],[2.14772,41.3721]]]}},{"type":"Feature","properties":{"s":"st-carrer-de-moragas"},"geometry":{"type":"MultiLineString","coordinates":[[[2.1378,41.40838],[2.13724,41.40837],[2.13648,41.40786],[2.13586,41.4073]]]}},{"type":"Feature","properties":{"s":"st-carrer-de-morales"},"geometry":{"type":"MultiLineString","coordinates":[[[2.14162,41.38763],[2.14025,41.38847]],[[2.14,41.38861],[2.13912,41.38918]]]}},{"type":"Feature","properties":{"s":"st-carrer-de-moratin"},"geometry":{"type":"MultiLineString","coordinates":[[[2.15152,41.42394],[2.15213,41.42446],[2.15443,41.42544]]]}},{"type":"Feature","properties":{"s":"st-carrer-de-morato"},"geometry":{"type":"MultiLineString","coordinates":[[[2.14947,41.42163],[2.14831,41.42089],[2.14762,41.42029]]]}},{"type":"Feature","properties":{"s":"st-carrer-del-morell"},"geometry":{"type":"MultiLineString","coordinates":[[[2.14278,41.41741],[2.14248,41.4173],[2.14196,41.41713]]]}},{"type":"Feature","properties":{"s":"st-passatge-de-morenes"},"geometry":{"type":"MultiLineString","coordinates":[[[2.2059,41.4112],[2.20637,41.41154]]]}},{"type":"Feature","properties":{"s":"st-carrer-de-la-morera"},"geometry":{"type":"MultiLineString","coordinates":[[[2.172,41.38088],[2.17164,41.38141],[2.1715,41.38158]]]}},{"type":"Feature","properties":{"s":"st-carrer-de-les-mosques"},"geometry":{"type":"MultiLineString","coordinates":[[[2.18264,41.38511],[2.1824,41.38476],[2.18208,41.38439]]]}},{"type":"Feature","properties":{"s":"st-torrent-del-rovello"},"geometry":{"type":"MultiLineString","coordinates":[[[2.09694,41.4193],[2.09606,41.41883],[2.09453,41.41825],[2.09471,41.41783]]]}},{"type":"Feature","properties":{"s":"st-placa-de-mossen-clapes"},"geometry":{"type":"MultiLineString","coordinates":[[[2.18748,41.44207],[2.18827,41.44198],[2.18831,41.44144],[2.18737,41.44149],[2.18748,41.44207]],[[2.18748,41.44207],[2.1863,41.44223]]]}},{"type":"Feature","properties":{"s":"st-carrer-de-mossen-vives"},"geometry":{"type":"MultiLineString","coordinates":[[[2.13014,41.40961],[2.12864,41.41033]]]}},{"type":"Feature","properties":{"s":"st-carrer-dels-motors"},"geometry":{"type":"MultiLineString","coordinates":[[[2.15105,41.35292],[2.14747,41.35163],[2.14567,41.351],[2.13964,41.34894],[2.13798,41.34839],[2.13738,41.34886],[2.13632,41.34782],[2.12777,41.34487]]]}},{"type":"Feature","properties":{"s":"st-carrer-de-la-democracia"},"geometry":{"type":"MultiLineString","coordinates":[[[2.19327,41.40898],[2.19199,41.40995]]]}},{"type":"Feature","properties":{"s":"st-carrer-del-moianes"},"geometry":{"type":"MultiLineString","coordinates":[[[2.14256,41.37526],[2.14251,41.37378],[2.14245,41.37268],[2.14244,41.3722],[2.1424,41.37147],[2.14235,41.36994]]]}},{"type":"Feature","properties":{"s":"st-carrer-de-mozart"},"geometry":{"type":"MultiLineString","coordinates":[[[2.15764,41.39989],[2.15819,41.3994],[2.15874,41.39883]]]}},{"type":"Feature","properties":{"s":"st-carrer-de-muhlberg"},"geometry":{"type":"MultiLineString","coordinates":[[[2.16383,41.41879],[2.16094,41.41819],[2.15741,41.41825]]]}},{"type":"Feature","properties":{"s":"st-passatge-de-la-mulassa"},"geometry":{"type":"MultiLineString","coordinates":[[[2.16329,41.42102],[2.16306,41.42159]]]}},{"type":"Feature","properties":{"s":"st-passatge-de-mulet"},"geometry":{"type":"MultiLineString","coordinates":[[[2.14914,41.40208],[2.14988,41.40264]]]}},{"type":"Feature","properties":{"s":"st-carrer-del-municipi"},"geometry":{"type":"MultiLineString","coordinates":[[[2.19174,41.40909],[2.19018,41.4093]]]}},{"type":"Feature","properties":{"s":"st-carrer-de-munne"},"geometry":{"type":"MultiLineString","coordinates":[[[2.12328,41.37565],[2.12324,41.37484]]]}},{"type":"Feature","properties":{"s":"st-carrer-de-munner"},"geometry":{"type":"MultiLineString","coordinates":[[[2.12996,41.40579],[2.1287,41.40509]]]}},{"type":"Feature","properties":{"s":"st-carrer-de-muntadas"},"geometry":{"type":"MultiLineString","coordinates":[[[2.13979,41.37644],[2.14255,41.37664]]]}},{"type":"Feature","properties":{"s":"st-carrer-de-muntaner"},"geometry":{"type":"MultiLineString","coordinates":[[[2.14809,41.39517],[2.14521,41.39736],[2.14464,41.39777],[2.14322,41.39887],[2.14052,41.40087],[2.13958,41.40159],[2.13791,41.40281],[2.13496,41.40546],[2.13381,41.40608]]]}},{"type":"Feature","properties":{"s":"st-carrer-de-muntanyola"},"geometry":{"type":"MultiLineString","coordinates":[[[2.14838,41.44086],[2.14866,41.44111]]]}},{"type":"Feature","properties":{"s":"st-carrer-mur"},"geometry":{"type":"MultiLineString","coordinates":[[[2.20781,41.43722],[2.20796,41.43657]]]}},{"type":"Feature","properties":{"s":"st-carrer-de-mura"},"geometry":{"type":"MultiLineString","coordinates":[[[2.14755,41.43973],[2.14811,41.44003],[2.14871,41.44029],[2.14885,41.44055]]]}},{"type":"Feature","properties":{"s":"st-carrer-de-murcia"},"geometry":{"type":"MultiLineString","coordinates":[[[2.19127,41.41707],[2.18789,41.41454],[2.1869,41.41398]]]}},{"type":"Feature","properties":{"s":"st-carrer-de-muret"},"geometry":{"type":"MultiLineString","coordinates":[[[2.21208,41.41881],[2.2114,41.41931]]]}},{"type":"Feature","properties":{"s":"st-carrer-de-murillo"},"geometry":{"type":"MultiLineString","coordinates":[[[2.16259,41.37291],[2.16147,41.37315]]]}},{"type":"Feature","properties":{"s":"st-carrer-de-la-murtra"},"geometry":{"type":"MultiLineString","coordinates":[[[2.15059,41.42419],[2.15152,41.42394],[2.15324,41.42251],[2.15441,41.42149],[2.15465,41.42127],[2.15534,41.42072],[2.15633,41.41976]]]}},{"type":"Feature","properties":{"s":"st-carrer-de-la-musica"},"geometry":{"type":"MultiLineString","coordinates":[[[2.14279,41.43144],[2.14138,41.43181]]]}},{"type":"Feature","properties":{"s":"st-carrer-de-les-muses"},"geometry":{"type":"MultiLineString","coordinates":[[[2.14337,41.43279],[2.14355,41.43317],[2.14383,41.43403]]]}},{"type":"Feature","properties":{"s":"st-carrer-de-musitu"},"geometry":{"type":"MultiLineString","coordinates":[[[2.14044,41.4051],[2.14033,41.40765]]]}},{"type":"Feature","properties":{"s":"st-carrer-de-la-nacio"},"geometry":{"type":"MultiLineString","coordinates":[[[2.18134,41.41491],[2.18198,41.41461],[2.18455,41.41334],[2.18522,41.41303],[2.18687,41.41219]]]}},{"type":"Feature","properties":{"s":"st-passeig-de-joan-de-borbo-comte-de-barcelona"},"geometry":{"type":"MultiLineString","coordinates":[[[2.18959,41.3756],[2.18935,41.37555]],[[2.18664,41.38179],[2.18687,41.38126],[2.18715,41.38039],[2.18875,41.37636],[2.1889,41.37545],[2.18817,41.37381],[2.18759,41.37037],[2.18738,41.36816]]]}},{"type":"Feature","properties":{"s":"st-carrer-de-nadal"},"geometry":{"type":"MultiLineString","coordinates":[[[2.188,41.43012],[2.18828,41.42899]],[[2.18837,41.42861],[2.18828,41.42899]],[[2.18837,41.42861],[2.18872,41.42865],[2.18863,41.42903],[2.18828,41.42899]],[[2.18837,41.42861],[2.18843,41.42829]]]}},{"type":"Feature","properties":{"s":"st-placa-de-nadal"},"geometry":{"type":"MultiLineString","coordinates":[[[2.18837,41.42861],[2.18872,41.42865],[2.18863,41.42903],[2.18828,41.42899]]]}},{"type":"Feature","properties":{"s":"st-carrer-de-naim"},"geometry":{"type":"MultiLineString","coordinates":[[[2.13948,41.42596],[2.13837,41.42595],[2.13766,41.42586]]]}},{"type":"Feature","properties":{"s":"st-carrer-de-la-nau-santa-maria"},"geometry":{"type":"MultiLineString","coordinates":[[[2.13134,41.39092],[2.13271,41.39137],[2.13118,41.39108]]]}},{"type":"Feature","properties":{"s":"st-passatge-de-napoleo"},"geometry":{"type":"MultiLineString","coordinates":[[[2.15012,41.40844],[2.15029,41.40962]]]}},{"type":"Feature","properties":{"s":"st-carrer-de-napols"},"geometry":{"type":"MultiLineString","coordinates":[[[2.16864,41.40353],[2.16753,41.40439],[2.1664,41.40521],[2.16516,41.40596]],[[2.18457,41.39146],[2.18572,41.3906]]]}},{"type":"Feature","properties":{"s":"st-carrer-de-narbona"},"geometry":{"type":"MultiLineString","coordinates":[[[2.2119,41.42038],[2.21237,41.42004],[2.21304,41.41952]]]}},{"type":"Feature","properties":{"s":"st-placa-de-narcisa-freixas"},"geometry":{"type":"MultiLineString","coordinates":[[[2.1378,41.40838],[2.13833,41.40838],[2.13788,41.4082],[2.1378,41.40838]]]}},{"type":"Feature","properties":{"s":"st-carrer-de-la-nau"},"geometry":{"type":"MultiLineString","coordinates":[[[2.18142,41.38266],[2.18116,41.38267],[2.18056,41.38312],[2.18017,41.38326]]]}},{"type":"Feature","properties":{"s":"st-carrer-de-navarra"},"geometry":{"type":"MultiLineString","coordinates":[[[2.13962,41.37095],[2.14019,41.37072],[2.14074,41.37038]]]}},{"type":"Feature","properties":{"s":"st-carrer-de-navarro-i-reverter"},"geometry":{"type":"MultiLineString","coordinates":[[[2.10545,41.4145],[2.10857,41.4154]]]}},{"type":"Feature","properties":{"s":"st-carrer-de-las-navas-de-tolosa"},"geometry":{"type":"MultiLineString","coordinates":[[[2.18107,41.41966],[2.18335,41.41794],[2.18441,41.41715],[2.18689,41.41528],[2.18759,41.41478],[2.18899,41.41369],[2.19015,41.41283],[2.19128,41.41197]]]}},{"type":"Feature","properties":{"s":"st-carrer-de-navata"},"geometry":{"type":"MultiLineString","coordinates":[[[2.13885,41.42057],[2.13817,41.41991],[2.13764,41.41944],[2.13743,41.41923],[2.13664,41.41884]]]}},{"type":"Feature","properties":{"s":"st-carrer-de-natzaret"},"geometry":{"type":"MultiLineString","coordinates":[[[2.14047,41.42114],[2.13944,41.42221],[2.13858,41.42333],[2.1378,41.42395],[2.13736,41.42507],[2.13649,41.42574]],[[2.13566,41.42734],[2.13638,41.42739],[2.13709,41.42775],[2.1386,41.42993]],[[2.13649,41.42574],[2.1353,41.42692],[2.1353,41.42717]],[[2.13649,41.42574],[2.13736,41.42552]]]}},{"type":"Feature","properties":{"s":"st-carrer-de-les-nebuloses"},"geometry":{"type":"MultiLineString","coordinates":[[[2.09822,41.432],[2.09789,41.42987],[2.09825,41.42946],[2.1,41.43006],[2.10089,41.42983]]]}},{"type":"Feature","properties":{"s":"st-passatge-del-negociant"},"geometry":{"type":"MultiLineString","coordinates":[[[2.09905,41.41183],[2.10121,41.41223]],[[2.10344,41.41238],[2.10161,41.41189]]]}},{"type":"Feature","properties":{"s":"st-carrer-de-negrell"},"geometry":{"type":"MultiLineString","coordinates":[[[2.14565,41.35656],[2.14495,41.35698]]]}},{"type":"Feature","properties":{"s":"st-carrer-de-negrevernis"},"geometry":{"type":"MultiLineString","coordinates":[[[2.11985,41.39851],[2.12089,41.39904],[2.12131,41.39924]]]}},{"type":"Feature","properties":{"s":"st-carrer-de-la-nena-casas"},"geometry":{"type":"MultiLineString","coordinates":[[[2.13263,41.39397],[2.12926,41.39748],[2.12905,41.39778]]]}},{"type":"Feature","properties":{"s":"st-carrer-de-neopatria"},"geometry":{"type":"MultiLineString","coordinates":[[[2.18861,41.43315],[2.18876,41.43185],[2.18878,41.4315],[2.18882,41.43115],[2.18909,41.43009],[2.18954,41.42913],[2.1902,41.42777]]]}},{"type":"Feature","properties":{"s":"st-carrer-de-neptu"},"geometry":{"type":"MultiLineString","coordinates":[[[2.15362,41.39869],[2.15451,41.39793],[2.15528,41.3971]]]}},{"type":"Feature","properties":{"s":"st-placa-de-neptu"},"geometry":{"type":"MultiLineString","coordinates":[[[2.16011,41.36807],[2.15979,41.36787]]]}},{"type":"Feature","properties":{"s":"st-carrer-del-nerbion"},"geometry":{"type":"MultiLineString","coordinates":[[[2.14097,41.36498],[2.14147,41.365]]]}},{"type":"Feature","properties":{"s":"st-carrer-de-la-neu-de-sant-cugat"},"geometry":{"type":"MultiLineString","coordinates":[[[2.1801,41.38633],[2.18076,41.38603]]]}},{"type":"Feature","properties":{"s":"st-carrer-de-nicaragua"},"geometry":{"type":"MultiLineString","coordinates":[[[2.14035,41.38394],[2.13764,41.38629],[2.13629,41.3875]]]}},{"type":"Feature","properties":{"s":"st-carrer-de-nicolau-de-sant-climent"},"geometry":{"type":"MultiLineString","coordinates":[[[2.18089,41.38358],[2.18099,41.38378]]]}},{"type":"Feature","properties":{"s":"st-carrer-del-nil"},"geometry":{"type":"MultiLineString","coordinates":[[[2.17134,41.43356],[2.17155,41.43381],[2.1723,41.43493]]]}},{"type":"Feature","properties":{"s":"st-passatge-del-nil"},"geometry":{"type":"MultiLineString","coordinates":[[[2.17155,41.43381],[2.17105,41.4344]]]}},{"type":"Feature","properties":{"s":"st-carrer-de-nil-fabra"},"geometry":{"type":"MultiLineString","coordinates":[[[2.15062,41.40555],[2.15239,41.40638]]]}},{"type":"Feature","properties":{"s":"st-carrer-de-ninive"},"geometry":{"type":"MultiLineString","coordinates":[[[2.13921,41.4265],[2.13936,41.42682]]]}},{"type":"Feature","properties":{"s":"st-carrer-de-nica"},"geometry":{"type":"MultiLineString","coordinates":[[[2.16882,41.4137],[2.17006,41.41441]]]}},{"type":"Feature","properties":{"s":"st-carrer-de-nobel"},"geometry":{"type":"MultiLineString","coordinates":[[[2.18994,41.42332],[2.18885,41.42333]]]}},{"type":"Feature","properties":{"s":"st-carrer-de-la-noguera-pallaresa"},"geometry":{"type":"MultiLineString","coordinates":[[[2.13612,41.37134],[2.13805,41.37198]],[[2.13889,41.37226],[2.14007,41.37265]],[[2.14144,41.37308],[2.14111,41.373]]]}},{"type":"Feature","properties":{"s":"st-carrer-de-la-noguera-ribagorcana"},"geometry":{"type":"MultiLineString","coordinates":[[[2.14195,41.37247],[2.14153,41.3728],[2.14144,41.37308]]]}},{"type":"Feature","properties":{"s":"st-passatge-de-nogues"},"geometry":{"type":"MultiLineString","coordinates":[[[2.16658,41.40775],[2.16477,41.40933]]]}},{"type":"Feature","properties":{"s":"st-carrer-del-nord"},"geometry":{"type":"MultiLineString","coordinates":[[[2.14851,41.37152],[2.14792,41.37122],[2.14734,41.371]]]}},{"type":"Feature","properties":{"s":"st-placa-del-nord"},"geometry":{"type":"MultiLineString","coordinates":[[[2.15522,41.40684],[2.15535,41.40672],[2.15588,41.407],[2.15565,41.40725],[2.15511,41.40697],[2.15522,41.40684]]]}},{"type":"Feature","properties":{"s":"st-carrer-del-notariat"},"geometry":{"type":"MultiLineString","coordinates":[[[2.16942,41.38271],[2.16871,41.38342]]]}},{"type":"Feature","properties":{"s":"st-torrent-de-cal-notari"},"geometry":{"type":"MultiLineString","coordinates":[[[2.15177,41.43999],[2.14964,41.4406],[2.14866,41.44111],[2.14557,41.44164]]]}},{"type":"Feature","properties":{"s":"st-carrer-dels-nou-pins"},"geometry":{"type":"MultiLineString","coordinates":[[[2.18248,41.44351],[2.18187,41.44381],[2.18205,41.44403],[2.18275,41.44383]],[[2.18248,41.44351],[2.18121,41.44194]],[[2.18248,41.44351],[2.18275,41.44383]],[[2.18275,41.44383],[2.18368,41.44498],[2.18393,41.44588]]]}},{"type":"Feature","properties":{"s":"st-carrer-de-novell"},"geometry":{"type":"MultiLineString","coordinates":[[[2.13618,41.38445],[2.13558,41.38424],[2.13498,41.38401],[2.13423,41.38363],[2.13061,41.38264]]]}},{"type":"Feature","properties":{"s":"st-carrer-de-novelles"},"geometry":{"type":"MultiLineString","coordinates":[[[2.20765,41.4372],[2.20726,41.439]]]}},{"type":"Feature","properties":{"s":"st-carrer-de-la-mare-de-deu-dels-angels"},"geometry":{"type":"MultiLineString","coordinates":[[[2.1507,41.42336],[2.15001,41.42266],[2.14782,41.42161],[2.14676,41.42121],[2.14398,41.42015]]]}},{"type":"Feature","properties":{"s":"st-carrer-de-la-mare-de-deu-del-coll"},"geometry":{"type":"MultiLineString","coordinates":[[[2.14682,41.41361],[2.14691,41.41316],[2.14707,41.41272],[2.14688,41.41184],[2.14716,41.41143],[2.15012,41.40844],[2.15077,41.40786]]]}},{"type":"Feature","properties":{"s":"st-passeig-de-la-mare-de-deu-del-coll"},"geometry":{"type":"MultiLineString","coordinates":[[[2.1507,41.42336],[2.15105,41.42376]],[[2.15246,41.42511],[2.15182,41.4247],[2.15122,41.42402],[2.15105,41.42376]],[[2.14481,41.41348],[2.14468,41.41414],[2.14496,41.41474],[2.14536,41.41498],[2.14612,41.41536],[2.1468,41.41573],[2.14733,41.41717],[2.14782,41.41821],[2.14849,41.41904],[2.14894,41.42003],[2.14929,41.42035],[2.14977,41.42096],[2.15065,41.42189],[2.15095,41.42243],[2.151,41.42272],[2.15105,41.42376]]]}},{"type":"Feature","properties":{"s":"st-avinguda-de-la-mare-de-deu-de-lorda"},"geometry":{"type":"MultiLineString","coordinates":[[[2.10593,41.3963],[2.10825,41.39687],[2.10899,41.39694],[2.10936,41.39708],[2.10979,41.39625],[2.11085,41.39576]]]}},{"type":"Feature","properties":{"s":"st-carrer-de-conrad-xalabarder"},"geometry":{"type":"MultiLineString","coordinates":[[[2.10899,41.39694],[2.10822,41.39781]]]}},{"type":"Feature","properties":{"s":"st-cami-de-la-mare-de-deu-de-lorda"},"geometry":{"type":"MultiLineString","coordinates":[[[2.10417,41.4009],[2.10518,41.40064],[2.10936,41.39708]]]}},{"type":"Feature","properties":{"s":"st-carrer-de-la-mare-de-deu-de-les-neus"},"geometry":{"type":"MultiLineString","coordinates":[[[2.17095,41.42872],[2.16831,41.42916]]]}},{"type":"Feature","properties":{"s":"st-carrer-de-les-coves-d-en-cimany"},"geometry":{"type":"MultiLineString","coordinates":[[[2.1523,41.41831],[2.15243,41.41897],[2.15273,41.42106]]]}},{"type":"Feature","properties":{"s":"st-carrer-de-la-mare-de-deu-de-port"},"geometry":{"type":"MultiLineString","coordinates":[[[2.1396,41.36587],[2.1389,41.36508],[2.13957,41.3633],[2.13988,41.36099],[2.14012,41.36077],[2.14206,41.3596],[2.14358,41.35799],[2.14417,41.35676],[2.14512,41.35613],[2.14633,41.35543]],[[2.14565,41.35656],[2.14602,41.35634],[2.14633,41.35543]],[[2.15105,41.35292],[2.15244,41.3521],[2.15345,41.35166]],[[2.15105,41.35292],[2.14633,41.35543]],[[2.15105,41.35292],[2.14633,41.35543]],[[2.15885,41.35207],[2.15777,41.35203]],[[2.15468,41.35147],[2.15594,41.35191],[2.15701,41.35226]]]}},{"type":"Feature","properties":{"s":"st-carrer-de-la-mare-de-deu-del-remei"},"geometry":{"type":"MultiLineString","coordinates":[[[2.15518,41.37287],[2.15593,41.37294],[2.15838,41.37301],[2.15972,41.37291]]]}},{"type":"Feature","properties":{"s":"st-carrer-de-la-mare-de-deu-dels-reis"},"geometry":{"type":"MultiLineString","coordinates":[[[2.14571,41.41313],[2.14492,41.41336]]]}},{"type":"Feature","properties":{"s":"st-carrer-del-pollancre"},"geometry":{"type":"MultiLineString","coordinates":[[[2.08991,41.42635],[2.0896,41.4276]]]}},{"type":"Feature","properties":{"s":"st-placa-nova"},"geometry":{"type":"MultiLineString","coordinates":[[[2.17529,41.3841],[2.17504,41.38416],[2.17499,41.38433],[2.17517,41.38441]]]}},{"type":"Feature","properties":{"s":"st-carrer-nou-de-porta"},"geometry":{"type":"MultiLineString","coordinates":[[[2.17581,41.43263],[2.175,41.43218],[2.17409,41.43168]]]}},{"type":"Feature","properties":{"s":"st-carrer-nou-de-sant-francesc"},"geometry":{"type":"MultiLineString","coordinates":[[[2.1764,41.37966],[2.1771,41.37915],[2.1785,41.37825]]]}},{"type":"Feature","properties":{"s":"st-carrer-nou-de-santa-eulalia"},"geometry":{"type":"MultiLineString","coordinates":[[[2.11834,41.40284],[2.11894,41.40342]]]}},{"type":"Feature","properties":{"s":"st-carrer-nou-de-zurbano"},"geometry":{"type":"MultiLineString","coordinates":[[[2.17604,41.37927],[2.17539,41.37966]]]}},{"type":"Feature","properties":{"s":"st-carrer-de-numancia"},"geometry":{"type":"MultiLineString","coordinates":[[[2.14022,41.38217],[2.13996,41.38242],[2.13906,41.3832],[2.13814,41.38405],[2.13585,41.38628],[2.13519,41.38688],[2.13341,41.38873],[2.13261,41.38962],[2.13151,41.39073],[2.13134,41.39092]],[[2.12992,41.39251],[2.13118,41.39108]],[[2.13134,41.39092],[2.13118,41.39108]],[[2.13134,41.39092],[2.13271,41.39137],[2.13118,41.39108]]]}},{"type":"Feature","properties":{"s":"st-carrer-de-l-estartit"},"geometry":{"type":"MultiLineString","coordinates":[[[2.20223,41.42082],[2.20314,41.42142]]]}},{"type":"Feature","properties":{"s":"st-carrer-d-eduard-fontsere"},"geometry":{"type":"MultiLineString","coordinates":[[[2.12936,41.41651],[2.12899,41.41477]]]}},{"type":"Feature","properties":{"s":"st-carrer-numero-34-zona-franca"},"geometry":{"type":"MultiLineString","coordinates":[[[2.13576,41.34763],[2.1351,41.34858]]]}},{"type":"Feature","properties":{"s":"st-placa-de-joaquim-folguera"},"geometry":{"type":"MultiLineString","coordinates":[[[2.13965,41.40505],[2.13906,41.40594],[2.13828,41.40571],[2.13869,41.40558],[2.13965,41.40505]]]}},{"type":"Feature","properties":{"s":"st-carrer-d-en-panxampla"},"geometry":{"type":"MultiLineString","coordinates":[[[2.10276,41.41309],[2.10277,41.41352]],[[2.10277,41.41402],[2.10277,41.41442]]]}},{"type":"Feature","properties":{"s":"st-carrer-del-bisbe-cacador"},"geometry":{"type":"MultiLineString","coordinates":[[[2.17849,41.38293],[2.17876,41.38313]]]}},{"type":"Feature","properties":{"s":"st-carrer-del-bisbe-catala"},"geometry":{"type":"MultiLineString","coordinates":[[[2.11483,41.39631],[2.11616,41.39751]],[[2.11483,41.39631],[2.11378,41.3955]],[[2.11483,41.39631],[2.11378,41.3955]],[[2.11378,41.3955],[2.11348,41.39524],[2.11323,41.39495]]]}},{"type":"Feature","properties":{"s":"st-carrer-del-bisbe"},"geometry":{"type":"MultiLineString","coordinates":[[[2.17529,41.3841],[2.17579,41.38373],[2.17621,41.38343],[2.177,41.38291]]]}},{"type":"Feature","properties":{"s":"st-carrer-del-bisbe-sivilla"},"geometry":{"type":"MultiLineString","coordinates":[[[2.13336,41.40367],[2.13448,41.40414],[2.13496,41.40454],[2.13548,41.40501],[2.1364,41.40579]]]}},{"type":"Feature","properties":{"s":"st-carrer-d-obradors"},"geometry":{"type":"MultiLineString","coordinates":[[[2.17675,41.37997],[2.17749,41.37948]]]}},{"type":"Feature","properties":{"s":"st-carretera-de-l-observatori-fabra"},"geometry":{"type":"MultiLineString","coordinates":[[[2.11959,41.41968],[2.12359,41.41878]]]}},{"type":"Feature","properties":{"s":"st-carrer-d-ocata"},"geometry":{"type":"MultiLineString","coordinates":[[[2.18454,41.38407],[2.18557,41.38357]]]}},{"type":"Feature","properties":{"s":"st-carrer-d-ogassa"},"geometry":{"type":"MultiLineString","coordinates":[[[2.1659,41.43584],[2.16771,41.43566]]]}},{"type":"Feature","properties":{"s":"st-carrer-d-ojeda"},"geometry":{"type":"MultiLineString","coordinates":[[[2.17342,41.44788],[2.17319,41.44849]]]}},{"type":"Feature","properties":{"s":"st-placa-d-olerdola"},"geometry":{"type":"MultiLineString","coordinates":[[[2.14355,41.41922],[2.14325,41.41946],[2.14355,41.41922]]]}},{"type":"Feature","properties":{"s":"st-carrer-d-olesa"},"geometry":{"type":"MultiLineString","coordinates":[[[2.18161,41.42004],[2.18224,41.42049],[2.18334,41.42132],[2.18558,41.42299],[2.18574,41.42388],[2.18655,41.42494]]]}},{"type":"Feature","properties":{"s":"st-carrer-de-l-oli"},"geometry":{"type":"MultiLineString","coordinates":[[[2.1787,41.38492],[2.17855,41.38482],[2.17835,41.38471]]]}},{"type":"Feature","properties":{"s":"st-carrer-d-oliana"},"geometry":{"type":"MultiLineString","coordinates":[[[2.1488,41.39922],[2.147,41.39813]]]}},{"type":"Feature","properties":{"s":"st-passeig-olimpic"},"geometry":{"type":"MultiLineString","coordinates":[[[2.15169,41.36027],[2.15683,41.36285],[2.15727,41.36557],[2.15643,41.36625]]]}},{"type":"Feature","properties":{"s":"st-passatge-d-olive"},"geometry":{"type":"MultiLineString","coordinates":[[[2.20555,41.40635],[2.20441,41.40549]]]}},{"type":"Feature","properties":{"s":"st-passatge-d-olive-i-maristany"},"geometry":{"type":"MultiLineString","coordinates":[[[2.20563,41.40543],[2.20497,41.40592]]]}},{"type":"Feature","properties":{"s":"st-passatge-de-camil-oliveras"},"geometry":{"type":"MultiLineString","coordinates":[[[2.16069,41.4109],[2.16028,41.41133],[2.16003,41.41156]]]}},{"type":"Feature","properties":{"s":"st-carrer-de-l-om"},"geometry":{"type":"MultiLineString","coordinates":[[[2.17126,41.37621],[2.17315,41.37575]]]}},{"type":"Feature","properties":{"s":"st-carrer-d-olot"},"geometry":{"type":"MultiLineString","coordinates":[[[2.15212,41.41276],[2.15285,41.41322],[2.15385,41.41388]]]}},{"type":"Feature","properties":{"s":"st-carrer-d-olvan"},"geometry":{"type":"MultiLineString","coordinates":[[[2.132,41.42901],[2.13276,41.42945],[2.13374,41.42963],[2.13464,41.42883]]]}},{"type":"Feature","properties":{"s":"st-carrer-de-l-oblit"},"geometry":{"type":"MultiLineString","coordinates":[[[2.17608,41.41815],[2.17664,41.4185],[2.17688,41.41875],[2.17945,41.42061]]]}},{"type":"Feature","properties":{"s":"st-carrer-d-olzinelles"},"geometry":{"type":"MultiLineString","coordinates":[[[2.13782,41.37],[2.13656,41.373],[2.1364,41.37381],[2.13639,41.37404],[2.13614,41.37538]]]}},{"type":"Feature","properties":{"s":"st-placa-de-les-olles"},"geometry":{"type":"MultiLineString","coordinates":[[[2.18303,41.38342],[2.18338,41.38388],[2.18325,41.38396]]]}},{"type":"Feature","properties":{"s":"st-carrer-d-aiguallonga"},"geometry":{"type":"MultiLineString","coordinates":[[[2.10512,41.3889],[2.10468,41.38839]]]}},{"type":"Feature","properties":{"s":"st-carrer-de-porto"},"geometry":{"type":"MultiLineString","coordinates":[[[2.15773,41.42927],[2.15668,41.43003],[2.15658,41.43026],[2.15648,41.43075],[2.15573,41.4313],[2.15551,41.43136]]]}},{"type":"Feature","properties":{"s":"st-carrer-d-ignasi-iglesias"},"geometry":{"type":"MultiLineString","coordinates":[[[2.18366,41.43413],[2.18754,41.43366],[2.18935,41.43342]]]}},{"type":"Feature","properties":{"s":"st-carrer-de-l-orduna"},"geometry":{"type":"MultiLineString","coordinates":[[[2.17292,41.43381],[2.17155,41.43381]]]}},{"type":"Feature","properties":{"s":"st-carrer-d-orellana"},"geometry":{"type":"MultiLineString","coordinates":[[[2.0958,41.433],[2.09594,41.42968],[2.0964,41.42797]]]}},{"type":"Feature","properties":{"s":"st-placa-d-orfila"},"geometry":{"type":"MultiLineString","coordinates":[[[2.19073,41.43577],[2.19142,41.43604],[2.19129,41.4362]],[[2.19066,41.43608],[2.19129,41.4362]],[[2.19129,41.4362],[2.19122,41.43634]]]}},{"type":"Feature","properties":{"s":"st-carrer-dels-orgues"},"geometry":{"type":"MultiLineString","coordinates":[[[2.18195,41.38257],[2.18188,41.3826]]]}},{"type":"Feature","properties":{"s":"st-placa-de-l-orient"},"geometry":{"type":"MultiLineString","coordinates":[[[2.12801,41.39779],[2.12809,41.39791],[2.1284,41.3979],[2.1284,41.39778],[2.12801,41.39779]]]}},{"type":"Feature","properties":{"s":"st-carrer-d-oriol"},"geometry":{"type":"MultiLineString","coordinates":[[[2.17831,41.44705],[2.17827,41.44579]]]}},{"type":"Feature","properties":{"s":"st-carrer-d-oriol-mestres"},"geometry":{"type":"MultiLineString","coordinates":[[[2.1229,41.39631],[2.12396,41.39691]]]}},{"type":"Feature","properties":{"s":"st-carrer-d-oris"},"geometry":{"type":"MultiLineString","coordinates":[[[2.17515,41.45647],[2.17525,41.45732]]]}},{"type":"Feature","properties":{"s":"st-carrer-d-orista"},"geometry":{"type":"MultiLineString","coordinates":[[[2.18374,41.46317],[2.18429,41.46314],[2.18494,41.46354],[2.18518,41.46376],[2.18577,41.46499],[2.1855,41.46609],[2.18625,41.46772],[2.18353,41.46824],[2.1827,41.46735],[2.18175,41.4672],[2.18075,41.46768]]]}},{"type":"Feature","properties":{"s":"st-carrer-d-oristany"},"geometry":{"type":"MultiLineString","coordinates":[[[2.21396,41.41779],[2.2147,41.41721]]]}},{"type":"Feature","properties":{"s":"st-carrer-de-l-or"},"geometry":{"type":"MultiLineString","coordinates":[[[2.15555,41.40361],[2.15758,41.40484],[2.15806,41.40515]]]}},{"type":"Feature","properties":{"s":"st-carrer-d-orpi"},"geometry":{"type":"MultiLineString","coordinates":[[[2.18386,41.46186],[2.18238,41.46254]]]}},{"type":"Feature","properties":{"s":"st-passatge-del-garric"},"geometry":{"type":"MultiLineString","coordinates":[[[2.09971,41.42557],[2.10042,41.42518]]]}},{"type":"Feature","properties":{"s":"st-passatge-de-l-ossa-major"},"geometry":{"type":"MultiLineString","coordinates":[[[2.09702,41.42983],[2.09594,41.42968]]]}},{"type":"Feature","properties":{"s":"st-carrer-d-osi"},"geometry":{"type":"MultiLineString","coordinates":[[[2.12391,41.39405],[2.12274,41.39527],[2.12212,41.39587],[2.12145,41.39657]]]}},{"type":"Feature","properties":{"s":"st-carrer-d-osona"},"geometry":{"type":"MultiLineString","coordinates":[[[2.14415,41.40758],[2.14495,41.40804]]]}},{"type":"Feature","properties":{"s":"st-carrer-d-otger"},"geometry":{"type":"MultiLineString","coordinates":[[[2.19032,41.43544],[2.19041,41.43482],[2.19035,41.43388]]]}},{"type":"Feature","properties":{"s":"st-carrer-d-otranto"},"geometry":{"type":"MultiLineString","coordinates":[[[2.2159,41.41631],[2.21625,41.41617],[2.21715,41.4155]]]}},{"type":"Feature","properties":{"s":"st-carrer-de-pau-alcover"},"geometry":{"type":"MultiLineString","coordinates":[[[2.12543,41.39867],[2.12646,41.39923]],[[2.12671,41.39934],[2.13022,41.40122],[2.13197,41.40214]]]}},{"type":"Feature","properties":{"s":"st-placa-de-rafael-campalans"},"geometry":{"type":"MultiLineString","coordinates":[[[2.20929,41.40016],[2.2081,41.40105]],[[2.20912,41.40001],[2.20858,41.40032]]]}},{"type":"Feature","properties":{"s":"st-carrer-de-pau-ferran"},"geometry":{"type":"MultiLineString","coordinates":[[[2.1527,41.41682],[2.15192,41.41691],[2.14956,41.41725],[2.14934,41.41734],[2.14923,41.4178]]]}},{"type":"Feature","properties":{"s":"st-carrer-de-pau-feu"},"geometry":{"type":"MultiLineString","coordinates":[[[2.10693,41.40828],[2.10796,41.40934],[2.10839,41.40959]]]}},{"type":"Feature","properties":{"s":"st-carrer-del-pisuerga"},"geometry":{"type":"MultiLineString","coordinates":[[[2.11385,41.37655],[2.1117,41.37761]]]}},{"type":"Feature","properties":{"s":"st-carrer-de-pablo-saez-de-bares"},"geometry":{"type":"MultiLineString","coordinates":[[[2.16107,41.41411],[2.16092,41.41492],[2.16094,41.41507]]]}},{"type":"Feature","properties":{"s":"st-passatge-de-paca-soler"},"geometry":{"type":"MultiLineString","coordinates":[[[2.12327,41.37528],[2.12227,41.3753]]]}},{"type":"Feature","properties":{"s":"st-carrer-del-pacific"},"geometry":{"type":"MultiLineString","coordinates":[[[2.1917,41.42546],[2.18852,41.42615],[2.18712,41.42644]]]}},{"type":"Feature","properties":{"s":"st-carrer-de-padilla"},"geometry":{"type":"MultiLineString","coordinates":[[[2.17082,41.41054],[2.16906,41.41189],[2.16819,41.41259]]]}},{"type":"Feature","properties":{"s":"st-carrer-del-pare-fidel-fita"},"geometry":{"type":"MultiLineString","coordinates":[[[2.13977,41.40754],[2.14082,41.40774]]]}},{"type":"Feature","properties":{"s":"st-carrer-del-pare-gallifa"},"geometry":{"type":"MultiLineString","coordinates":[[[2.17771,41.38474],[2.17815,41.38508]]]}},{"type":"Feature","properties":{"s":"st-carrer-del-pare-jacint-alegre"},"geometry":{"type":"MultiLineString","coordinates":[[[2.15685,41.41206],[2.15606,41.41198],[2.15522,41.41216],[2.1548,41.41252]]]}},{"type":"Feature","properties":{"s":"st-carrer-del-pare-lainez"},"geometry":{"type":"MultiLineString","coordinates":[[[2.16386,41.40607],[2.16456,41.40649],[2.16658,41.40775]]]}},{"type":"Feature","properties":{"s":"st-placa-del-verdum"},"geometry":{"type":"MultiLineString","coordinates":[[[2.17636,41.44328],[2.17586,41.44364]]]}},{"type":"Feature","properties":{"s":"st-carrer-del-pare-manyanet"},"geometry":{"type":"MultiLineString","coordinates":[[[2.19088,41.42772],[2.19158,41.42777],[2.19246,41.42788],[2.19359,41.42817],[2.195,41.42821],[2.19603,41.42823]]]}},{"type":"Feature","properties":{"s":"st-carrer-del-pare-manjon"},"geometry":{"type":"MultiLineString","coordinates":[[[2.1924,41.45273],[2.19041,41.45412]]]}},{"type":"Feature","properties":{"s":"st-carrer-del-pare-perez-del-pulgar"},"geometry":{"type":"MultiLineString","coordinates":[[[2.1924,41.45273],[2.19308,41.45345],[2.19214,41.45441],[2.19189,41.45456],[2.19041,41.45412],[2.18943,41.45343]]]}},{"type":"Feature","properties":{"s":"st-carrer-del-pare-rodes"},"geometry":{"type":"MultiLineString","coordinates":[[[2.17657,41.44165],[2.1755,41.44051],[2.1743,41.43983]]]}},{"type":"Feature","properties":{"s":"st-carrer-del-pare-roldos"},"geometry":{"type":"MultiLineString","coordinates":[[[2.17975,41.42147],[2.17961,41.42134],[2.17928,41.42079]]]}},{"type":"Feature","properties":{"s":"st-carrer-del-pare-secchi"},"geometry":{"type":"MultiLineString","coordinates":[[[2.1862,41.43188],[2.1864,41.43241]],[[2.1865,41.43297],[2.18659,41.43341],[2.1866,41.43377],[2.18673,41.43429]]]}},{"type":"Feature","properties":{"s":"st-placa-del-pedro"},"geometry":{"type":"MultiLineString","coordinates":[[[2.16592,41.37947],[2.1662,41.37968],[2.16637,41.37948],[2.16592,41.37947]]]}},{"type":"Feature","properties":{"s":"st-carrer-de-padua"},"geometry":{"type":"MultiLineString","coordinates":[[[2.14805,41.40767],[2.14626,41.40615],[2.14585,41.40568]],[[2.14289,41.40338],[2.14341,41.40376],[2.14432,41.40454],[2.14485,41.40495],[2.14544,41.40563]]]}},{"type":"Feature","properties":{"s":"st-carrer-de-la-palla"},"geometry":{"type":"MultiLineString","coordinates":[[[2.17504,41.38416],[2.17475,41.38382],[2.17446,41.38316],[2.17406,41.38265]]]}},{"type":"Feature","properties":{"s":"st-passatge-de-palau"},"geometry":{"type":"MultiLineString","coordinates":[[[2.18392,41.38333],[2.18321,41.38365]]]}},{"type":"Feature","properties":{"s":"st-pla-de-palau"},"geometry":{"type":"MultiLineString","coordinates":[[[2.18326,41.38258],[2.18414,41.38215],[2.18459,41.3827]],[[2.18326,41.38258],[2.1826,41.38282],[2.18277,41.3831],[2.18303,41.38342],[2.18373,41.38309]],[[2.18326,41.38258],[2.18373,41.38309]],[[2.18326,41.38258],[2.18373,41.38309]],[[2.18373,41.38309],[2.18459,41.3827]],[[2.18459,41.3827],[2.18477,41.38261]]]}},{"type":"Feature","properties":{"s":"st-carrer-de-palafolls"},"geometry":{"type":"MultiLineString","coordinates":[[[2.11421,41.4122],[2.11441,41.41103],[2.11407,41.40955],[2.11204,41.41092]]]}},{"type":"Feature","properties":{"s":"st-carrer-de-palafox"},"geometry":{"type":"MultiLineString","coordinates":[[[2.15839,41.43269],[2.15791,41.43152],[2.15768,41.431]]]}},{"type":"Feature","properties":{"s":"st-carrer-de-palamos"},"geometry":{"type":"MultiLineString","coordinates":[[[2.18435,41.44475],[2.18468,41.44588],[2.18483,41.44672],[2.18506,41.44766],[2.18545,41.44837],[2.18653,41.45016],[2.18702,41.45072],[2.18764,41.4519],[2.18706,41.45311],[2.18691,41.45334]]]}},{"type":"Feature","properties":{"s":"st-carrer-de-palau"},"geometry":{"type":"MultiLineString","coordinates":[[[2.17759,41.38141],[2.1783,41.38107]]]}},{"type":"Feature","properties":{"s":"st-carrer-de-palaudaries"},"geometry":{"type":"MultiLineString","coordinates":[[[2.17322,41.37476],[2.17283,41.37406],[2.17235,41.37314],[2.17197,41.37235]]]}},{"type":"Feature","properties":{"s":"st-carrer-de-palau-solita"},"geometry":{"type":"MultiLineString","coordinates":[[[2.18648,41.45574],[2.18591,41.45596],[2.18322,41.45575],[2.1832,41.45661],[2.18179,41.45833]]]}},{"type":"Feature","properties":{"s":"st-baixada-de-palautordera"},"geometry":{"type":"MultiLineString","coordinates":[[[2.1699,41.42585],[2.16949,41.42554]]]}},{"type":"Feature","properties":{"s":"st-carrer-de-palencia"},"geometry":{"type":"MultiLineString","coordinates":[[[2.18965,41.41759],[2.19133,41.41889]],[[2.1869,41.41555],[2.18789,41.41626],[2.18902,41.41711],[2.18958,41.41755]]]}},{"type":"Feature","properties":{"s":"st-carrer-de-palerm"},"geometry":{"type":"MultiLineString","coordinates":[[[2.21421,41.41864],[2.21542,41.41774],[2.21659,41.41684]]]}},{"type":"Feature","properties":{"s":"st-carrer-de-la-palma"},"geometry":{"type":"MultiLineString","coordinates":[[[2.15938,41.37162],[2.15994,41.37221]]]}},{"type":"Feature","properties":{"s":"st-passatge-de-la-ciutat-de-mallorca"},"geometry":{"type":"MultiLineString","coordinates":[[[2.17885,41.43276],[2.17887,41.43363]]]}},{"type":"Feature","properties":{"s":"st-passeig-de-la-ciutat-de-mallorca"},"geometry":{"type":"MultiLineString","coordinates":[[[2.17722,41.4335],[2.17885,41.43276],[2.17925,41.43268],[2.1803,41.43267]]]}},{"type":"Feature","properties":{"s":"st-carrer-de-la-palma-de-sant-genis"},"geometry":{"type":"MultiLineString","coordinates":[[[2.13818,41.41869],[2.13722,41.41794]]]}},{"type":"Feature","properties":{"s":"st-carrer-de-la-palma-de-sant-just"},"geometry":{"type":"MultiLineString","coordinates":[[[2.17842,41.3829],[2.17868,41.38233],[2.17875,41.38224],[2.17898,41.38203],[2.17906,41.38199]]]}},{"type":"Feature","properties":{"s":"st-passatge-de-les-palmeres"},"geometry":{"type":"MultiLineString","coordinates":[[[2.16757,41.42901],[2.16835,41.43041]]]}},{"type":"Feature","properties":{"s":"st-carrer-de-palomar"},"geometry":{"type":"MultiLineString","coordinates":[[[2.18827,41.44198],[2.19302,41.44227],[2.1939,41.44236],[2.1968,41.44258]]]}},{"type":"Feature","properties":{"s":"st-carrer-de-palou"},"geometry":{"type":"MultiLineString","coordinates":[[[2.14325,41.41946],[2.14154,41.42]]]}},{"type":"Feature","properties":{"s":"st-carrer-de-pals"},"geometry":{"type":"MultiLineString","coordinates":[[[2.16723,41.43409],[2.16712,41.43383]]]}},{"type":"Feature","properties":{"s":"st-carrer-de-pallars"},"geometry":{"type":"MultiLineString","coordinates":[[[2.21531,41.41433],[2.2119,41.4118],[2.21078,41.41095],[2.20967,41.41006],[2.20853,41.40925],[2.20752,41.40859]],[[2.18918,41.39482],[2.19028,41.39561],[2.19268,41.39738],[2.19384,41.3981],[2.194,41.39825]],[[2.19414,41.39843],[2.19468,41.39895],[2.19479,41.3991],[2.19609,41.39987],[2.19719,41.40071],[2.19836,41.40154],[2.19947,41.40242],[2.20036,41.40308],[2.20283,41.40498],[2.20397,41.40581],[2.20511,41.40669],[2.20624,41.40752],[2.20706,41.40818]]]}},{"type":"Feature","properties":{"s":"st-carrer-de-pamplona"},"geometry":{"type":"MultiLineString","coordinates":[[[2.18814,41.39905],[2.18928,41.39819],[2.19041,41.39739],[2.1922,41.39607],[2.19617,41.39311],[2.19648,41.39286]]]}},{"type":"Feature","properties":{"s":"st-carrer-del-penedes"},"geometry":{"type":"MultiLineString","coordinates":[[[2.15756,41.40052],[2.1585,41.40112]]]}},{"type":"Feature","properties":{"s":"st-carrer-de-panama"},"geometry":{"type":"MultiLineString","coordinates":[[[2.10496,41.39469],[2.10612,41.3952],[2.10768,41.39555],[2.10979,41.39625]]]}},{"type":"Feature","properties":{"s":"st-carrer-de-panissars"},"geometry":{"type":"MultiLineString","coordinates":[[[2.13348,41.37544],[2.13348,41.37582],[2.13316,41.37674]]]}},{"type":"Feature","properties":{"s":"st-carrer-del-panorama"},"geometry":{"type":"MultiLineString","coordinates":[[[2.16471,41.42009],[2.16531,41.42012],[2.16614,41.41983],[2.16458,41.41916],[2.16383,41.41879]]]}},{"type":"Feature","properties":{"s":"st-carrer-de-les-panses"},"geometry":{"type":"MultiLineString","coordinates":[[[2.18232,41.38286],[2.1822,41.3827]]]}},{"type":"Feature","properties":{"s":"st-cami-del-panta"},"geometry":{"type":"MultiLineString","coordinates":[[[2.09694,41.4193],[2.09806,41.41842],[2.09773,41.41523],[2.09734,41.41402]],[[2.09734,41.41402],[2.09691,41.41311]],[[2.09734,41.41402],[2.09687,41.41379]]]}},{"type":"Feature","properties":{"s":"st-carrer-del-panta-de-tremp"},"geometry":{"type":"MultiLineString","coordinates":[[[2.15607,41.42428],[2.15498,41.42496],[2.15407,41.42575],[2.15291,41.42601],[2.15184,41.42604],[2.15065,41.42611],[2.14991,41.42577]]]}},{"type":"Feature","properties":{"s":"st-carrer-de-la-pantomima"},"geometry":{"type":"MultiLineString","coordinates":[[[2.14322,41.43392],[2.1431,41.43334]]]}},{"type":"Feature","properties":{"s":"st-avinguda-de-joan-xxiii"},"geometry":{"type":"MultiLineString","coordinates":[[[2.12265,41.38667],[2.12249,41.38523],[2.12249,41.38444]],[[2.12249,41.38444],[2.1226,41.38282]],[[2.12249,41.38444],[2.1226,41.38282]],[[2.1226,41.38282],[2.11992,41.38123],[2.11878,41.38077]]]}},{"type":"Feature","properties":{"s":"st-placa-de-pius-xii"},"geometry":{"type":"MultiLineString","coordinates":[[[2.12327,41.38728],[2.1221,41.38699]],[[2.12327,41.38728],[2.12314,41.38678],[2.12265,41.38667],[2.1221,41.38699]],[[2.12327,41.38728],[2.12301,41.38766],[2.12223,41.38763],[2.1221,41.38699]]]}},{"type":"Feature","properties":{"s":"st-carrer-de-papin"},"geometry":{"type":"MultiLineString","coordinates":[[[2.13358,41.37684],[2.13297,41.37838]]]}},{"type":"Feature","properties":{"s":"st-carrer-del-paradis"},"geometry":{"type":"MultiLineString","coordinates":[[[2.17686,41.3836],[2.17711,41.38298]]]}},{"type":"Feature","properties":{"s":"st-carrer-del-paraguai"},"geometry":{"type":"MultiLineString","coordinates":[[[2.20622,41.41609],[2.2085,41.41777],[2.20961,41.41864]]]}},{"type":"Feature","properties":{"s":"st-carrer-de-parcerisa"},"geometry":{"type":"MultiLineString","coordinates":[[[2.13413,41.36944],[2.13488,41.3679],[2.13691,41.36679],[2.13764,41.36638]],[[2.13534,41.36511],[2.13545,41.36601],[2.13537,41.36635]]]}},{"type":"Feature","properties":{"s":"st-carrer-del-passerell"},"geometry":{"type":"MultiLineString","coordinates":[[[2.15912,41.42132],[2.15853,41.42037],[2.15878,41.42077],[2.15968,41.42098],[2.16011,41.42118]]]}},{"type":"Feature","properties":{"s":"st-baixada-del-passerell"},"geometry":{"type":"MultiLineString","coordinates":[[[2.1594,41.4201],[2.15878,41.42077]]]}},{"type":"Feature","properties":{"s":"st-passatge-del-passerell"},"geometry":{"type":"MultiLineString","coordinates":[[[2.16011,41.42118],[2.15992,41.42141]]]}},{"type":"Feature","properties":{"s":"st-carrer-de-pardo"},"geometry":{"type":"MultiLineString","coordinates":[[[2.18232,41.42552],[2.1825,41.42685],[2.18254,41.42771],[2.18258,41.43019]]]}},{"type":"Feature","properties":{"s":"st-carrer-de-paredes"},"geometry":{"type":"MultiLineString","coordinates":[[[2.18817,41.38062],[2.18783,41.38148]]]}},{"type":"Feature","properties":{"s":"st-carrer-de-parellada"},"geometry":{"type":"MultiLineString","coordinates":[[[2.1898,41.43209],[2.1912,41.43249],[2.19286,41.43306],[2.19427,41.43333],[2.19468,41.43353]]]}},{"type":"Feature","properties":{"s":"st-carrer-del-parc"},"geometry":{"type":"MultiLineString","coordinates":[[[2.17889,41.37721],[2.17805,41.37751]]]}},{"type":"Feature","properties":{"s":"st-carrer-del-parc-de-la-budellera"},"geometry":{"type":"MultiLineString","coordinates":[[[2.11031,41.416],[2.11142,41.41851],[2.1112,41.41889]]]}},{"type":"Feature","properties":{"s":"st-carrer-de-mossen-juliana"},"geometry":{"type":"MultiLineString","coordinates":[[[2.18997,41.42263],[2.18987,41.42455]],[[2.18987,41.42488],[2.18993,41.42465]]]}},{"type":"Feature","properties":{"s":"st-carrer-del-rector-triado"},"geometry":{"type":"MultiLineString","coordinates":[[[2.14577,41.37519],[2.145,41.37617]]]}},{"type":"Feature","properties":{"s":"st-carrer-del-rector-ubach"},"geometry":{"type":"MultiLineString","coordinates":[[[2.14133,41.39653],[2.1454,41.39943]]]}},{"type":"Feature","properties":{"s":"st-carrer-del-rector-volta"},"geometry":{"type":"MultiLineString","coordinates":[[[2.12131,41.39924],[2.12113,41.39946]]]}},{"type":"Feature","properties":{"s":"st-carrer-de-pere-tarres"},"geometry":{"type":"MultiLineString","coordinates":[[[2.12021,41.40001],[2.12052,41.39965]]]}},{"type":"Feature","properties":{"s":"st-carrer-de-parsifal"},"geometry":{"type":"MultiLineString","coordinates":[[[2.09392,41.4266],[2.09311,41.42708]]]}},{"type":"Feature","properties":{"s":"st-pas-de-sota-muralla"},"geometry":{"type":"MultiLineString","coordinates":[[[2.18221,41.38133],[2.18308,41.38127],[2.18361,41.38132],[2.18414,41.38215]]]}},{"type":"Feature","properties":{"s":"st-carrer-del-pas-de-l-ensenyanca"},"geometry":{"type":"MultiLineString","coordinates":[[[2.17647,41.38215],[2.17677,41.38198]],[[2.17677,41.38198],[2.17697,41.38215],[2.17745,41.38202],[2.17739,41.38154],[2.17677,41.38198]]]}},{"type":"Feature","properties":{"s":"st-carrer-de-pasteur"},"geometry":{"type":"MultiLineString","coordinates":[[[2.16141,41.41755],[2.15876,41.41693]]]}},{"type":"Feature","properties":{"s":"st-carrer-de-pascual-i-vila"},"geometry":{"type":"MultiLineString","coordinates":[[[2.11594,41.38542],[2.11663,41.38388],[2.11703,41.38314],[2.11747,41.3822]]]}},{"type":"Feature","properties":{"s":"st-placa-de-pastrana"},"geometry":{"type":"MultiLineString","coordinates":[[[2.15605,41.42501],[2.15641,41.42519],[2.15625,41.42541],[2.15558,41.42538],[2.15605,41.42501]]]}},{"type":"Feature","properties":{"s":"st-passatge-del-patriarca"},"geometry":{"type":"MultiLineString","coordinates":[[[2.17375,41.38574],[2.17344,41.38618]]]}},{"type":"Feature","properties":{"s":"st-carrer-de-pau"},"geometry":{"type":"MultiLineString","coordinates":[[[2.21278,41.42035],[2.21348,41.41984]]]}},{"type":"Feature","properties":{"s":"st-placa-de-paul-claudel"},"geometry":{"type":"MultiLineString","coordinates":[[[2.17259,41.42969],[2.17289,41.42975],[2.17325,41.42975]]]}},{"type":"Feature","properties":{"s":"st-carrer-de-pau-gargallo"},"geometry":{"type":"MultiLineString","coordinates":[[[2.11854,41.38439],[2.11663,41.38388],[2.11481,41.38343],[2.11283,41.38291]]]}},{"type":"Feature","properties":{"s":"st-carrer-de-pavia"},"geometry":{"type":"MultiLineString","coordinates":[[[2.12854,41.37106],[2.129,41.37159],[2.13001,41.37208],[2.13149,41.37276],[2.13221,41.37307],[2.13316,41.37351]]]}},{"type":"Feature","properties":{"s":"st-passatge-de-la-pau"},"geometry":{"type":"MultiLineString","coordinates":[[[2.17678,41.37876],[2.17812,41.37761]]]}},{"type":"Feature","properties":{"s":"st-placa-de-pau-vila"},"geometry":{"type":"MultiLineString","coordinates":[[[2.18778,41.37881],[2.18715,41.38039]],[[2.18715,41.38039],[2.18687,41.38126]],[[2.18715,41.38039],[2.18672,41.38089]],[[2.18221,41.38133],[2.18396,41.38106]],[[2.18414,41.38215],[2.18491,41.38179]],[[2.18477,41.38261],[2.18566,41.38218]],[[2.18687,41.38126],[2.18664,41.38179],[2.18638,41.38203]],[[2.18687,41.38126],[2.18672,41.38089]],[[2.18566,41.38218],[2.18638,41.38203]],[[2.18566,41.38218],[2.18491,41.38179]],[[2.18638,41.38203],[2.18534,41.38157]],[[2.18534,41.38157],[2.18672,41.38089]],[[2.18534,41.38157],[2.18491,41.38179]],[[2.18534,41.38157],[2.18396,41.38106]],[[2.18491,41.38179],[2.18396,41.38106]]]}},{"type":"Feature","properties":{"s":"st-avinguda-de-pearson"},"geometry":{"type":"MultiLineString","coordinates":[[[2.11208,41.39399],[2.11166,41.39385],[2.1103,41.3937],[2.10973,41.39384],[2.10812,41.39379],[2.10793,41.39376],[2.10707,41.39333],[2.10553,41.3924],[2.10403,41.39164],[2.10373,41.39185],[2.10441,41.39302],[2.10496,41.39469],[2.10496,41.39528],[2.10405,41.3958],[2.10355,41.39542],[2.10318,41.39363],[2.10177,41.39418],[2.10187,41.39485]]]}},{"type":"Feature","properties":{"s":"st-passatge-de-pearson"},"geometry":{"type":"MultiLineString","coordinates":[[[2.10496,41.39469],[2.10419,41.39488],[2.10355,41.39542],[2.10298,41.39581]]]}},{"type":"Feature","properties":{"s":"st-carrer-del-pedraforca"},"geometry":{"type":"MultiLineString","coordinates":[[[2.17453,41.46064],[2.17528,41.46161],[2.17542,41.462],[2.17655,41.46283]]]}},{"type":"Feature","properties":{"s":"st-carrer-de-prats-de-mollo"},"geometry":{"type":"MultiLineString","coordinates":[[[2.13623,41.40125],[2.13738,41.40135],[2.13811,41.40136],[2.13831,41.40153]]]}},{"type":"Feature","properties":{"s":"st-placa-de-pedralbes"},"geometry":{"type":"MultiLineString","coordinates":[[[2.11483,41.39631],[2.11378,41.3955],[2.11483,41.39631]]]}},{"type":"Feature","properties":{"s":"st-baixada-del-pedregar"},"geometry":{"type":"MultiLineString","coordinates":[[[2.175,41.44911],[2.17484,41.44947]]]}},{"type":"Feature","properties":{"s":"st-carrer-de-pedrell"},"geometry":{"type":"MultiLineString","coordinates":[[[2.169,41.42408],[2.16802,41.42443],[2.16646,41.42454],[2.16544,41.4244],[2.16441,41.42424],[2.16169,41.42386],[2.15818,41.42302]]]}},{"type":"Feature","properties":{"s":"st-passatge-de-pedrell"},"geometry":{"type":"MultiLineString","coordinates":[[[2.16775,41.42407],[2.16802,41.42443]]]}},{"type":"Feature","properties":{"s":"st-carrer-de-pedret"},"geometry":{"type":"MultiLineString","coordinates":[[[2.16881,41.43361],[2.16913,41.43402],[2.16917,41.43436],[2.16925,41.43456],[2.16958,41.43487]]]}},{"type":"Feature","properties":{"s":"st-carrer-de-pere-ii-de-montcada"},"geometry":{"type":"MultiLineString","coordinates":[[[2.11752,41.39791],[2.11656,41.39896],[2.11523,41.39929],[2.11405,41.39926]]]}},{"type":"Feature","properties":{"s":"st-carrer-de-pere-iv"},"geometry":{"type":"MultiLineString","coordinates":[[[2.20109,41.407],[2.20067,41.4066],[2.19991,41.40551],[2.19882,41.40413],[2.1982,41.40336],[2.19773,41.40282],[2.19561,41.40022],[2.19468,41.39895],[2.19414,41.39843],[2.194,41.39825],[2.19384,41.3981],[2.19307,41.3971],[2.1922,41.39607],[2.19125,41.3949],[2.19095,41.39435]],[[2.20225,41.40884],[2.20383,41.41107],[2.20555,41.41315],[2.20726,41.41528],[2.20759,41.41565],[2.20813,41.41632],[2.20899,41.41743],[2.20986,41.41847]],[[2.19032,41.39394],[2.18954,41.39279]]]}},{"type":"Feature","properties":{"s":"st-carrer-d-alarcon"},"geometry":{"type":"MultiLineString","coordinates":[[[2.15087,41.42619],[2.15065,41.42611]],[[2.15432,41.429],[2.15391,41.42856],[2.15294,41.42767],[2.15215,41.42672]]]}},{"type":"Feature","properties":{"s":"st-carrer-de-pere-d-artes"},"geometry":{"type":"MultiLineString","coordinates":[[[2.17352,41.43139],[2.17252,41.43034]]]}},{"type":"Feature","properties":{"s":"st-carrer-de-pere-blai"},"geometry":{"type":"MultiLineString","coordinates":[[[2.2124,41.41802],[2.21315,41.41856]],[[2.21383,41.41908],[2.21441,41.41952]]]}},{"type":"Feature","properties":{"s":"st-carrer-de-verdaguer-i-callis"},"geometry":{"type":"MultiLineString","coordinates":[[[2.17652,41.38658],[2.17554,41.38738]]]}},{"type":"Feature","properties":{"s":"st-carrer-de-pere-llobet"},"geometry":{"type":"MultiLineString","coordinates":[[[2.15155,41.41726],[2.15005,41.41751]]]}},{"type":"Feature","properties":{"s":"st-carrer-de-pere-moragues"},"geometry":{"type":"MultiLineString","coordinates":[[[2.21592,41.41736],[2.21542,41.41698],[2.21494,41.41664],[2.21462,41.4164]],[[2.21592,41.41736],[2.2166,41.41787]],[[2.21592,41.41736],[2.21566,41.41755],[2.21633,41.41807]]]}},{"type":"Feature","properties":{"s":"st-carrer-de-pere-oller"},"geometry":{"type":"MultiLineString","coordinates":[[[2.21487,41.41815],[2.21437,41.41777]]]}},{"type":"Feature","properties":{"s":"st-passatge-de-pere-ripoll"},"geometry":{"type":"MultiLineString","coordinates":[[[2.19868,41.40301],[2.1992,41.40362]]]}},{"type":"Feature","properties":{"s":"st-passatge-de-pere-rodriguez"},"geometry":{"type":"MultiLineString","coordinates":[[[2.11687,41.37681],[2.11807,41.37713]]]}},{"type":"Feature","properties":{"s":"st-carrer-de-marti-i-julia"},"geometry":{"type":"MultiLineString","coordinates":[[[2.13089,41.3892],[2.12991,41.39145]]]}},{"type":"Feature","properties":{"s":"st-carrer-de-la-pedrosa"},"geometry":{"type":"MultiLineString","coordinates":[[[2.18703,41.44754],[2.18545,41.44837],[2.18394,41.44883],[2.18263,41.44924]]]}},{"type":"Feature","properties":{"s":"st-carrer-del-pegas"},"geometry":{"type":"MultiLineString","coordinates":[[[2.18623,41.42554],[2.18712,41.42644],[2.18728,41.42671],[2.18843,41.42829]]]}},{"type":"Feature","properties":{"s":"st-passeig-de-la-peira"},"geometry":{"type":"MultiLineString","coordinates":[[[2.16814,41.43252],[2.16933,41.432],[2.16998,41.43144],[2.16937,41.4304]]]}},{"type":"Feature","properties":{"s":"st-carrer-de-pelfort"},"geometry":{"type":"MultiLineString","coordinates":[[[2.10247,41.41271],[2.10131,41.41308],[2.09951,41.41304],[2.09872,41.41271],[2.09841,41.41256]]]}},{"type":"Feature","properties":{"s":"st-passatge-pelfort"},"geometry":{"type":"MultiLineString","coordinates":[[[2.10131,41.41308],[2.10128,41.41274]]]}},{"type":"Feature","properties":{"s":"st-carrer-dels-penitents"},"geometry":{"type":"MultiLineString","coordinates":[[[2.13631,41.41859],[2.13664,41.41884]]]}},{"type":"Feature","properties":{"s":"st-carrer-del-penalara"},"geometry":{"type":"MultiLineString","coordinates":[[[2.16998,41.43144],[2.1718,41.43142]]]}},{"type":"Feature","properties":{"s":"st-carrer-del-penyal"},"geometry":{"type":"MultiLineString","coordinates":[[[2.1637,41.42115],[2.16412,41.42146]]]}},{"type":"Feature","properties":{"s":"st-carrer-de-peniscola"},"geometry":{"type":"MultiLineString","coordinates":[[[2.19118,41.45358],[2.18978,41.45317],[2.18932,41.45282],[2.18876,41.45262]]]}},{"type":"Feature","properties":{"s":"st-placa-de-pep-ventura"},"geometry":{"type":"MultiLineString","coordinates":[[[2.10545,41.4145],[2.10477,41.41412],[2.10528,41.41393]]]}},{"type":"Feature","properties":{"s":"st-carrer-de-peracamps"},"geometry":{"type":"MultiLineString","coordinates":[[[2.17501,41.37573],[2.17328,41.37606]]]}},{"type":"Feature","properties":{"s":"st-carrer-de-perafita"},"geometry":{"type":"MultiLineString","coordinates":[[[2.17233,41.45986],[2.17057,41.45967],[2.16886,41.45931]]]}},{"type":"Feature","properties":{"s":"st-torrent-de-perales"},"geometry":{"type":"MultiLineString","coordinates":[[[2.13297,41.37838],[2.13257,41.37829],[2.13219,41.37883],[2.13202,41.37942],[2.1329,41.37976],[2.13346,41.37851],[2.13297,41.37838]]]}},{"type":"Feature","properties":{"s":"st-carrer-de-perea"},"geometry":{"type":"MultiLineString","coordinates":[[[2.14126,41.42422],[2.14141,41.42445]]]}},{"type":"Feature","properties":{"s":"st-carrer-de-pere-joan"},"geometry":{"type":"MultiLineString","coordinates":[[[2.21208,41.41949],[2.21258,41.41988]]]}},{"type":"Feature","properties":{"s":"st-carrer-de-pere-pau"},"geometry":{"type":"MultiLineString","coordinates":[[[2.15907,41.42967],[2.16051,41.43017],[2.16065,41.43021]]]}},{"type":"Feature","properties":{"s":"st-carrer-de-pere-serafi"},"geometry":{"type":"MultiLineString","coordinates":[[[2.15452,41.40182],[2.15579,41.40078],[2.15634,41.40038]]]}},{"type":"Feature","properties":{"s":"st-carrer-del-perello"},"geometry":{"type":"MultiLineString","coordinates":[[[2.20485,41.39733],[2.20545,41.39788],[2.20678,41.39894],[2.20778,41.39973],[2.20858,41.40032]]]}},{"type":"Feature","properties":{"s":"st-carrer-de-perez-galdos"},"geometry":{"type":"MultiLineString","coordinates":[[[2.15282,41.40441],[2.15149,41.40596],[2.15074,41.40688]]]}},{"type":"Feature","properties":{"s":"st-carrer-dels-periodistes"},"geometry":{"type":"MultiLineString","coordinates":[[[2.17506,41.42183],[2.17448,41.42208],[2.17349,41.42246]]]}},{"type":"Feature","properties":{"s":"st-carrer-de-peris-i-mencheta"},"geometry":{"type":"MultiLineString","coordinates":[[[2.16441,41.42787],[2.16359,41.4272],[2.16283,41.42662],[2.16244,41.42628],[2.16189,41.42588],[2.16113,41.42526],[2.15981,41.42495]]]}},{"type":"Feature","properties":{"s":"st-passatge-de-peris-i-mencheta"},"geometry":{"type":"MultiLineString","coordinates":[[[2.16065,41.42515],[2.16078,41.42483]]]}},{"type":"Feature","properties":{"s":"st-carrer-de-la-perla"},"geometry":{"type":"MultiLineString","coordinates":[[[2.15634,41.40289],[2.15815,41.40405]]]}},{"type":"Feature","properties":{"s":"st-carrer-d-en-perot-lo-lladre"},"geometry":{"type":"MultiLineString","coordinates":[[[2.17346,41.38373],[2.17398,41.38328]]]}},{"type":"Feature","properties":{"s":"st-carrer-de-perpinya"},"geometry":{"type":"MultiLineString","coordinates":[[[2.21259,41.42088],[2.21305,41.42056],[2.21441,41.41952],[2.21611,41.41825],[2.21633,41.41807],[2.21777,41.41698],[2.21841,41.41646]]]}},{"type":"Feature","properties":{"s":"st-carrer-del-peru"},"geometry":{"type":"MultiLineString","coordinates":[[[2.20622,41.41609],[2.20289,41.41352],[2.19945,41.41095],[2.19834,41.41009],[2.19607,41.4084],[2.195,41.40757],[2.1945,41.40722],[2.19395,41.40678],[2.19268,41.40583],[2.19173,41.40509]]]}},{"type":"Feature","properties":{"s":"st-carrer-de-la-pescateria"},"geometry":{"type":"MultiLineString","coordinates":[[[2.18342,41.38425],[2.18441,41.38392]]]}},{"type":"Feature","properties":{"s":"st-carrer-dels-pescadors"},"geometry":{"type":"MultiLineString","coordinates":[[[2.1901,41.37572],[2.18859,41.37953]]]}},{"type":"Feature","properties":{"s":"st-carrer-dels-petons"},"geometry":{"type":"MultiLineString","coordinates":[[[2.18141,41.38926],[2.18107,41.38856]]]}},{"type":"Feature","properties":{"s":"st-carrer-de-petrarca"},"geometry":{"type":"MultiLineString","coordinates":[[[2.1637,41.42806],[2.16481,41.42886],[2.16618,41.42961],[2.1669,41.43003],[2.16732,41.43043]]]}},{"type":"Feature","properties":{"s":"st-carrer-de-petritxol"},"geometry":{"type":"MultiLineString","coordinates":[[[2.17243,41.38332],[2.17347,41.38239]]]}},{"type":"Feature","properties":{"s":"st-carrer-de-peronella"},"geometry":{"type":"MultiLineString","coordinates":[[[2.1919,41.43059],[2.19139,41.43201],[2.1912,41.43249]]]}},{"type":"Feature","properties":{"s":"st-carrer-de-la-petxina"},"geometry":{"type":"MultiLineString","coordinates":[[[2.17281,41.38169],[2.17216,41.38139]]]}},{"type":"Feature","properties":{"s":"st-carrer-del-peu-de-la-creu"},"geometry":{"type":"MultiLineString","coordinates":[[[2.16613,41.38049],[2.16644,41.38075],[2.16698,41.38117],[2.16764,41.38165],[2.1684,41.3821]]]}},{"type":"Feature","properties":{"s":"st-carrer-de-bartomeu-pi"},"geometry":{"type":"MultiLineString","coordinates":[[[2.13821,41.36899],[2.13896,41.36962],[2.14019,41.37072]]]}},{"type":"Feature","properties":{"s":"st-passeig-del-pi-forcat"},"geometry":{"type":"MultiLineString","coordinates":[[[2.08766,41.42202],[2.08729,41.42261],[2.0878,41.42311]]]}},{"type":"Feature","properties":{"s":"st-carrer-de-picalquers"},"geometry":{"type":"MultiLineString","coordinates":[[[2.16866,41.38073],[2.16828,41.38053]],[[2.16828,41.38053],[2.16809,41.38043]],[[2.16828,41.38053],[2.16791,41.38089]]]}},{"type":"Feature","properties":{"s":"st-carrer-de-pico-i-campamar"},"geometry":{"type":"MultiLineString","coordinates":[[[2.16642,41.422],[2.16635,41.42324],[2.16629,41.42387]]]}},{"type":"Feature","properties":{"s":"st-carrer-de-la-pietat"},"geometry":{"type":"MultiLineString","coordinates":[[[2.17723,41.3838],[2.17686,41.3836],[2.17621,41.38343]]]}},{"type":"Feature","properties":{"s":"st-passatge-piera"},"geometry":{"type":"MultiLineString","coordinates":[[[2.13888,41.38745],[2.13924,41.3867]]]}},{"type":"Feature","properties":{"s":"st-carrer-de-pierola"},"geometry":{"type":"MultiLineString","coordinates":[[[2.18374,41.46317],[2.18284,41.46315],[2.18152,41.46298]]]}},{"type":"Feature","properties":{"s":"st-carrer-de-piferrer"},"geometry":{"type":"MultiLineString","coordinates":[[[2.17953,41.43428],[2.17902,41.43375],[2.17887,41.43363],[2.17831,41.43301],[2.17793,41.43253],[2.1775,41.43192],[2.17739,41.43172]]]}},{"type":"Feature","properties":{"s":"st-passeig-de-la-pineda"},"geometry":{"type":"MultiLineString","coordinates":[[[2.18332,41.46533],[2.18212,41.46702],[2.18048,41.46572]],[[2.18332,41.46533],[2.1839,41.46526],[2.18401,41.46544]],[[2.18332,41.46533],[2.18259,41.46473]],[[2.1827,41.46735],[2.18401,41.46544]],[[2.1855,41.46609],[2.18507,41.46518],[2.18401,41.46544]]]}},{"type":"Feature","properties":{"s":"st-carrer-de-pinar-del-rio"},"geometry":{"type":"MultiLineString","coordinates":[[[2.17862,41.4227],[2.17931,41.42266],[2.18027,41.42258],[2.18395,41.42221]]]}},{"type":"Feature","properties":{"s":"st-carrer-de-pineda"},"geometry":{"type":"MultiLineString","coordinates":[[[2.14852,41.42003],[2.14792,41.41915]]]}},{"type":"Feature","properties":{"s":"st-carrer-del-pi"},"geometry":{"type":"MultiLineString","coordinates":[[[2.17389,41.38388],[2.17398,41.38328],[2.17406,41.38265]]]}},{"type":"Feature","properties":{"s":"st-placa-del-pi"},"geometry":{"type":"MultiLineString","coordinates":[[[2.17347,41.38239],[2.17368,41.38226],[2.17391,41.3824],[2.17347,41.38239]]]}},{"type":"Feature","properties":{"s":"st-carrer-dels-pins-de-can-caralleu"},"geometry":{"type":"MultiLineString","coordinates":[[[2.10828,41.40301],[2.10848,41.4032],[2.10885,41.40415]]]}},{"type":"Feature","properties":{"s":"st-carrer-de-pins"},"geometry":{"type":"MultiLineString","coordinates":[[[2.16749,41.43403],[2.16738,41.43377]]]}},{"type":"Feature","properties":{"s":"st-carrer-del-pintor-alsamora"},"geometry":{"type":"MultiLineString","coordinates":[[[2.18366,41.43413],[2.18165,41.43445],[2.17973,41.43486],[2.17873,41.43531],[2.17761,41.43574],[2.17652,41.43604],[2.17496,41.43671]]]}},{"type":"Feature","properties":{"s":"st-carrer-del-pintor-casas"},"geometry":{"type":"MultiLineString","coordinates":[[[2.16882,41.42735],[2.16978,41.4278],[2.17082,41.42821]]]}},{"type":"Feature","properties":{"s":"st-carrer-del-pintor-fortuny"},"geometry":{"type":"MultiLineString","coordinates":[[[2.17123,41.38372],[2.17032,41.38329],[2.16985,41.38295],[2.16896,41.38244],[2.1684,41.3821]]]}},{"type":"Feature","properties":{"s":"st-carrer-del-pintor-gimeno"},"geometry":{"type":"MultiLineString","coordinates":[[[2.13965,41.40505],[2.13916,41.40482],[2.13888,41.40451]]]}},{"type":"Feature","properties":{"s":"st-carrer-del-pintor-josep-pinos"},"geometry":{"type":"MultiLineString","coordinates":[[[2.15949,41.43497],[2.15769,41.43606]]]}},{"type":"Feature","properties":{"s":"st-carrer-del-pintor-mir"},"geometry":{"type":"MultiLineString","coordinates":[[[2.1672,41.42758],[2.16609,41.42862]]]}},{"type":"Feature","properties":{"s":"st-carrer-del-pintor-pahissa"},"geometry":{"type":"MultiLineString","coordinates":[[[2.12368,41.37846],[2.12172,41.37743]]]}},{"type":"Feature","properties":{"s":"st-carrer-del-pintor-pradilla"},"geometry":{"type":"MultiLineString","coordinates":[[[2.16969,41.42302],[2.16926,41.42343],[2.16635,41.42324],[2.16521,41.42307]]]}},{"type":"Feature","properties":{"s":"st-carrer-del-pintor-ribalta"},"geometry":{"type":"MultiLineString","coordinates":[[[2.11625,41.37804],[2.11335,41.37936]]]}},{"type":"Feature","properties":{"s":"st-carrer-de-l-albercoquer"},"geometry":{"type":"MultiLineString","coordinates":[[[2.09798,41.42624],[2.09881,41.42698]]]}},{"type":"Feature","properties":{"s":"st-carrer-del-pintor-tapiro"},"geometry":{"type":"MultiLineString","coordinates":[[[2.1197,41.3769],[2.11847,41.37796],[2.11755,41.37868]]]}},{"type":"Feature","properties":{"s":"st-passatge-del-pintor-tapiro"},"geometry":{"type":"MultiLineString","coordinates":[[[2.11902,41.37834],[2.11847,41.37796]]]}},{"type":"Feature","properties":{"s":"st-carrer-de-la-pintura"},"geometry":{"type":"MultiLineString","coordinates":[[[2.14238,41.43056],[2.14128,41.43083]]]}},{"type":"Feature","properties":{"s":"st-carrer-dels-pinzon"},"geometry":{"type":"MultiLineString","coordinates":[[[2.19009,41.38199],[2.18986,41.38252],[2.18943,41.38365]]]}},{"type":"Feature","properties":{"s":"st-passatge-de-pinyol"},"geometry":{"type":"MultiLineString","coordinates":[[[2.18726,41.41331],[2.18767,41.41371]]]}},{"type":"Feature","properties":{"s":"st-carrer-de-piquer"},"geometry":{"type":"MultiLineString","coordinates":[[[2.16843,41.37344],[2.17076,41.37275],[2.17197,41.37235]]]}},{"type":"Feature","properties":{"s":"st-passatge-de-piquer"},"geometry":{"type":"MultiLineString","coordinates":[[[2.2068,41.40281],[2.20781,41.40182]]]}},{"type":"Feature","properties":{"s":"st-carrer-dels-pirineus"},"geometry":{"type":"MultiLineString","coordinates":[[[2.16081,41.43797],[2.16145,41.43862]]]}},{"type":"Feature","properties":{"s":"st-carrer-del-pisto"},"geometry":{"type":"MultiLineString","coordinates":[[[2.18226,41.41276],[2.18356,41.41204],[2.18436,41.41166]]]}},{"type":"Feature","properties":{"s":"st-carrer-de-pitagores"},"geometry":{"type":"MultiLineString","coordinates":[[[2.16499,41.4278],[2.16546,41.42823],[2.16706,41.4292]]]}},{"type":"Feature","properties":{"s":"st-passatge-de-pitagores"},"geometry":{"type":"MultiLineString","coordinates":[[[2.16499,41.42826],[2.16529,41.4284],[2.16556,41.4285]]]}},{"type":"Feature","properties":{"s":"st-carrer-de-pizarro"},"geometry":{"type":"MultiLineString","coordinates":[[[2.18834,41.38159],[2.1878,41.38292]]]}},{"type":"Feature","properties":{"s":"st-carrer-del-pla-dels-cirerers"},"geometry":{"type":"MultiLineString","coordinates":[[[2.17711,41.44798],[2.17715,41.44784],[2.1781,41.44766],[2.17891,41.44744]]]}},{"type":"Feature","properties":{"s":"st-carrer-del-pla-de-fornells"},"geometry":{"type":"MultiLineString","coordinates":[[[2.17659,41.44589],[2.17643,41.44692],[2.17533,41.448],[2.17486,41.4485],[2.17429,41.44821],[2.17366,41.44843]]]}},{"type":"Feature","properties":{"s":"st-cami-del-pla-llorens"},"geometry":{"type":"MultiLineString","coordinates":[[[2.0889,41.42547],[2.08851,41.42509]]]}},{"type":"Feature","properties":{"s":"st-baixada-de-la-plana"},"geometry":{"type":"MultiLineString","coordinates":[[[2.15952,41.42818],[2.15934,41.42872],[2.15923,41.42917],[2.15894,41.43012],[2.15881,41.4307]]]}},{"type":"Feature","properties":{"s":"st-carrer-de-la-plana"},"geometry":{"type":"MultiLineString","coordinates":[[[2.15881,41.4307],[2.15668,41.43003]]]}},{"type":"Feature","properties":{"s":"st-passatge-de-la-plana"},"geometry":{"type":"MultiLineString","coordinates":[[[2.15744,41.43027],[2.15748,41.4307],[2.157,41.4308],[2.15648,41.43075]]]}},{"type":"Feature","properties":{"s":"st-passatge-de-planell"},"geometry":{"type":"MultiLineString","coordinates":[[[2.13968,41.38535],[2.13981,41.38442]]]}},{"type":"Feature","properties":{"s":"st-carrer-de-planella"},"geometry":{"type":"MultiLineString","coordinates":[[[2.12836,41.40797],[2.12527,41.40629],[2.12427,41.40562],[2.12315,41.40492]]]}},{"type":"Feature","properties":{"s":"st-carrer-del-planeta"},"geometry":{"type":"MultiLineString","coordinates":[[[2.15545,41.40105],[2.15634,41.40163]],[[2.15673,41.4019],[2.15714,41.40215]]]}},{"type":"Feature","properties":{"s":"st-carrer-de-plantada"},"geometry":{"type":"MultiLineString","coordinates":[[[2.12113,41.40641],[2.12045,41.4071],[2.11958,41.40789],[2.11834,41.40905],[2.11795,41.40973]]]}},{"type":"Feature","properties":{"s":"st-carrer-de-la-plata"},"geometry":{"type":"MultiLineString","coordinates":[[[2.18121,41.38006],[2.1801,41.38057]]]}},{"type":"Feature","properties":{"s":"st-carrer-de-l-argenteria"},"geometry":{"type":"MultiLineString","coordinates":[[[2.18154,41.38354],[2.18089,41.38358],[2.18014,41.38369],[2.17939,41.38383],[2.17891,41.38383]]]}},{"type":"Feature","properties":{"s":"st-carrer-de-plato"},"geometry":{"type":"MultiLineString","coordinates":[[[2.14048,41.3993],[2.14154,41.4001],[2.1429,41.40109]]]}},{"type":"Feature","properties":{"s":"st-carrer-de-platja-d-aro"},"geometry":{"type":"MultiLineString","coordinates":[[[2.18833,41.4488],[2.18738,41.44861],[2.18587,41.44906]]]}},{"type":"Feature","properties":{"s":"st-platja-de-sant-miquel"},"geometry":{"type":"MultiLineString","coordinates":[[[2.1901,41.37572],[2.19019,41.376],[2.19028,41.37622],[2.19052,41.37663]],[[2.19087,41.37707],[2.19076,41.37688]]]}},{"type":"Feature","properties":{"s":"st-carrer-de-plegamans"},"geometry":{"type":"MultiLineString","coordinates":[[[2.18183,41.38302],[2.18133,41.38327]]]}},{"type":"Feature","properties":{"s":"st-carrer-del-plom"},"geometry":{"type":"MultiLineString","coordinates":[[[2.14121,41.35294],[2.14073,41.35287],[2.13784,41.35235],[2.13656,41.35209],[2.13524,41.35142]]]}},{"type":"Feature","properties":{"s":"st-carrer-de-pluto"},"geometry":{"type":"MultiLineString","coordinates":[[[2.14584,41.42347],[2.14768,41.42341],[2.14803,41.42346]]]}},{"type":"Feature","properties":{"s":"st-carrer-de-la-pobla-de-lillet"},"geometry":{"type":"MultiLineString","coordinates":[[[2.12996,41.37984],[2.12933,41.38143]]]}},{"type":"Feature","properties":{"s":"st-carrer-de-poblet"},"geometry":{"type":"MultiLineString","coordinates":[[[2.11542,41.37585],[2.1154,41.37658],[2.11494,41.37736]]]}},{"type":"Feature","properties":{"s":"st-carrer-de-la-poesia"},"geometry":{"type":"MultiLineString","coordinates":[[[2.14554,41.43174],[2.1449,41.43181],[2.14383,41.43208],[2.14316,41.43227],[2.14207,41.43254],[2.14128,41.43275]]]}},{"type":"Feature","properties":{"s":"st-placa-del-poeta-bosca"},"geometry":{"type":"MultiLineString","coordinates":[[[2.18899,41.37994],[2.18968,41.3801]]]}},{"type":"Feature","properties":{"s":"st-carrer-del-poeta-cabanyes"},"geometry":{"type":"MultiLineString","coordinates":[[[2.16513,41.37344],[2.16464,41.37267],[2.1644,41.37192],[2.1641,41.37111]]]}},{"type":"Feature","properties":{"s":"st-carrer-del-poeta"},"geometry":{"type":"MultiLineString","coordinates":[[[2.10619,41.40295],[2.10693,41.40297]]]}},{"type":"Feature","properties":{"s":"st-carrer-del-boix"},"geometry":{"type":"MultiLineString","coordinates":[[[2.09903,41.42468],[2.09971,41.42557],[2.09975,41.42568]]]}},{"type":"Feature","properties":{"s":"st-carrer-del-poeta-masifern"},"geometry":{"type":"MultiLineString","coordinates":[[[2.18239,41.44446],[2.18146,41.4449]]]}},{"type":"Feature","properties":{"s":"st-placa-del-consell-de-la-vila"},"geometry":{"type":"MultiLineString","coordinates":[[[2.12188,41.3994],[2.12149,41.39906],[2.12131,41.39924],[2.12188,41.3994]]]}},{"type":"Feature","properties":{"s":"st-carrer-de-les-poncelles"},"geometry":{"type":"MultiLineString","coordinates":[[[2.09904,41.42537],[2.09772,41.42435]]]}},{"type":"Feature","properties":{"s":"st-carrer-de-polonia"},"geometry":{"type":"MultiLineString","coordinates":[[[2.16338,41.4155],[2.1645,41.41536],[2.16602,41.41501]]]}},{"type":"Feature","properties":{"s":"st-cami-del-polvori"},"geometry":{"type":"MultiLineString","coordinates":[[[2.14351,41.36428],[2.14329,41.36303]]]}},{"type":"Feature","properties":{"s":"st-carrer-del-pom-d-or"},"geometry":{"type":"MultiLineString","coordinates":[[[2.18014,41.38233],[2.17992,41.38227]]]}},{"type":"Feature","properties":{"s":"st-carrer-de-pomar"},"geometry":{"type":"MultiLineString","coordinates":[[[2.13444,41.37252],[2.13475,41.37205]]]}},{"type":"Feature","properties":{"s":"st-carrer-de-pomaret"},"geometry":{"type":"MultiLineString","coordinates":[[[2.12571,41.40232],[2.12379,41.40464]],[[2.12196,41.40685],[2.12279,41.40585]],[[2.11795,41.40973],[2.11863,41.40931],[2.12019,41.4086],[2.12146,41.40736]],[[2.11785,41.41161],[2.11849,41.41058]]]}},{"type":"Feature","properties":{"s":"st-avinguda-de-pompeu-fabra"},"geometry":{"type":"MultiLineString","coordinates":[[[2.16045,41.4138],[2.16002,41.41395],[2.15694,41.41464],[2.1561,41.41468]]]}},{"type":"Feature","properties":{"s":"st-placa-de-pompeu-gener"},"geometry":{"type":"MultiLineString","coordinates":[[[2.19103,41.38127],[2.1909,41.38158]]]}},{"type":"Feature","properties":{"s":"st-carrer-de-ponce-de-leon"},"geometry":{"type":"MultiLineString","coordinates":[[[2.17318,41.44073],[2.17343,41.44117],[2.17383,41.44158]]]}},{"type":"Feature","properties":{"s":"st-carrer-de-pons"},"geometry":{"type":"MultiLineString","coordinates":[[[2.1805,41.44454],[2.17991,41.44387]]]}},{"type":"Feature","properties":{"s":"st-placa-de-pons-i-clerch"},"geometry":{"type":"MultiLineString","coordinates":[[[2.18202,41.38687],[2.18157,41.38668]]]}},{"type":"Feature","properties":{"s":"st-carrer-de-pons-i-gallarza"},"geometry":{"type":"MultiLineString","coordinates":[[[2.18969,41.43536],[2.18908,41.43537],[2.18849,41.43544],[2.18807,41.43546],[2.1869,41.43545],[2.18458,41.43561]]]}},{"type":"Feature","properties":{"s":"st-carrer-de-pons-i-serra"},"geometry":{"type":"MultiLineString","coordinates":[[[2.11339,41.3974],[2.11476,41.39744],[2.11616,41.39751]]]}},{"type":"Feature","properties":{"s":"st-carrer-de-pons-i-subira"},"geometry":{"type":"MultiLineString","coordinates":[[[2.20462,41.40032],[2.20502,41.40069]]]}},{"type":"Feature","properties":{"s":"st-carrer-de-pontevedra"},"geometry":{"type":"MultiLineString","coordinates":[[[2.19013,41.37847],[2.19076,41.37688]]]}},{"type":"Feature","properties":{"s":"st-carrer-de-pontils"},"geometry":{"type":"MultiLineString","coordinates":[[[2.14205,41.35154],[2.14143,41.35196],[2.14088,41.35235]]]}},{"type":"Feature","properties":{"s":"st-carrer-de-pontons"},"geometry":{"type":"MultiLineString","coordinates":[[[2.1727,41.42641],[2.17326,41.42755]]]}},{"type":"Feature","properties":{"s":"st-carrer-de-porrera"},"geometry":{"type":"MultiLineString","coordinates":[[[2.15833,41.43666],[2.15953,41.43779],[2.16013,41.43836]]]}},{"type":"Feature","properties":{"s":"st-"},"geometry":{"type":"MultiLineString","coordinates":[[[2.17891,41.44744],[2.17882,41.44709]]]}},{"type":"Feature","properties":{"s":"st-carrer-de-porta"},"geometry":{"type":"MultiLineString","coordinates":[[[2.17549,41.43181],[2.17462,41.43246],[2.1737,41.43319],[2.17333,41.43308]]]}},{"type":"Feature","properties":{"s":"st-passatge-de-porta"},"geometry":{"type":"MultiLineString","coordinates":[[[2.17534,41.43302],[2.17462,41.43246],[2.17392,41.43198]]]}},{"type":"Feature","properties":{"s":"st-carrer-de-les-portadores"},"geometry":{"type":"MultiLineString","coordinates":[[[2.18166,41.38252],[2.18222,41.38235]]]}},{"type":"Feature","properties":{"s":"st-carrer-de-portbou"},"geometry":{"type":"MultiLineString","coordinates":[[[2.12623,41.37778],[2.12695,41.37624],[2.12722,41.37557]]]}},{"type":"Feature","properties":{"s":"st-carrer-de-portlligat"},"geometry":{"type":"MultiLineString","coordinates":[[[2.17953,41.44793],[2.18135,41.44948]],[[2.1818,41.44988],[2.18141,41.44953]]]}},{"type":"Feature","properties":{"s":"st-carrer-del-portell"},"geometry":{"type":"MultiLineString","coordinates":[[[2.15169,41.4198],[2.15166,41.41941],[2.15098,41.41814],[2.15101,41.41766],[2.15115,41.41761],[2.15155,41.41726],[2.15192,41.41691]]]}},{"type":"Feature","properties":{"s":"st-placa-dels-porxos"},"geometry":{"type":"MultiLineString","coordinates":[[[2.19927,41.41419],[2.19969,41.4145]]]}},{"type":"Feature","properties":{"s":"st-carrer-de-portola"},"geometry":{"type":"MultiLineString","coordinates":[[[2.1433,41.41075],[2.14137,41.41096]]]}},{"type":"Feature","properties":{"s":"st-carrer-de-portugal"},"geometry":{"type":"MultiLineString","coordinates":[[[2.19169,41.42581],[2.19099,41.42596],[2.18941,41.42641],[2.18728,41.42671]]]}},{"type":"Feature","properties":{"s":"st-carrer-de-portugalete"},"geometry":{"type":"MultiLineString","coordinates":[[[2.14144,41.37308],[2.14333,41.37296]]]}},{"type":"Feature","properties":{"s":"st-carrer-de-l-avenir"},"geometry":{"type":"MultiLineString","coordinates":[[[2.15025,41.3978],[2.14776,41.39638],[2.14706,41.39596],[2.1461,41.3954],[2.14511,41.3948],[2.1446,41.3945]]]}},{"type":"Feature","properties":{"s":"st-carrer-de-potosi"},"geometry":{"type":"MultiLineString","coordinates":[[[2.19973,41.44281],[2.2028,41.44314],[2.20583,41.44349]]]}},{"type":"Feature","properties":{"s":"st-carrer-del-pou-de-la-cadena"},"geometry":{"type":"MultiLineString","coordinates":[[[2.17991,41.38461],[2.1797,41.38473]],[[2.1792,41.38493],[2.17962,41.38467]]]}},{"type":"Feature","properties":{"s":"st-carrer-del-pou-dolc"},"geometry":{"type":"MultiLineString","coordinates":[[[2.17679,41.38155],[2.17706,41.38138]]]}},{"type":"Feature","properties":{"s":"st-carrer-del-pou-de-l-estanc"},"geometry":{"type":"MultiLineString","coordinates":[[[2.18357,41.38379],[2.18381,41.38412]]]}},{"type":"Feature","properties":{"s":"st-carrer-del-pou-de-l-estany"},"geometry":{"type":"MultiLineString","coordinates":[[[2.18373,41.38372],[2.18388,41.38396]]]}},{"type":"Feature","properties":{"s":"st-carrer-del-pou-de-la-figuera"},"geometry":{"type":"MultiLineString","coordinates":[[[2.17963,41.38724],[2.17991,41.38756],[2.18025,41.38788]]]}},{"type":"Feature","properties":{"s":"st-carrer-del-pou"},"geometry":{"type":"MultiLineString","coordinates":[[[2.18249,41.44534],[2.18054,41.44294]]]}},{"type":"Feature","properties":{"s":"st-carrer-del-pou-de-la-riera"},"geometry":{"type":"MultiLineString","coordinates":[[[2.15602,41.39818],[2.15631,41.39838]]]}},{"type":"Feature","properties":{"s":"st-carrer-de-prada"},"geometry":{"type":"MultiLineString","coordinates":[[[2.21233,41.41899],[2.21166,41.41951]]]}},{"type":"Feature","properties":{"s":"st-carrer-de-praga"},"geometry":{"type":"MultiLineString","coordinates":[[[2.16251,41.41497],[2.16349,41.41346],[2.16437,41.41213]]]}},{"type":"Feature","properties":{"s":"st-carretera-del-prat"},"geometry":{"type":"MultiLineString","coordinates":[[[2.13653,41.36364],[2.13543,41.36228],[2.1348,41.36126],[2.13445,41.36095],[2.1331,41.35869]]]}},{"type":"Feature","properties":{"s":"st-rambla-de-prat"},"geometry":{"type":"MultiLineString","coordinates":[[[2.15295,41.40207],[2.15119,41.40096]]]}},{"type":"Feature","properties":{"s":"st-carrer-del-prat-d-en-rull"},"geometry":{"type":"MultiLineString","coordinates":[[[2.13767,41.38831],[2.13689,41.38911]]]}},{"type":"Feature","properties":{"s":"st-carrer-dels-prats-de-rei"},"geometry":{"type":"MultiLineString","coordinates":[[[2.17439,41.45437],[2.17305,41.45459]]]}},{"type":"Feature","properties":{"s":"st-carrer-de-prat-d-en-roquer"},"geometry":{"type":"MultiLineString","coordinates":[[[2.17617,41.42544],[2.17731,41.42548],[2.17907,41.42553],[2.17924,41.42557]]]}},{"type":"Feature","properties":{"s":"st-carrer-de-premia"},"geometry":{"type":"MultiLineString","coordinates":[[[2.139,41.37532],[2.13906,41.37771]]]}},{"type":"Feature","properties":{"s":"st-rambla-de-prim"},"geometry":{"type":"MultiLineString","coordinates":[[[2.19712,41.42847],[2.20043,41.42559],[2.20763,41.42013],[2.21085,41.41773],[2.21152,41.41717],[2.2119,41.41688],[2.21335,41.4158],[2.21423,41.41512],[2.21531,41.41433],[2.21673,41.41325],[2.21931,41.41133]]]}},{"type":"Feature","properties":{"s":"st-placa-de-prim"},"geometry":{"type":"MultiLineString","coordinates":[[[2.20677,41.39958],[2.20699,41.39943],[2.20676,41.39925],[2.20655,41.3994],[2.20677,41.39958]]]}},{"type":"Feature","properties":{"s":"st-passatge-de-prim"},"geometry":{"type":"MultiLineString","coordinates":[[[2.21593,41.41385],[2.21645,41.41422]],[[2.21725,41.41363],[2.21645,41.41422]],[[2.21645,41.41422],[2.21701,41.41462]]]}},{"type":"Feature","properties":{"s":"st-carrer-de-julian-besteiro"},"geometry":{"type":"MultiLineString","coordinates":[[[2.19897,41.41517],[2.19788,41.41557],[2.19696,41.41624]]]}},{"type":"Feature","properties":{"s":"st-carrer-de-la-princesa"},"geometry":{"type":"MultiLineString","coordinates":[[[2.18323,41.38755],[2.18187,41.38645],[2.18122,41.38597],[2.1797,41.38473],[2.17922,41.38437],[2.17873,41.38396]]]}},{"type":"Feature","properties":{"s":"st-avinguda-de-la-riera-de-cassoles"},"geometry":{"type":"MultiLineString","coordinates":[[[2.15007,41.40604],[2.1501,41.40389],[2.14985,41.40335],[2.14996,41.40304],[2.15016,41.40276],[2.15056,41.40225],[2.15088,41.40188],[2.15098,41.40173],[2.15119,41.40096],[2.151,41.40066]]]}},{"type":"Feature","properties":{"s":"st-carrer-del-priorat"},"geometry":{"type":"MultiLineString","coordinates":[[[2.13951,41.37406],[2.13932,41.37473]]]}},{"type":"Feature","properties":{"s":"st-carrer-de-la-proclamacio"},"geometry":{"type":"MultiLineString","coordinates":[[[2.19138,41.37958],[2.19106,41.3804]]]}},{"type":"Feature","properties":{"s":"st-carrer-del-profeta"},"geometry":{"type":"MultiLineString","coordinates":[[[2.16056,41.40156],[2.16079,41.40139]]]}},{"type":"Feature","properties":{"s":"st-carrer-del-progres"},"geometry":{"type":"MultiLineString","coordinates":[[[2.15939,41.40076],[2.16097,41.3995]]]}},{"type":"Feature","properties":{"s":"st-carrer-dels-nou-barris"},"geometry":{"type":"MultiLineString","coordinates":[[[2.18033,41.44718],[2.17953,41.44793],[2.17711,41.44798]]]}},{"type":"Feature","properties":{"s":"st-placa-de-ventura-gassol"},"geometry":{"type":"MultiLineString","coordinates":[[[2.14782,41.40666],[2.14735,41.40707]]]}},{"type":"Feature","properties":{"s":"st-carrer-del-tossal"},"geometry":{"type":"MultiLineString","coordinates":[[[2.18972,41.4487],[2.19312,41.44863]]]}},{"type":"Feature","properties":{"s":"st-carrer-de-provencals"},"geometry":{"type":"MultiLineString","coordinates":[[[2.20383,41.41107],[2.20623,41.40924],[2.20851,41.40754],[2.21022,41.40624],[2.21075,41.40582],[2.21116,41.40552],[2.21219,41.40474]],[[2.19696,41.41624],[2.1947,41.41795]],[[2.2126,41.40444],[2.21377,41.40352]]]}},{"type":"Feature","properties":{"s":"st-carrer-de-provenca"},"geometry":{"type":"MultiLineString","coordinates":[[[2.18122,41.40943],[2.18204,41.41002],[2.18283,41.41054]]]}},{"type":"Feature","properties":{"s":"st-carrer-de-la-providencia"},"geometry":{"type":"MultiLineString","coordinates":[[[2.15514,41.40543],[2.1582,41.40746]],[[2.1582,41.40746],[2.15868,41.40773]],[[2.1582,41.40746],[2.15807,41.40758]],[[2.15868,41.40773],[2.15856,41.40785]],[[2.15868,41.40773],[2.16394,41.41049],[2.1644,41.41072]]]}},{"type":"Feature","properties":{"s":"st-carrer-de-pruit"},"geometry":{"type":"MultiLineString","coordinates":[[[2.17333,41.45322],[2.1738,41.45255],[2.17383,41.45244]]]}},{"type":"Feature","properties":{"s":"st-carrer-del-pont"},"geometry":{"type":"MultiLineString","coordinates":[[[2.19142,41.43604],[2.19224,41.43599],[2.19267,41.43612]]]}},{"type":"Feature","properties":{"s":"st-carrer-del-pont-de-sant-marti"},"geometry":{"type":"MultiLineString","coordinates":[[[2.19115,41.42251],[2.19181,41.42266]]]}},{"type":"Feature","properties":{"s":"st-carrer-del-pont-del-treball-digne"},"geometry":{"type":"MultiLineString","coordinates":[[[2.1933,41.42396],[2.19602,41.4223],[2.19877,41.42179]]]}},{"type":"Feature","properties":{"s":"st-avinguda-del-portal-de-l-angel"},"geometry":{"type":"MultiLineString","coordinates":[[[2.17239,41.38613],[2.17324,41.3855],[2.17369,41.38514],[2.17382,41.38499],[2.17412,41.38459]]]}},{"type":"Feature","properties":{"s":"st-carrer-del-portal-nou"},"geometry":{"type":"MultiLineString","coordinates":[[[2.18096,41.38983],[2.18061,41.38816]]]}},{"type":"Feature","properties":{"s":"st-placa-del-portal-de-la-pau"},"geometry":{"type":"MultiLineString","coordinates":[[[2.17706,41.37614],[2.17742,41.37643],[2.17802,41.37611],[2.17738,41.3753],[2.17706,41.37614]]]}},{"type":"Feature","properties":{"s":"st-carrer-del-portal-de-santa-madrona"},"geometry":{"type":"MultiLineString","coordinates":[[[2.17637,41.37733],[2.17576,41.3766],[2.17542,41.37623],[2.17501,41.37573],[2.17471,41.37556],[2.17322,41.37476]]]}},{"type":"Feature","properties":{"s":"st-carrer-de-la-portaferrissa"},"geometry":{"type":"MultiLineString","coordinates":[[[2.17408,41.38405],[2.17389,41.38388],[2.17261,41.3834],[2.17243,41.38332],[2.17172,41.38301]]]}},{"type":"Feature","properties":{"s":"st-carrer-de-puerto-principe"},"geometry":{"type":"MultiLineString","coordinates":[[[2.18076,41.42043],[2.18088,41.42093],[2.18097,41.42155],[2.18132,41.42342],[2.18147,41.42387],[2.18193,41.42419]]]}},{"type":"Feature","properties":{"s":"st-placa-del-nen-de-la-rutlla"},"geometry":{"type":"MultiLineString","coordinates":[[[2.17184,41.41831],[2.17212,41.41873],[2.17224,41.41895],[2.1715,41.41931],[2.17106,41.41857],[2.17184,41.41831]]]}},{"type":"Feature","properties":{"s":"st-carrer-de-puig-i-cadafalch"},"geometry":{"type":"MultiLineString","coordinates":[[[2.14137,41.42923],[2.14193,41.43054]],[[2.14268,41.43218],[2.14238,41.43154],[2.14194,41.43066]]]}},{"type":"Feature","properties":{"s":"st-carrer-del-puig-castellar"},"geometry":{"type":"MultiLineString","coordinates":[[[2.15521,41.42568],[2.1564,41.42633]]]}},{"type":"Feature","properties":{"s":"st-avinguda-de-puig-de-jorba"},"geometry":{"type":"MultiLineString","coordinates":[[[2.18097,41.46407],[2.18079,41.46474]],[[2.18074,41.46499],[2.18048,41.46572],[2.18041,41.46725],[2.17997,41.46676],[2.17916,41.46661]]]}},{"type":"Feature","properties":{"s":"st-carrer-de-puig-i-valls"},"geometry":{"type":"MultiLineString","coordinates":[[[2.12692,41.37415],[2.1249,41.3732]]]}},{"type":"Feature","properties":{"s":"st-carrer-de-puigcerda"},"geometry":{"type":"MultiLineString","coordinates":[[[2.20728,41.41687],[2.20853,41.41605],[2.20961,41.41522],[2.21078,41.41433],[2.21533,41.41094]],[[2.20613,41.41782],[2.20223,41.42082],[2.20155,41.4214],[2.20105,41.42269],[2.20038,41.42308],[2.19975,41.42476]]]}},{"type":"Feature","properties":{"s":"st-carrer-de-puiggari"},"geometry":{"type":"MultiLineString","coordinates":[[[2.13696,41.37959],[2.13775,41.37988],[2.13899,41.38036],[2.14052,41.38092]]]}},{"type":"Feature","properties":{"s":"st-carrer-de-puiggener"},"geometry":{"type":"MultiLineString","coordinates":[[[2.18789,41.41006],[2.18804,41.41041]]]}},{"type":"Feature","properties":{"s":"st-passatge-del-puigmadrona"},"geometry":{"type":"MultiLineString","coordinates":[[[2.18568,41.41119],[2.18436,41.41166]]]}},{"type":"Feature","properties":{"s":"st-carrer-de-puigmarti"},"geometry":{"type":"MultiLineString","coordinates":[[[2.1585,41.40112],[2.16014,41.40214],[2.16162,41.40306]]]}},{"type":"Feature","properties":{"s":"st-carrer-de-puig-reig"},"geometry":{"type":"MultiLineString","coordinates":[[[2.14295,41.4044],[2.14312,41.40521]]]}},{"type":"Feature","properties":{"s":"st-carrer-de-puig-i-xoriguer"},"geometry":{"type":"MultiLineString","coordinates":[[[2.17411,41.37471],[2.17314,41.37291],[2.17285,41.37232]]]}},{"type":"Feature","properties":{"s":"st-carrer-de-pujades"},"geometry":{"type":"MultiLineString","coordinates":[[[2.20968,41.40839],[2.20736,41.40671],[2.20563,41.40543],[2.20203,41.4027],[2.20155,41.40232],[2.20057,41.40159],[2.19943,41.40069],[2.19832,41.39987],[2.19605,41.39815],[2.19538,41.39767],[2.19334,41.39609],[2.19149,41.39471],[2.18909,41.39313],[2.18799,41.3923],[2.18686,41.3915]],[[2.21195,41.41008],[2.21305,41.41093],[2.21415,41.41181],[2.21531,41.41264],[2.21642,41.41349]]]}},{"type":"Feature","properties":{"s":"st-passeig-de-pujades"},"geometry":{"type":"MultiLineString","coordinates":[[[2.18176,41.38764],[2.18304,41.38862],[2.18572,41.3906],[2.18686,41.3915]],[[2.18758,41.38741],[2.18687,41.38708]]]}},{"type":"Feature","properties":{"s":"st-carrer-de-pujalt"},"geometry":{"type":"MultiLineString","coordinates":[[[2.18202,41.46248],[2.18238,41.46254],[2.18284,41.46315]]]}},{"type":"Feature","properties":{"s":"st-carrer-de-pujol"},"geometry":{"type":"MultiLineString","coordinates":[[[2.13701,41.40442],[2.13596,41.40541]]]}},{"type":"Feature","properties":{"s":"st-carrer-de-can-pujolet"},"geometry":{"type":"MultiLineString","coordinates":[[[2.16363,41.42413],[2.16367,41.42658],[2.16359,41.4272]]]}},{"type":"Feature","properties":{"s":"st-passatge-d-en-pujolet"},"geometry":{"type":"MultiLineString","coordinates":[[[2.16357,41.42349],[2.16342,41.4241]]]}},{"type":"Feature","properties":{"s":"st-carrer-de-la-purissima"},"geometry":{"type":"MultiLineString","coordinates":[[[2.1513,41.42627],[2.15134,41.4274],[2.1517,41.428]]]}},{"type":"Feature","properties":{"s":"st-carrer-de-la-purissima-concepcio"},"geometry":{"type":"MultiLineString","coordinates":[[[2.15793,41.3711],[2.15903,41.37195]]]}},{"type":"Feature","properties":{"s":"st-carrer-del-putxet"},"geometry":{"type":"MultiLineString","coordinates":[[[2.14219,41.40387],[2.14244,41.40454],[2.14252,41.40505]],[[2.14312,41.40521],[2.14343,41.40591],[2.14405,41.40665],[2.14415,41.40758],[2.14345,41.40801]]]}},{"type":"Feature","properties":{"s":"st-carrer-de-quer"},"geometry":{"type":"MultiLineString","coordinates":[[[2.16776,41.43396],[2.16764,41.43371]]]}},{"type":"Feature","properties":{"s":"st-carrer-de-queralt"},"geometry":{"type":"MultiLineString","coordinates":[[[2.10471,41.4131],[2.10484,41.41327],[2.10517,41.41378],[2.1056,41.41438]]]}},{"type":"Feature","properties":{"s":"st-carrer-de-quesada"},"geometry":{"type":"MultiLineString","coordinates":[[[2.1779,41.44725],[2.1781,41.44766]]]}},{"type":"Feature","properties":{"s":"st-carrer-del-quetzal"},"geometry":{"type":"MultiLineString","coordinates":[[[2.13488,41.3679],[2.13375,41.36742],[2.13231,41.36638]]]}},{"type":"Feature","properties":{"s":"st-carrer-de-quevedo"},"geometry":{"type":"MultiLineString","coordinates":[[[2.16116,41.40345],[2.16295,41.40198]]]}},{"type":"Feature","properties":{"s":"st-carrer-de-la-quimica"},"geometry":{"type":"MultiLineString","coordinates":[[[2.13764,41.36638],[2.1389,41.36508]]]}},{"type":"Feature","properties":{"s":"st-carrer-d-en-quintana"},"geometry":{"type":"MultiLineString","coordinates":[[[2.17481,41.38082],[2.17412,41.38147]]]}},{"type":"Feature","properties":{"s":"st-passatge-de-quintana"},"geometry":{"type":"MultiLineString","coordinates":[[[2.17807,41.44504],[2.17903,41.44471]]]}},{"type":"Feature","properties":{"s":"st-carrer-de-quito"},"geometry":{"type":"MultiLineString","coordinates":[[[2.19876,41.4458],[2.2014,41.4468],[2.20204,41.44702]]]}},{"type":"Feature","properties":{"s":"st-carrer-de-rabassa"},"geometry":{"type":"MultiLineString","coordinates":[[[2.15881,41.40685],[2.1557,41.40995]]]}},{"type":"Feature","properties":{"s":"st-carrer-del-rabi-ruben"},"geometry":{"type":"MultiLineString","coordinates":[[[2.1469,41.37159],[2.14758,41.37068],[2.1479,41.37029]]]}},{"type":"Feature","properties":{"s":"st-carrer-de-la-rabida"},"geometry":{"type":"MultiLineString","coordinates":[[[2.10768,41.39555],[2.1072,41.39656]]]}},{"type":"Feature","properties":{"s":"st-carrer-de-radas"},"geometry":{"type":"MultiLineString","coordinates":[[[2.16102,41.37387],[2.16038,41.37212],[2.16024,41.37143]]]}},{"type":"Feature","properties":{"s":"st-carrer-del-radi"},"geometry":{"type":"MultiLineString","coordinates":[[[2.13373,41.36347],[2.13543,41.36228]]]}},{"type":"Feature","properties":{"s":"st-carrer-de-rafael-batlle"},"geometry":{"type":"MultiLineString","coordinates":[[[2.12818,41.39538],[2.12715,41.39611],[2.12667,41.39653],[2.12648,41.39668]]]}},{"type":"Feature","properties":{"s":"st-carrer-de-rafael-capdevila"},"geometry":{"type":"MultiLineString","coordinates":[[[2.18787,41.40939],[2.18863,41.40882]]]}},{"type":"Feature","properties":{"s":"st-carrer-de-rafols"},"geometry":{"type":"MultiLineString","coordinates":[[[2.11514,41.40247],[2.116,41.40197],[2.11687,41.40145]]]}},{"type":"Feature","properties":{"s":"st-carrer-del-rajoler"},"geometry":{"type":"MultiLineString","coordinates":[[[2.16033,41.43052],[2.16086,41.4307]]]}},{"type":"Feature","properties":{"s":"st-carrer-de-puig-d-ossa"},"geometry":{"type":"MultiLineString","coordinates":[[[2.10532,41.38939],[2.10457,41.38855]],[[2.10457,41.38855],[2.10439,41.38834]],[[2.10457,41.38855],[2.1044,41.38869],[2.10445,41.38907]]]}},{"type":"Feature","properties":{"s":"st-carrer-d-ana-maria-matute-ausejo"},"geometry":{"type":"MultiLineString","coordinates":[[[2.16045,41.4138],[2.16002,41.41395],[2.15862,41.41493],[2.15783,41.41599],[2.15675,41.41574]]]}},{"type":"Feature","properties":{"s":"st-carrer-de-ramis"},"geometry":{"type":"MultiLineString","coordinates":[[[2.16106,41.40236],[2.16184,41.40289]]]}},{"type":"Feature","properties":{"s":"st-carrer-de-ramon-albo"},"geometry":{"type":"MultiLineString","coordinates":[[[2.17739,41.42406],[2.17728,41.42618],[2.17721,41.4271],[2.17723,41.42779]]]}},{"type":"Feature","properties":{"s":"st-placeta-del-pi"},"geometry":{"type":"MultiLineString","coordinates":[[[2.17448,41.38177],[2.17435,41.38195]]]}},{"type":"Feature","properties":{"s":"st-carrer-de-ramon-batlle"},"geometry":{"type":"MultiLineString","coordinates":[[[2.18933,41.43189],[2.19323,41.43214]]]}},{"type":"Feature","properties":{"s":"st-carrer-de-ramon-y-cajal"},"geometry":{"type":"MultiLineString","coordinates":[[[2.15747,41.40187],[2.15839,41.40245],[2.16137,41.40427],[2.1626,41.40503],[2.16304,41.40544]]]}},{"type":"Feature","properties":{"s":"st-placa-de-raimon-casellas"},"geometry":{"type":"MultiLineString","coordinates":[[[2.15949,41.41521],[2.15916,41.41566]]]}},{"type":"Feature","properties":{"s":"st-carrer-de-ramon-miquel-i-planas"},"geometry":{"type":"MultiLineString","coordinates":[[[2.12034,41.40101],[2.11927,41.40049],[2.11834,41.40001],[2.11698,41.39932]]]}},{"type":"Feature","properties":{"s":"st-placa-de-ramon-riera"},"geometry":{"type":"MultiLineString","coordinates":[[[2.19173,41.43531],[2.19203,41.43527],[2.19218,41.43483],[2.19192,41.43478],[2.19173,41.43531]]]}},{"type":"Feature","properties":{"s":"st-carrer-de-ramon-rocafull"},"geometry":{"type":"MultiLineString","coordinates":[[[2.15536,41.42167],[2.15213,41.42446],[2.15182,41.4247]]]}},{"type":"Feature","properties":{"s":"st-carrer-de-raset"},"geometry":{"type":"MultiLineString","coordinates":[[[2.14014,41.3986],[2.13606,41.39857],[2.13475,41.39858]]]}},{"type":"Feature","properties":{"s":"st-avinguda-dels-rasos-de-peguera"},"geometry":{"type":"MultiLineString","coordinates":[[[2.16816,41.45985],[2.17008,41.46014],[2.17159,41.46043],[2.17233,41.45986],[2.17453,41.46064],[2.17572,41.46068],[2.17467,41.45951],[2.17589,41.45972],[2.17665,41.46013],[2.17743,41.46092],[2.1792,41.46188],[2.17975,41.46231]]]}},{"type":"Feature","properties":{"s":"st-passatge-de-rates"},"geometry":{"type":"MultiLineString","coordinates":[[[2.18847,41.39929],[2.18998,41.3987]]]}},{"type":"Feature","properties":{"s":"st-carrer-d-en-rauric"},"geometry":{"type":"MultiLineString","coordinates":[[[2.17571,41.3807],[2.17515,41.38111],[2.17461,41.38158]]]}},{"type":"Feature","properties":{"s":"st-carrer-de-ravella"},"geometry":{"type":"MultiLineString","coordinates":[[[2.13557,41.40065],[2.13871,41.40068]]]}},{"type":"Feature","properties":{"s":"st-placa-reial"},"geometry":{"type":"MultiLineString","coordinates":[[[2.17515,41.38052],[2.17493,41.38036],[2.17505,41.37992],[2.17539,41.37966],[2.17583,41.38],[2.17532,41.3804],[2.17515,41.38052]],[[2.17515,41.38052],[2.17507,41.38059]]]}},{"type":"Feature","properties":{"s":"st-carrer-de-l-isard"},"geometry":{"type":"MultiLineString","coordinates":[[[2.17061,41.44038],[2.17058,41.43883]]]}},{"type":"Feature","properties":{"s":"st-carrer-de-recesvint"},"geometry":{"type":"MultiLineString","coordinates":[[[2.18658,41.43854],[2.18607,41.4377]]]}},{"type":"Feature","properties":{"s":"st-carrer-del-rector-bruguera"},"geometry":{"type":"MultiLineString","coordinates":[[[2.18748,41.3814],[2.18802,41.38003]]]}},{"type":"Feature","properties":{"s":"st-carrer-del-rector-de-vallfogona"},"geometry":{"type":"MultiLineString","coordinates":[[[2.19747,41.42005],[2.19659,41.42047]]]}},{"type":"Feature","properties":{"s":"st-avinguda-del-rectoret"},"geometry":{"type":"MultiLineString","coordinates":[[[2.09321,41.42536],[2.09299,41.42594],[2.09195,41.42824]]]}},{"type":"Feature","properties":{"s":"st-carrer-de-la-rectoria"},"geometry":{"type":"MultiLineString","coordinates":[[[2.15839,41.43269],[2.15903,41.43332],[2.15972,41.43396],[2.16,41.43435]]]}},{"type":"Feature","properties":{"s":"st-carrer-del-rec"},"geometry":{"type":"MultiLineString","coordinates":[[[2.18454,41.38407],[2.18389,41.38438],[2.18335,41.38466],[2.183,41.38496]],[[2.18293,41.38508],[2.18209,41.3862],[2.18187,41.38645]]]}},{"type":"Feature","properties":{"s":"st-passatge-del-redemptor"},"geometry":{"type":"MultiLineString","coordinates":[[[2.16285,41.41311],[2.1621,41.41401]]]}},{"type":"Feature","properties":{"s":"st-carrer-de-regas"},"geometry":{"type":"MultiLineString","coordinates":[[[2.1529,41.39822],[2.15125,41.3992],[2.15048,41.3997]]]}},{"type":"Feature","properties":{"s":"st-carrer-del-regent-mendieta"},"geometry":{"type":"MultiLineString","coordinates":[[[2.12414,41.37776],[2.12173,41.37652]]]}},{"type":"Feature","properties":{"s":"st-passatge-del-regent-mendieta"},"geometry":{"type":"MultiLineString","coordinates":[[[2.12429,41.37662],[2.12345,41.37741]]]}},{"type":"Feature","properties":{"s":"st-carrer-del-regomir"},"geometry":{"type":"MultiLineString","coordinates":[[[2.18035,41.38097],[2.18001,41.3811],[2.17947,41.38121],[2.17882,41.38158]]]}},{"type":"Feature","properties":{"s":"st-placa-del-regomir"},"geometry":{"type":"MultiLineString","coordinates":[[[2.17866,41.38174],[2.17882,41.38158],[2.17874,41.38157],[2.17866,41.38174]]]}},{"type":"Feature","properties":{"s":"st-carrer-de-reig-i-bonet"},"geometry":{"type":"MultiLineString","coordinates":[[[2.15932,41.40709],[2.16085,41.40776]]]}},{"type":"Feature","properties":{"s":"st-carrer-de-la-reina-cristina"},"geometry":{"type":"MultiLineString","coordinates":[[[2.1839,41.38226],[2.18308,41.38127]]]}},{"type":"Feature","properties":{"s":"st-passeig-de-la-reina-elisenda-de-montcada"},"geometry":{"type":"MultiLineString","coordinates":[[[2.11616,41.39751],[2.11752,41.39791],[2.11865,41.39853],[2.11956,41.39911],[2.11997,41.39936],[2.12052,41.39965],[2.12137,41.39993]]]}},{"type":"Feature","properties":{"s":"st-carrer-de-la-reina-elionor"},"geometry":{"type":"MultiLineString","coordinates":[[[2.17907,41.38239],[2.17875,41.38224]]]}},{"type":"Feature","properties":{"s":"st-avinguda-de-la-reina-maria-cristina"},"geometry":{"type":"MultiLineString","coordinates":[[[2.14939,41.37465],[2.15141,41.37165]]]}},{"type":"Feature","properties":{"s":"st-placa-de-la-reina-maria-cristina"},"geometry":{"type":"MultiLineString","coordinates":[[[2.12821,41.3884],[2.12701,41.38809]],[[2.12821,41.3884],[2.12701,41.38809]],[[2.12821,41.3884],[2.12701,41.38809]],[[2.12821,41.3884],[2.12763,41.38892]],[[2.12701,41.38809],[2.12683,41.38862]]]}},{"type":"Feature","properties":{"s":"st-carrer-de-la-reina-victoria"},"geometry":{"type":"MultiLineString","coordinates":[[[2.1414,41.39768],[2.14059,41.39717]],[[2.14059,41.39717],[2.14007,41.3967]],[[2.14059,41.39717],[2.13989,41.39698],[2.13596,41.39698]]]}},{"type":"Feature","properties":{"s":"st-carrer-de-reixac"},"geometry":{"type":"MultiLineString","coordinates":[[[2.21634,41.41703],[2.21585,41.41665]]]}},{"type":"Feature","properties":{"s":"st-passatge-del-rellotge"},"geometry":{"type":"MultiLineString","coordinates":[[[2.17742,41.38012],[2.17711,41.38015],[2.17702,41.38021]]]}},{"type":"Feature","properties":{"s":"st-carrer-de-rembrandt"},"geometry":{"type":"MultiLineString","coordinates":[[[2.15371,41.43552],[2.15439,41.43612]]]}},{"type":"Feature","properties":{"s":"st-carrer-del-remei"},"geometry":{"type":"MultiLineString","coordinates":[[[2.13191,41.38672],[2.13003,41.38562]]]}},{"type":"Feature","properties":{"s":"st-carrer-de-la-renaixenca"},"geometry":{"type":"MultiLineString","coordinates":[[[2.17535,41.41553],[2.17637,41.41692],[2.17671,41.41742],[2.17709,41.41792],[2.17769,41.41879],[2.17805,41.41927]]]}},{"type":"Feature","properties":{"s":"st-carrer-de-renart"},"geometry":{"type":"MultiLineString","coordinates":[[[2.18484,41.43315],[2.185,41.43397],[2.18514,41.43501],[2.18517,41.43512],[2.18527,41.43596]]]}},{"type":"Feature","properties":{"s":"st-carrer-del-repartidor"},"geometry":{"type":"MultiLineString","coordinates":[[[2.15001,41.41017],[2.14796,41.41209],[2.14774,41.41276]]]}},{"type":"Feature","properties":{"s":"st-placa-d-angeleta-ferrer"},"geometry":{"type":"MultiLineString","coordinates":[[[2.19925,41.41654],[2.19953,41.41634]]]}},{"type":"Feature","properties":{"s":"st-avinguda-de-la-republica-argentina"},"geometry":{"type":"MultiLineString","coordinates":[[[2.14311,41.41149],[2.14089,41.41172],[2.13994,41.41243],[2.13782,41.41408]],[[2.14311,41.41149],[2.14523,41.41116],[2.14567,41.41077],[2.14578,41.41048],[2.14629,41.40968],[2.14744,41.40824],[2.14805,41.40767],[2.14902,41.40688]],[[2.14311,41.41149],[2.14338,41.41173]]]}},{"type":"Feature","properties":{"s":"st-carrer-de-la-residencia"},"geometry":{"type":"MultiLineString","coordinates":[[[2.19206,41.43992],[2.19097,41.43986],[2.19001,41.43995],[2.18942,41.44001],[2.18852,41.44009]]]}},{"type":"Feature","properties":{"s":"st-carrer-de-la-ginestera"},"geometry":{"type":"MultiLineString","coordinates":[[[2.10102,41.41165],[2.10049,41.41138],[2.10197,41.40894]]]}},{"type":"Feature","properties":{"s":"st-carrer-de-reus"},"geometry":{"type":"MultiLineString","coordinates":[[[2.134,41.40456],[2.13448,41.40498],[2.13496,41.40546],[2.13564,41.40609]]]}},{"type":"Feature","properties":{"s":"st-carrer-de-mossen-amadeu-oller"},"geometry":{"type":"MultiLineString","coordinates":[[[2.1374,41.36989],[2.13821,41.36899],[2.13941,41.36773]]]}},{"type":"Feature","properties":{"s":"st-carrer-de-mossen-josep-bundo"},"geometry":{"type":"MultiLineString","coordinates":[[[2.1672,41.42758],[2.16734,41.4271],[2.16638,41.42653],[2.16583,41.42669],[2.16486,41.42662],[2.16367,41.42658]]]}},{"type":"Feature","properties":{"s":"st-carrer-de-mossen-quinti-mallofre"},"geometry":{"type":"MultiLineString","coordinates":[[[2.19281,41.43031],[2.19372,41.43046],[2.19493,41.43068]]]}},{"type":"Feature","properties":{"s":"st-carrer-de-mossen-epifani-lorda"},"geometry":{"type":"MultiLineString","coordinates":[[[2.19346,41.453],[2.19356,41.45369]]]}},{"type":"Feature","properties":{"s":"st-carrer-de-mossen-xiro"},"geometry":{"type":"MultiLineString","coordinates":[[[2.14884,41.40419],[2.14929,41.40404],[2.14984,41.40426]]]}},{"type":"Feature","properties":{"s":"st-carrer-de-mossen-masdexexart"},"geometry":{"type":"MultiLineString","coordinates":[[[2.15883,41.4099],[2.15811,41.40951]]]}},{"type":"Feature","properties":{"s":"st-placa-del-rei"},"geometry":{"type":"MultiLineString","coordinates":[[[2.17746,41.38399],[2.17761,41.3841]]]}},{"type":"Feature","properties":{"s":"st-carrer-del-rei-marti"},"geometry":{"type":"MultiLineString","coordinates":[[[2.1381,41.37365],[2.13951,41.37406],[2.14012,41.37423],[2.14102,41.37449],[2.14148,41.37458]]]}},{"type":"Feature","properties":{"s":"st-carrer-d-elisa-moragas-i-badia"},"geometry":{"type":"MultiLineString","coordinates":[[[2.10432,41.41356],[2.10355,41.41431],[2.09889,41.41575]]]}},{"type":"Feature","properties":{"s":"st-carrer-de-la-belladona"},"geometry":{"type":"MultiLineString","coordinates":[[[2.09195,41.42824],[2.09303,41.42996],[2.09282,41.43052]]]}},{"type":"Feature","properties":{"s":"st-carrer-de-la-ribagorca"},"geometry":{"type":"MultiLineString","coordinates":[[[2.1315,41.407],[2.13187,41.40733]]]}},{"type":"Feature","properties":{"s":"st-carretera-de-ribes"},"geometry":{"type":"MultiLineString","coordinates":[[[2.18972,41.4487],[2.1896,41.44695],[2.1887,41.44521],[2.18853,41.44458]],[[2.18972,41.4487],[2.18916,41.45092]],[[2.18972,41.4487],[2.1885,41.44932]],[[2.18876,41.45262],[2.18943,41.45343],[2.18983,41.45443],[2.18852,41.45692],[2.18833,41.45711]],[[2.18833,41.45711],[2.18738,41.46129]],[[2.18833,41.45711],[2.18295,41.4613]],[[2.18261,41.46181],[2.18223,41.46204]]]}},{"type":"Feature","properties":{"s":"st-carrer-de-ribelles"},"geometry":{"type":"MultiLineString","coordinates":[[[2.16466,41.43469],[2.16776,41.43396],[2.1681,41.43393]]]}},{"type":"Feature","properties":{"s":"st-carrer-de-la-ribera"},"geometry":{"type":"MultiLineString","coordinates":[[[2.18372,41.38472],[2.18407,41.38503],[2.18533,41.38597]]]}},{"type":"Feature","properties":{"s":"st-carrer-de-ricardo-calvo"},"geometry":{"type":"MultiLineString","coordinates":[[[2.13181,41.40235],[2.13384,41.40322]]]}},{"type":"Feature","properties":{"s":"st-carrer-de-ricart"},"geometry":{"type":"MultiLineString","coordinates":[[[2.15802,41.37366],[2.1577,41.373],[2.15684,41.37214],[2.15622,41.3717],[2.15595,41.37141]]]}},{"type":"Feature","properties":{"s":"st-carrer-de-riells"},"geometry":{"type":"MultiLineString","coordinates":[[[2.16783,41.43478],[2.16717,41.43494],[2.16778,41.43464],[2.16913,41.43402]]]}},{"type":"Feature","properties":{"s":"st-carrer-de-la-riera-alta"},"geometry":{"type":"MultiLineString","coordinates":[[[2.16555,41.38045],[2.16669,41.38053],[2.16749,41.38057]]]}},{"type":"Feature","properties":{"s":"st-carrer-de-la-riera-baixa"},"geometry":{"type":"MultiLineString","coordinates":[[[2.16749,41.38057],[2.16883,41.37998]]]}},{"type":"Feature","properties":{"s":"st-riera-blanca"},"geometry":{"type":"MultiLineString","coordinates":[[[2.13283,41.36552],[2.13231,41.36638],[2.1315,41.36821],[2.12998,41.37008],[2.12934,41.37062],[2.12854,41.37106],[2.12733,41.3716],[2.12614,41.37242],[2.1249,41.3732],[2.12427,41.37354],[2.12387,41.37419],[2.12324,41.37484],[2.12227,41.3753],[2.12172,41.37568],[2.12172,41.37743],[2.12141,41.37796]]]}},{"type":"Feature","properties":{"s":"st-carrer-de-la-riera-d-horta"},"geometry":{"type":"MultiLineString","coordinates":[[[2.18485,41.42763],[2.18169,41.42774],[2.17982,41.4278],[2.17921,41.42786],[2.17727,41.42818]]]}},{"type":"Feature","properties":{"s":"st-carrer-de-la-riera-de-sant-miquel"},"geometry":{"type":"MultiLineString","coordinates":[[[2.15716,41.39745],[2.15658,41.39789],[2.15602,41.39818],[2.15541,41.39844],[2.15453,41.39861],[2.15374,41.39877]]]}},{"type":"Feature","properties":{"s":"st-carrer-de-la-riera-de-vallcarca"},"geometry":{"type":"MultiLineString","coordinates":[[[2.14882,41.40817],[2.14902,41.40688]]]}},{"type":"Feature","properties":{"s":"st-carrer-de-la-riereta"},"geometry":{"type":"MultiLineString","coordinates":[[[2.16994,41.37705],[2.16859,41.378],[2.16783,41.37851],[2.16715,41.37902],[2.16683,41.37931]]]}},{"type":"Feature","properties":{"s":"st-avinguda-de-rio-de-janeiro"},"geometry":{"type":"MultiLineString","coordinates":[[[2.18258,41.43019],[2.18178,41.43118],[2.1815,41.43142],[2.1803,41.43267],[2.17953,41.43428],[2.18035,41.43666],[2.1807,41.43763],[2.18113,41.43842],[2.18154,41.43897],[2.18174,41.43926],[2.18235,41.43979],[2.18562,41.44254],[2.186,41.44283]]]}},{"type":"Feature","properties":{"s":"st-carrer-del-riu-de-la-plata"},"geometry":{"type":"MultiLineString","coordinates":[[[2.14864,41.41665],[2.15007,41.41689],[2.15086,41.4169]]]}},{"type":"Feature","properties":{"s":"st-carrer-del-riu-de-l-or"},"geometry":{"type":"MultiLineString","coordinates":[[[2.12462,41.39234],[2.12218,41.39496]]]}},{"type":"Feature","properties":{"s":"st-carrer-de-rios-rosas"},"geometry":{"type":"MultiLineString","coordinates":[[[2.1448,41.40333],[2.14376,41.40405],[2.14295,41.4044],[2.1416,41.40477]]]}},{"type":"Feature","properties":{"s":"st-carrer-de-ripoll"},"geometry":{"type":"MultiLineString","coordinates":[[[2.17555,41.38522],[2.17507,41.3855],[2.17489,41.3856]]]}},{"type":"Feature","properties":{"s":"st-carrer-del-ripolles"},"geometry":{"type":"MultiLineString","coordinates":[[[2.18637,41.41567],[2.18455,41.41334],[2.18356,41.41204],[2.18327,41.41168]]]}},{"type":"Feature","properties":{"s":"st-carrer-de-ripollet"},"geometry":{"type":"MultiLineString","coordinates":[[[2.1832,41.45661],[2.18214,41.45632]]]}},{"type":"Feature","properties":{"s":"st-carrer-del-ritme"},"geometry":{"type":"MultiLineString","coordinates":[[[2.14259,41.43409],[2.14254,41.43339]]]}},{"type":"Feature","properties":{"s":"st-carrer-de-riudarenes"},"geometry":{"type":"MultiLineString","coordinates":[[[2.17988,41.38093],[2.17965,41.38101]]]}},{"type":"Feature","properties":{"s":"st-carrer-de-riudecanyes"},"geometry":{"type":"MultiLineString","coordinates":[[[2.17894,41.45212],[2.18428,41.45449]]]}},{"type":"Feature","properties":{"s":"st-carrer-de-riudoms"},"geometry":{"type":"MultiLineString","coordinates":[[[2.1428,41.35209],[2.14158,41.35298]]]}},{"type":"Feature","properties":{"s":"st-avinguda-de-rius-i-taulet"},"geometry":{"type":"MultiLineString","coordinates":[[[2.15518,41.37287],[2.15353,41.37245],[2.15141,41.37165]]]}},{"type":"Feature","properties":{"s":"st-placa-de-la-vila-de-gracia"},"geometry":{"type":"MultiLineString","coordinates":[[[2.15756,41.40052],[2.15802,41.40012],[2.15764,41.39989],[2.1572,41.40027],[2.15756,41.40052]]]}},{"type":"Feature","properties":{"s":"st-baixada-de-rivero"},"geometry":{"type":"MultiLineString","coordinates":[[[2.158,41.43101],[2.15812,41.43048]]]}},{"type":"Feature","properties":{"s":"st-carrer-de-rivero"},"geometry":{"type":"MultiLineString","coordinates":[[[2.15962,41.43166],[2.1591,41.43125],[2.158,41.43101],[2.15768,41.431],[2.15709,41.43104],[2.15593,41.43151],[2.15548,41.4316]]]}},{"type":"Feature","properties":{"s":"st-carrer-d-en-robador"},"geometry":{"type":"MultiLineString","coordinates":[[[2.17155,41.37862],[2.17015,41.38036]]]}},{"type":"Feature","properties":{"s":"st-carrer-de-robert-gerhard"},"geometry":{"type":"MultiLineString","coordinates":[[[2.12681,41.39004],[2.12659,41.39045],[2.12639,41.39089]]]}},{"type":"Feature","properties":{"s":"st-carrer-de-sabino-arana"},"geometry":{"type":"MultiLineString","coordinates":[[[2.12314,41.38678],[2.12428,41.38593],[2.12719,41.38572]]]}},{"type":"Feature","properties":{"s":"st-carrer-de-robrenyo"},"geometry":{"type":"MultiLineString","coordinates":[[[2.13605,41.38094],[2.14066,41.38269]]]}},{"type":"Feature","properties":{"s":"st-carrer-d-en-roca"},"geometry":{"type":"MultiLineString","coordinates":[[[2.17196,41.38312],[2.17345,41.38197]]]}},{"type":"Feature","properties":{"s":"st-passatge-de-roca"},"geometry":{"type":"MultiLineString","coordinates":[[[2.13951,41.38839],[2.13983,41.38854]]]}},{"type":"Feature","properties":{"s":"st-carrer-de-roca-i-batlle"},"geometry":{"type":"MultiLineString","coordinates":[[[2.14082,41.40774],[2.14074,41.40925],[2.14024,41.41015]]]}},{"type":"Feature","properties":{"s":"st-carrer-de-rocaberti"},"geometry":{"type":"MultiLineString","coordinates":[[[2.12443,41.39652],[2.12528,41.39699]]]}},{"type":"Feature","properties":{"s":"st-carrer-de-rocabruna"},"geometry":{"type":"MultiLineString","coordinates":[[[2.16746,41.43423],[2.16778,41.43464],[2.16783,41.43478],[2.16806,41.43528]]]}},{"type":"Feature","properties":{"s":"st-carrer-del-roine"},"geometry":{"type":"MultiLineString","coordinates":[[[2.19001,41.43147],[2.19011,41.43103],[2.19058,41.4306]]]}},{"type":"Feature","properties":{"s":"st-carrer-de-rodes"},"geometry":{"type":"MultiLineString","coordinates":[[[2.21803,41.41618],[2.21912,41.41536],[2.21917,41.41505],[2.21997,41.41445]]]}},{"type":"Feature","properties":{"s":"st-carrer-de-rodriguez"},"geometry":{"type":"MultiLineString","coordinates":[[[2.12966,41.37634],[2.12962,41.37649],[2.12947,41.37685]]]}},{"type":"Feature","properties":{"s":"st-carrer-de-rodrigo-caro"},"geometry":{"type":"MultiLineString","coordinates":[[[2.17255,41.44766],[2.17342,41.44788],[2.17366,41.44843],[2.1746,41.4493]]]}},{"type":"Feature","properties":{"s":"st-carrer-de-rogent"},"geometry":{"type":"MultiLineString","coordinates":[[[2.18067,41.41224],[2.18108,41.41193],[2.18149,41.41158],[2.18283,41.41054],[2.18441,41.40933],[2.18515,41.40905],[2.18685,41.40863]]]}},{"type":"Feature","properties":{"s":"st-carrer-de-roger"},"geometry":{"type":"MultiLineString","coordinates":[[[2.12962,41.37788],[2.12797,41.37725],[2.12758,41.37709],[2.1267,41.37676],[2.12521,41.37617]]]}},{"type":"Feature","properties":{"s":"st-carrer-de-roger-de-flor"},"geometry":{"type":"MultiLineString","coordinates":[[[2.18458,41.38976],[2.18345,41.39061]],[[2.16754,41.40269],[2.16406,41.40526]]]}},{"type":"Feature","properties":{"s":"st-carrer-d-en-roig"},"geometry":{"type":"MultiLineString","coordinates":[[[2.16911,41.38007],[2.16866,41.38073],[2.16825,41.38113]]]}},{"type":"Feature","properties":{"s":"st-carrer-de-roig-i-sole"},"geometry":{"type":"MultiLineString","coordinates":[[[2.14033,41.4295],[2.14164,41.43238],[2.14116,41.43251]]]}},{"type":"Feature","properties":{"s":"st-carrer-de-rois-de-corella"},"geometry":{"type":"MultiLineString","coordinates":[[[2.21508,41.418],[2.21458,41.41761]]]}},{"type":"Feature","properties":{"s":"st-carrer-de-roma"},"geometry":{"type":"MultiLineString","coordinates":[[[2.1397,41.40923],[2.14074,41.40925]]]}},{"type":"Feature","properties":{"s":"st-carrer-de-roman-macaya"},"geometry":{"type":"MultiLineString","coordinates":[[[2.13782,41.41408],[2.13646,41.41378],[2.13476,41.41329],[2.1342,41.41301]]]}},{"type":"Feature","properties":{"s":"st-carrer-de-romani"},"geometry":{"type":"MultiLineString","coordinates":[[[2.17464,41.44625],[2.17567,41.4468]]]}},{"type":"Feature","properties":{"s":"st-carrer-de-romans"},"geometry":{"type":"MultiLineString","coordinates":[[[2.16649,41.40857],[2.164,41.407]]]}},{"type":"Feature","properties":{"s":"st-carrer-del-romaninar"},"geometry":{"type":"MultiLineString","coordinates":[[[2.10263,41.41036],[2.10136,41.41111],[2.10178,41.41124]]]}},{"type":"Feature","properties":{"s":"st-carrer-del-romeu"},"geometry":{"type":"MultiLineString","coordinates":[[[2.13919,41.42212],[2.13944,41.42221]]]}},{"type":"Feature","properties":{"s":"st-passatge-del-gatell"},"geometry":{"type":"MultiLineString","coordinates":[[[2.09303,41.42996],[2.09398,41.42909]]]}},{"type":"Feature","properties":{"s":"st-carrer-de-les-roquetes"},"geometry":{"type":"MultiLineString","coordinates":[[[2.19248,41.43238],[2.19356,41.43246]]]}},{"type":"Feature","properties":{"s":"st-passatge-de-ros"},"geometry":{"type":"MultiLineString","coordinates":[[[2.15003,41.42031],[2.15022,41.42071],[2.15041,41.42104]]]}},{"type":"Feature","properties":{"s":"st-carrer-de-ros-de-olano"},"geometry":{"type":"MultiLineString","coordinates":[[[2.15433,41.40082],[2.15695,41.40231]]]}},{"type":"Feature","properties":{"s":"st-carrer-de-la-rosa"},"geometry":{"type":"MultiLineString","coordinates":[[[2.17759,41.38001],[2.17816,41.38028]]]}},{"type":"Feature","properties":{"s":"st-carrer-del-roser"},"geometry":{"type":"MultiLineString","coordinates":[[[2.165,41.37075],[2.1656,41.37167],[2.16596,41.37226],[2.16744,41.37459]]]}},{"type":"Feature","properties":{"s":"st-passatge-del-roserar"},"geometry":{"type":"MultiLineString","coordinates":[[[2.11992,41.39132],[2.12018,41.39154],[2.12182,41.39212]]]}},{"type":"Feature","properties":{"s":"st-carrer-de-rosales"},"geometry":{"type":"MultiLineString","coordinates":[[[2.12946,41.40198],[2.1278,41.40123]]]}},{"type":"Feature","properties":{"s":"st-carrer-del-rosari"},"geometry":{"type":"MultiLineString","coordinates":[[[2.1329,41.39847],[2.13179,41.39777],[2.13008,41.39663],[2.12818,41.39538]]]}},{"type":"Feature","properties":{"s":"st-carrer-de-la-vila-de-roses"},"geometry":{"type":"MultiLineString","coordinates":[[[2.1328,41.42154],[2.13193,41.42163]],[[2.13226,41.42172],[2.13193,41.42163]],[[2.13193,41.42163],[2.13074,41.4218]]]}},{"type":"Feature","properties":{"s":"st-carrer-del-rossello"},"geometry":{"type":"MultiLineString","coordinates":[[[2.1801,41.41028],[2.18091,41.41089],[2.1817,41.41142]]]}},{"type":"Feature","properties":{"s":"st-carrer-de-rossend-arus"},"geometry":{"type":"MultiLineString","coordinates":[[[2.1388,41.37043],[2.13832,41.37147],[2.13757,41.37289],[2.13741,41.37337],[2.13719,41.37396]]]}},{"type":"Feature","properties":{"s":"st-carrer-de-rossend-nobas"},"geometry":{"type":"MultiLineString","coordinates":[[[2.19018,41.4093],[2.18995,41.40905],[2.18929,41.40843],[2.18868,41.40789]]]}},{"type":"Feature","properties":{"s":"st-carrer-de-roses"},"geometry":{"type":"MultiLineString","coordinates":[[[2.12974,41.37758],[2.13466,41.3788]]]}},{"type":"Feature","properties":{"s":"st-placa-de-can-roses"},"geometry":{"type":"MultiLineString","coordinates":[[[2.13466,41.38743],[2.13438,41.38772],[2.13501,41.38806],[2.13528,41.38779],[2.13466,41.38743]]]}},{"type":"Feature","properties":{"s":"st-carrer-d-en-rosic"},"geometry":{"type":"MultiLineString","coordinates":[[[2.18066,41.38362],[2.18106,41.38427]]]}},{"type":"Feature","properties":{"s":"st-carrer-de-rossell"},"geometry":{"type":"MultiLineString","coordinates":[[[2.14725,41.4226],[2.14574,41.42279]]]}},{"type":"Feature","properties":{"s":"st-carrer-de-rossello-i-porcel"},"geometry":{"type":"MultiLineString","coordinates":[[[2.1844,41.43661],[2.18243,41.43682],[2.1816,41.43699],[2.18053,41.43718]]]}},{"type":"Feature","properties":{"s":"st-carrer-de-josep-roura"},"geometry":{"type":"MultiLineString","coordinates":[[[2.12633,41.40767],[2.12568,41.40879],[2.1252,41.40983]]]}},{"type":"Feature","properties":{"s":"st-passatge-de-roura"},"geometry":{"type":"MultiLineString","coordinates":[[[2.18059,41.41255],[2.17938,41.41342]]]}},{"type":"Feature","properties":{"s":"st-passatge-de-rovira"},"geometry":{"type":"MultiLineString","coordinates":[[[2.20223,41.4038],[2.20331,41.40463]]]}},{"type":"Feature","properties":{"s":"st-carrer-de-rovira-i-virgili"},"geometry":{"type":"MultiLineString","coordinates":[[[2.18837,41.42861],[2.18843,41.42829],[2.18923,41.42796],[2.1902,41.42777],[2.19088,41.42772]]]}},{"type":"Feature","properties":{"s":"st-placa-de-rovira-i-trias"},"geometry":{"type":"MultiLineString","coordinates":[[[2.15856,41.40785],[2.15807,41.40758]],[[2.1582,41.40746],[2.15868,41.40773],[2.1588,41.40761],[2.15832,41.40734],[2.1582,41.40746]]]}},{"type":"Feature","properties":{"s":"st-carrer-de-ruben-dario"},"geometry":{"type":"MultiLineString","coordinates":[[[2.18945,41.43399],[2.18806,41.43419],[2.18673,41.43429]],[[2.18644,41.43442],[2.1851,41.4346],[2.18387,41.4348]]]}},{"type":"Feature","properties":{"s":"st-carrer-de-rubens"},"geometry":{"type":"MultiLineString","coordinates":[[[2.14468,41.41414],[2.14622,41.41495],[2.14661,41.4152],[2.14704,41.41544],[2.1478,41.41594]]]}},{"type":"Feature","properties":{"s":"st-carrer-del-robi"},"geometry":{"type":"MultiLineString","coordinates":[[[2.15481,41.40428],[2.15721,41.40589]]]}},{"type":"Feature","properties":{"s":"st-carrer-de-rubinstein"},"geometry":{"type":"MultiLineString","coordinates":[[[2.13828,41.40571],[2.13802,41.40533],[2.1378,41.40507]]]}},{"type":"Feature","properties":{"s":"st-carrer-de-rubio-i-ors"},"geometry":{"type":"MultiLineString","coordinates":[[[2.1789,41.42113],[2.17658,41.4194],[2.17584,41.41886]]]}},{"type":"Feature","properties":{"s":"st-avinguda-dels-rossinyols"},"geometry":{"type":"MultiLineString","coordinates":[[[2.09941,41.42741],[2.09881,41.42698],[2.09764,41.42638]]]}},{"type":"Feature","properties":{"s":"st-passatge-de-santa-maria-de-vilalba"},"geometry":{"type":"MultiLineString","coordinates":[[[2.10412,41.3896],[2.10439,41.38966]]]}},{"type":"Feature","properties":{"s":"st-carrer-de-ruiz-de-padron"},"geometry":{"type":"MultiLineString","coordinates":[[[2.18517,41.41658],[2.1844,41.41545],[2.18344,41.41389],[2.18282,41.41287]]]}},{"type":"Feature","properties":{"s":"st-carrer-d-en-rull"},"geometry":{"type":"MultiLineString","coordinates":[[[2.17787,41.37981],[2.1771,41.37915]]]}},{"type":"Feature","properties":{"s":"st-passatge-de-rustullet"},"geometry":{"type":"MultiLineString","coordinates":[[[2.18114,41.41907],[2.18082,41.41814]]]}},{"type":"Feature","properties":{"s":"st-carrer-de-s-agaro"},"geometry":{"type":"MultiLineString","coordinates":[[[2.18781,41.45293],[2.18795,41.45174],[2.18768,41.44958],[2.18684,41.44691]]]}},{"type":"Feature","properties":{"s":"st-carrer-de-sa-tuna"},"geometry":{"type":"MultiLineString","coordinates":[[[2.18878,41.45138],[2.18795,41.45174],[2.18764,41.4519],[2.18662,41.45227]]]}},{"type":"Feature","properties":{"s":"st-carrer-de-sabastida"},"geometry":{"type":"MultiLineString","coordinates":[[[2.16882,41.42735],[2.16843,41.42815],[2.16811,41.42883]]]}},{"type":"Feature","properties":{"s":"st-carrer-del-sabateret"},"geometry":{"type":"MultiLineString","coordinates":[[[2.18236,41.38584],[2.18197,41.38545]]]}},{"type":"Feature","properties":{"s":"st-carrer-de-sacedon"},"geometry":{"type":"MultiLineString","coordinates":[[[2.15463,41.42627],[2.15521,41.42568],[2.15558,41.42538]]]}},{"type":"Feature","properties":{"s":"st-carrer-de-sagas"},"geometry":{"type":"MultiLineString","coordinates":[[[2.13464,41.42883],[2.13276,41.42945]]]}},{"type":"Feature","properties":{"s":"st-passatge-de-la-sagrada-familia"},"geometry":{"type":"MultiLineString","coordinates":[[[2.15571,41.41363],[2.1562,41.41398]]]}},{"type":"Feature","properties":{"s":"st-carrer-del-sagrat-cor"},"geometry":{"type":"MultiLineString","coordinates":[[[2.11997,41.4],[2.11927,41.40049],[2.11912,41.40071]]]}},{"type":"Feature","properties":{"s":"st-baixada-de-la-sagrera"},"geometry":{"type":"MultiLineString","coordinates":[[[2.1914,41.41791],[2.19127,41.42043]]]}},{"type":"Feature","properties":{"s":"st-carrer-gran-de-la-sagrera"},"geometry":{"type":"MultiLineString","coordinates":[[[2.19127,41.41707],[2.1914,41.41791],[2.19133,41.41889],[2.19122,41.42135],[2.19114,41.4221],[2.19115,41.42251],[2.191,41.42562],[2.19099,41.42596],[2.19092,41.42729],[2.19088,41.42772]]]}},{"type":"Feature","properties":{"s":"st-carrer-dels-sagristans"},"geometry":{"type":"MultiLineString","coordinates":[[[2.17582,41.38531],[2.17555,41.38522],[2.17493,41.38488]]]}},{"type":"Feature","properties":{"s":"st-carrer-de-sagues"},"geometry":{"type":"MultiLineString","coordinates":[[[2.1446,41.3945],[2.14351,41.39537]]]}},{"type":"Feature","properties":{"s":"st-passatge-de-ca-dels-seguers"},"geometry":{"type":"MultiLineString","coordinates":[[[2.18751,41.41312],[2.18828,41.41368]]]}},{"type":"Feature","properties":{"s":"st-carrer-de-sagunt"},"geometry":{"type":"MultiLineString","coordinates":[[[2.13643,41.37366],[2.13601,41.37316],[2.13592,41.37311],[2.1355,41.37242],[2.13455,41.37109],[2.13414,41.37022],[2.13403,41.37001],[2.13413,41.36944]]]}},{"type":"Feature","properties":{"s":"st-carrer-de-la-sal"},"geometry":{"type":"MultiLineString","coordinates":[[[2.18885,41.38077],[2.18851,41.38163]]]}},{"type":"Feature","properties":{"s":"st-passatge-de-saladrigas"},"geometry":{"type":"MultiLineString","coordinates":[[[2.20209,41.40196],[2.2033,41.403]]]}},{"type":"Feature","properties":{"s":"st-carrer-de-salamanca"},"geometry":{"type":"MultiLineString","coordinates":[[[2.19143,41.37898],[2.19058,41.38117]]]}},{"type":"Feature","properties":{"s":"st-carrer-de-saldes"},"geometry":{"type":"MultiLineString","coordinates":[[[2.13464,41.42883],[2.1349,41.42866],[2.13656,41.42821],[2.13709,41.42775]]]}},{"type":"Feature","properties":{"s":"st-carrer-de-salern"},"geometry":{"type":"MultiLineString","coordinates":[[[2.21682,41.41701],[2.21732,41.41665]],[[2.21783,41.41603],[2.21715,41.41655]]]}},{"type":"Feature","properties":{"s":"st-carrer-de-sales-i-ferre"},"geometry":{"type":"MultiLineString","coordinates":[[[2.17471,41.41907],[2.17143,41.42042],[2.17057,41.42075]]]}},{"type":"Feature","properties":{"s":"st-carrer-de-la-saleta"},"geometry":{"type":"MultiLineString","coordinates":[[[2.1326,41.38037],[2.13372,41.38079]]]}},{"type":"Feature","properties":{"s":"st-carrer-de-salinas"},"geometry":{"type":"MultiLineString","coordinates":[[[2.15709,41.40672],[2.15762,41.40617]]]}},{"type":"Feature","properties":{"s":"st-carrer-de-salomo"},"geometry":{"type":"MultiLineString","coordinates":[[[2.20711,41.43714],[2.20671,41.43892]]]}},{"type":"Feature","properties":{"s":"st-carrer-de-salou"},"geometry":{"type":"MultiLineString","coordinates":[[[2.13704,41.37683],[2.1377,41.37602],[2.13818,41.37534]]]}},{"type":"Feature","properties":{"s":"st-carrer-de-salses"},"geometry":{"type":"MultiLineString","coordinates":[[[2.1605,41.43254],[2.15977,41.43288],[2.15713,41.43448],[2.15439,41.43612],[2.15414,41.43666]]]}},{"type":"Feature","properties":{"s":"st-carrer-de-salva"},"geometry":{"type":"MultiLineString","coordinates":[[[2.16578,41.37319],[2.1653,41.37247],[2.16474,41.37088]]]}},{"type":"Feature","properties":{"s":"st-placa-de-sants"},"geometry":{"type":"MultiLineString","coordinates":[[[2.13614,41.37538],[2.13615,41.37597]],[[2.13502,41.37541],[2.13495,41.37589],[2.13593,41.37613],[2.13615,41.37597]],[[2.1355,41.37539],[2.13615,41.37597]]]}},{"type":"Feature","properties":{"s":"st-carrer-de-salvador-aulet"},"geometry":{"type":"MultiLineString","coordinates":[[[2.17971,41.38266],[2.18,41.383]]]}},{"type":"Feature","properties":{"s":"st-carrer-de-salvador-mundi"},"geometry":{"type":"MultiLineString","coordinates":[[[2.12215,41.39902],[2.12322,41.39965],[2.12375,41.40001]]]}},{"type":"Feature","properties":{"s":"st-placa-de-salvador-segui"},"geometry":{"type":"MultiLineString","coordinates":[[[2.17131,41.3784],[2.17083,41.37879]],[[2.17054,41.37866],[2.17083,41.37879]],[[2.17125,41.37899],[2.17083,41.37879]]]}},{"type":"Feature","properties":{"s":"st-passatge-de-salvador-riera"},"geometry":{"type":"MultiLineString","coordinates":[[[2.17965,41.42445],[2.1788,41.42464],[2.1782,41.42479]]]}},{"type":"Feature","properties":{"s":"st-placa-de-salvador-riera"},"geometry":{"type":"MultiLineString","coordinates":[[[2.17419,41.41794],[2.17443,41.41824],[2.17417,41.41835],[2.17419,41.41794]]]}},{"type":"Feature","properties":{"s":"st-passeig-de-salvat-papasseit"},"geometry":{"type":"MultiLineString","coordinates":[[[2.19208,41.38064],[2.19171,41.38142],[2.19116,41.38282],[2.19093,41.38337],[2.19063,41.38418]]]}},{"type":"Feature","properties":{"s":"st-carrer-de-samaniego"},"geometry":{"type":"MultiLineString","coordinates":[[[2.14192,41.42242],[2.14572,41.42344]]]}},{"type":"Feature","properties":{"s":"st-carrer-de-samaria"},"geometry":{"type":"MultiLineString","coordinates":[[[2.13839,41.42207],[2.13869,41.42243],[2.13887,41.42296]]]}},{"type":"Feature","properties":{"s":"st-carrer-de-santpedor"},"geometry":{"type":"MultiLineString","coordinates":[[[2.1125,41.40916],[2.11036,41.41187],[2.11014,41.41226]]]}},{"type":"Feature","properties":{"s":"st-carrer-de-samso"},"geometry":{"type":"MultiLineString","coordinates":[[[2.16034,41.40143],[2.16059,41.40124]]]}},{"type":"Feature","properties":{"s":"st-carrer-de-sant-iscle"},"geometry":{"type":"MultiLineString","coordinates":[[[2.17401,41.43031],[2.17352,41.43139],[2.17278,41.43218],[2.17134,41.43356],[2.17024,41.43422],[2.16958,41.43487]]]}},{"type":"Feature","properties":{"s":"st-carrer-de-sant-adria"},"geometry":{"type":"MultiLineString","coordinates":[[[2.18945,41.43399],[2.19035,41.43388],[2.19224,41.43401],[2.19322,41.43453],[2.19367,41.43459],[2.19421,41.43485],[2.19456,41.43527],[2.19585,41.43551],[2.19789,41.43543],[2.19879,41.43544],[2.20107,41.43572],[2.20212,41.43589],[2.2027,41.43596],[2.20387,41.43606],[2.20604,41.43631],[2.20638,41.43635],[2.20691,41.43646],[2.20829,41.43661],[2.20866,41.43666]]]}},{"type":"Feature","properties":{"s":"st-placa-de-sant-agusti"},"geometry":{"type":"MultiLineString","coordinates":[[[2.1715,41.38074],[2.17206,41.38067],[2.17189,41.38086]]]}},{"type":"Feature","properties":{"s":"st-placa-de-sant-agusti-vell"},"geometry":{"type":"MultiLineString","coordinates":[[[2.1807,41.38765],[2.18064,41.38792],[2.18061,41.38816],[2.18044,41.38819],[2.18045,41.38778],[2.18052,41.38761],[2.1807,41.38765]]]}},{"type":"Feature","properties":{"s":"st-carrer-de-sant-alexandre"},"geometry":{"type":"MultiLineString","coordinates":[[[2.16531,41.43012],[2.163,41.42866]]]}},{"type":"Feature","properties":{"s":"st-carrer-gran-de-sant-andreu"},"geometry":{"type":"MultiLineString","coordinates":[[[2.19088,41.42772],[2.18974,41.43009],[2.1894,41.43128],[2.18938,41.43139],[2.18929,41.43218],[2.1893,41.43268],[2.18935,41.43342],[2.1894,41.43388],[2.18945,41.43399],[2.18969,41.43536],[2.18971,41.43601],[2.1897,41.43675],[2.18966,41.437],[2.18914,41.43766],[2.189,41.43778],[2.1886,41.43963],[2.18841,41.44071],[2.18826,41.44127],[2.18831,41.44144],[2.18827,41.44198],[2.18853,41.44458]]]}},{"type":"Feature","properties":{"s":"st-riera-de-sant-andreu"},"geometry":{"type":"MultiLineString","coordinates":[[[2.18413,41.43566],[2.18458,41.43561],[2.18517,41.43512],[2.1856,41.43487]],[[2.18583,41.43486],[2.1856,41.43487]],[[2.1856,41.43487],[2.18644,41.43442],[2.18673,41.43429],[2.18761,41.43399],[2.1894,41.43388]]]}},{"type":"Feature","properties":{"s":"st-passeig-de-sant-antoni"},"geometry":{"type":"MultiLineString","coordinates":[[[2.13772,41.37725],[2.13813,41.37785],[2.13859,41.37864],[2.13882,41.37921]],[[2.13772,41.37725],[2.13838,41.37751],[2.14008,41.37802],[2.14174,41.37913]],[[2.13772,41.37725],[2.13709,41.37688],[2.13662,41.37635],[2.13615,41.37597]]]}},{"type":"Feature","properties":{"s":"st-carrer-de-sant-antoni-abat"},"geometry":{"type":"MultiLineString","coordinates":[[[2.16592,41.37947],[2.16542,41.37935]]]}},{"type":"Feature","properties":{"s":"st-carrer-de-sant-antoni-dels-sombrerers"},"geometry":{"type":"MultiLineString","coordinates":[[[2.18199,41.38412],[2.18157,41.384]]]}},{"type":"Feature","properties":{"s":"st-carrer-de-sant-antoni-maria-claret"},"geometry":{"type":"MultiLineString","coordinates":[[[2.17663,41.41291],[2.17952,41.41509],[2.18372,41.41823],[2.18451,41.41877],[2.18567,41.41963],[2.18691,41.42032]],[[2.16302,41.40267],[2.16415,41.4035],[2.16526,41.40436],[2.1664,41.40521],[2.16753,41.40609]],[[2.18691,41.42056],[2.18798,41.42128],[2.1889,41.42203],[2.18891,41.42275]]]}},{"type":"Feature","properties":{"s":"st-carrer-de-sant-baltasar"},"geometry":{"type":"MultiLineString","coordinates":[[[2.13466,41.37217],[2.13403,41.37115]]]}},{"type":"Feature","properties":{"s":"st-carrer-de-sant-bartomeu"},"geometry":{"type":"MultiLineString","coordinates":[[[2.16882,41.37783],[2.16961,41.37845]]]}},{"type":"Feature","properties":{"s":"st-carrer-de-sant-bertran"},"geometry":{"type":"MultiLineString","coordinates":[[[2.17235,41.37594],[2.17185,41.37485]]]}},{"type":"Feature","properties":{"s":"st-carrer-de-sant-bernabe"},"geometry":{"type":"MultiLineString","coordinates":[[[2.15921,41.43226],[2.16039,41.43355]]]}},{"type":"Feature","properties":{"s":"st-placa-de-sant-bernat-calbo"},"geometry":{"type":"MultiLineString","coordinates":[[[2.20469,41.39947],[2.2048,41.39971],[2.20502,41.39957],[2.20469,41.39947]]]}},{"type":"Feature","properties":{"s":"st-carrer-de-sant-camil"},"geometry":{"type":"MultiLineString","coordinates":[[[2.14682,41.41361],[2.14664,41.41376],[2.14571,41.41313]]]}},{"type":"Feature","properties":{"s":"st-carrer-de-sant-carles"},"geometry":{"type":"MultiLineString","coordinates":[[[2.18778,41.37881],[2.18844,41.37896],[2.19225,41.37977]]]}},{"type":"Feature","properties":{"s":"st-carrer-de-sant-casimir"},"geometry":{"type":"MultiLineString","coordinates":[[[2.13369,41.39993],[2.13514,41.4003]]]}},{"type":"Feature","properties":{"s":"st-placa-de-sant-gaieta"},"geometry":{"type":"MultiLineString","coordinates":[[[2.12037,41.40005],[2.12024,41.40022]]]}},{"type":"Feature","properties":{"s":"st-cami-de-sant-cebria"},"geometry":{"type":"MultiLineString","coordinates":[[[2.15253,41.43023],[2.15188,41.43055]],[[2.13053,41.44371],[2.13787,41.43625],[2.13921,41.4354]]]}},{"type":"Feature","properties":{"s":"st-carrer-de-sant-crispi"},"geometry":{"type":"MultiLineString","coordinates":[[[2.14639,41.42186],[2.14725,41.4226],[2.14753,41.42277],[2.14829,41.42342]]]}},{"type":"Feature","properties":{"s":"st-carrer-de-sant-cristofol"},"geometry":{"type":"MultiLineString","coordinates":[[[2.15457,41.3993],[2.15398,41.3998]]]}},{"type":"Feature","properties":{"s":"st-placa-de-sant-cristofol"},"geometry":{"type":"MultiLineString","coordinates":[[[2.13714,41.35877],[2.13672,41.35932]]]}},{"type":"Feature","properties":{"s":"st-cami-de-sant-cugat"},"geometry":{"type":"MultiLineString","coordinates":[[[2.11699,41.41901],[2.11692,41.42162],[2.11645,41.42213],[2.11528,41.42646],[2.11417,41.42811]]]}},{"type":"Feature","properties":{"s":"st-carrer-de-sant-cugat-del-valles"},"geometry":{"type":"MultiLineString","coordinates":[[[2.15431,41.41128],[2.155,41.41152],[2.15606,41.41198]],[[2.15368,41.41104],[2.15195,41.41055]]]}},{"type":"Feature","properties":{"s":"st-carrer-de-sant-dalmir"},"geometry":{"type":"MultiLineString","coordinates":[[[2.15172,41.42306],[2.14886,41.42387]]]}},{"type":"Feature","properties":{"s":"st-carrer-de-sant-delfi"},"geometry":{"type":"MultiLineString","coordinates":[[[2.13269,41.4062],[2.13347,41.40576]]]}},{"type":"Feature","properties":{"s":"st-carrer-de-sant-elies"},"geometry":{"type":"MultiLineString","coordinates":[[[2.14326,41.40043],[2.14506,41.40151],[2.14559,41.40181],[2.14596,41.4021]]]}},{"type":"Feature","properties":{"s":"st-carrer-de-sant-eloi"},"geometry":{"type":"MultiLineString","coordinates":[[[2.14226,41.35571],[2.14417,41.35676]]]}},{"type":"Feature","properties":{"s":"st-carrer-de-sant-eudald"},"geometry":{"type":"MultiLineString","coordinates":[[[2.14491,41.41341],[2.14671,41.41448],[2.1481,41.41547]]]}},{"type":"Feature","properties":{"s":"st-carrer-de-sant-eusebi"},"geometry":{"type":"MultiLineString","coordinates":[[[2.15056,41.40225],[2.14968,41.40171],[2.14899,41.40118]],[[2.1457,41.39919],[2.14818,41.40076],[2.14876,41.4012]]]}},{"type":"Feature","properties":{"s":"st-carrer-de-sant-ferriol"},"geometry":{"type":"MultiLineString","coordinates":[[[2.14745,41.37261],[2.14649,41.3721]]]}},{"type":"Feature","properties":{"s":"st-carrer-de-sant-frederic"},"geometry":{"type":"MultiLineString","coordinates":[[[2.12874,41.37362],[2.12771,41.37316],[2.12614,41.37242]]]}},{"type":"Feature","properties":{"s":"st-passatge-de-sant-felip"},"geometry":{"type":"MultiLineString","coordinates":[[[2.14649,41.4029],[2.14711,41.40342]]]}},{"type":"Feature","properties":{"s":"st-carrer-de-sant-felip-neri"},"geometry":{"type":"MultiLineString","coordinates":[[[2.17514,41.38332],[2.17537,41.38309]]]}},{"type":"Feature","properties":{"s":"st-placa-de-sant-felip-neri"},"geometry":{"type":"MultiLineString","coordinates":[[[2.17509,41.3835],[2.17514,41.38332]]]}},{"type":"Feature","properties":{"s":"st-carrer-de-sant-feliu-de-codines"},"geometry":{"type":"MultiLineString","coordinates":[[[2.17302,41.45195],[2.17311,41.45251],[2.17288,41.45283],[2.17333,41.45322],[2.17518,41.45495],[2.17482,41.45499],[2.17388,41.45514],[2.17474,41.45626],[2.17515,41.45647],[2.17716,41.45774],[2.17818,41.45893],[2.18052,41.46028],[2.18102,41.46065]]]}},{"type":"Feature","properties":{"s":"st-carrer-de-sant-feliu-de-guixols"},"geometry":{"type":"MultiLineString","coordinates":[[[2.12922,41.37553],[2.12877,41.37619]]]}},{"type":"Feature","properties":{"s":"st-carrer-de-sant-ferran"},"geometry":{"type":"MultiLineString","coordinates":[[[2.17158,41.428],[2.17162,41.42874],[2.17161,41.42909]]]}},{"type":"Feature","properties":{"s":"st-carrer-de-sant-francesc"},"geometry":{"type":"MultiLineString","coordinates":[[[2.20502,41.3989],[2.20649,41.39844]]]}},{"type":"Feature","properties":{"s":"st-passeig-de-sant-francesc"},"geometry":{"type":"MultiLineString","coordinates":[[[2.10825,41.39687],[2.1072,41.39656],[2.10593,41.3963],[2.10572,41.39581],[2.10496,41.39528]]]}},{"type":"Feature","properties":{"s":"st-placa-de-les-palmeres"},"geometry":{"type":"MultiLineString","coordinates":[[[2.18574,41.43247],[2.1864,41.43241],[2.1865,41.43297],[2.18584,41.43303],[2.18574,41.43247]]]}},{"type":"Feature","properties":{"s":"st-placeta-de-sant-francesc"},"geometry":{"type":"MultiLineString","coordinates":[[[2.17634,41.38023],[2.1764,41.38015]]]}},{"type":"Feature","properties":{"s":"st-carrer-de-sant-francesc-xavier"},"geometry":{"type":"MultiLineString","coordinates":[[[2.18026,41.43909],[2.17991,41.44053],[2.17834,41.44152],[2.17768,41.44189]]]}},{"type":"Feature","properties":{"s":"st-placa-de-sant-francesc-xavier"},"geometry":{"type":"MultiLineString","coordinates":[[[2.16369,41.43491],[2.16434,41.43477]],[[2.16434,41.43477],[2.16466,41.43469],[2.16449,41.4342],[2.16414,41.43428]],[[2.16434,41.43477],[2.16414,41.43428]],[[2.16414,41.43428],[2.16354,41.43442]]]}},{"type":"Feature","properties":{"s":"st-carrer-de-sant-fructuos"},"geometry":{"type":"MultiLineString","coordinates":[[[2.14194,41.36835],[2.14492,41.37059],[2.14601,41.37103],[2.14739,41.37191],[2.14772,41.3721],[2.14851,41.37272]]]}},{"type":"Feature","properties":{"s":"st-carrer-de-sant-gabriel"},"geometry":{"type":"MultiLineString","coordinates":[[[2.15453,41.39861],[2.1541,41.399],[2.15351,41.39949]]]}},{"type":"Feature","properties":{"s":"st-carrer-de-sant-gaudenci"},"geometry":{"type":"MultiLineString","coordinates":[[[2.15644,41.43384],[2.15779,41.43511]]]}},{"type":"Feature","properties":{"s":"st-carrer-de-sant-germa"},"geometry":{"type":"MultiLineString","coordinates":[[[2.14617,41.37285],[2.14649,41.3721],[2.1469,41.37159]]]}},{"type":"Feature","properties":{"s":"st-passeig-de-sant-gervasi"},"geometry":{"type":"MultiLineString","coordinates":[[[2.13782,41.41408],[2.13794,41.41288],[2.13818,41.41195],[2.13829,41.41132],[2.13776,41.41048],[2.13706,41.41025],[2.13555,41.40979],[2.13442,41.40874],[2.13438,41.40816],[2.13378,41.4068]]]}},{"type":"Feature","properties":{"s":"st-carrer-de-sant-gervasi-de-cassoles"},"geometry":{"type":"MultiLineString","coordinates":[[[2.1399,41.40406],[2.13923,41.40433],[2.13888,41.40451],[2.13614,41.40593],[2.13564,41.40609],[2.13473,41.40635],[2.13422,41.40652]],[[2.13802,41.40533],[2.13833,41.40517]]]}},{"type":"Feature","properties":{"s":"st-cami-de-sant-genis-a-horta"},"geometry":{"type":"MultiLineString","coordinates":[[[2.15652,41.42884],[2.1547,41.42906],[2.15432,41.429],[2.15109,41.42922],[2.1486,41.429]]]}},{"type":"Feature","properties":{"s":"st-placa-de-sant-gregori-taumaturg"},"geometry":{"type":"MultiLineString","coordinates":[[[2.1381,41.3942],[2.13847,41.39449],[2.13834,41.3947],[2.13774,41.39472],[2.13763,41.39444],[2.1381,41.3942]]]}},{"type":"Feature","properties":{"s":"st-carrer-de-sant-guillem"},"geometry":{"type":"MultiLineString","coordinates":[[[2.145,41.40354],[2.14661,41.40233]]]}},{"type":"Feature","properties":{"s":"st-carrer-de-sant-hermenegild"},"geometry":{"type":"MultiLineString","coordinates":[[[2.1444,41.40284],[2.14527,41.40387],[2.14578,41.40431]]]}},{"type":"Feature","properties":{"s":"st-carrer-de-sant-hipolit"},"geometry":{"type":"MultiLineString","coordinates":[[[2.18484,41.43801],[2.1882,41.43742]]]}},{"type":"Feature","properties":{"s":"st-carrer-de-sant-honorat"},"geometry":{"type":"MultiLineString","coordinates":[[[2.17667,41.38262],[2.17617,41.38289],[2.17566,41.38329]]]}},{"type":"Feature","properties":{"s":"st-carrer-de-sant-ignasi"},"geometry":{"type":"MultiLineString","coordinates":[[[2.17883,41.38454],[2.17917,41.38432]]]}},{"type":"Feature","properties":{"s":"st-carrer-de-sant-ildefons"},"geometry":{"type":"MultiLineString","coordinates":[[[2.19134,41.42898],[2.18872,41.42865]]]}},{"type":"Feature","properties":{"s":"st-carrer-de-sant-isidre"},"geometry":{"type":"MultiLineString","coordinates":[[[2.15793,41.3711],[2.15891,41.37081]]]}},{"type":"Feature","properties":{"s":"st-placa-de-sant-iu"},"geometry":{"type":"MultiLineString","coordinates":[[[2.1769,41.38403],[2.17677,41.38412]]]}},{"type":"Feature","properties":{"s":"st-carrer-de-sant-jacint"},"geometry":{"type":"MultiLineString","coordinates":[[[2.17926,41.38594],[2.17963,41.38572]]]}},{"type":"Feature","properties":{"s":"st-passatge-de-sant-jaume"},"geometry":{"type":"MultiLineString","coordinates":[[[2.15133,41.42697],[2.15214,41.42761]]]}},{"type":"Feature","properties":{"s":"st-placa-de-sant-jaume"},"geometry":{"type":"MultiLineString","coordinates":[[[2.17684,41.38244],[2.17727,41.38275],[2.17732,41.38284],[2.17711,41.38298],[2.177,41.38291],[2.17667,41.38262],[2.17684,41.38244]],[[2.17684,41.38244],[2.17697,41.38215]]]}},{"type":"Feature","properties":{"s":"st-carrer-de-sant-jaume-apostol"},"geometry":{"type":"MultiLineString","coordinates":[[[2.10853,41.40914],[2.10796,41.40934],[2.10719,41.40949]]]}},{"type":"Feature","properties":{"s":"st-carrer-de-sant-joaquim"},"geometry":{"type":"MultiLineString","coordinates":[[[2.15489,41.40201],[2.15548,41.40147],[2.15658,41.40054]]]}},{"type":"Feature","properties":{"s":"st-placa-de-sant-joaquim"},"geometry":{"type":"MultiLineString","coordinates":[[[2.14633,41.40503],[2.1465,41.40499],[2.14658,41.40485],[2.14636,41.40491],[2.14633,41.40503]]]}},{"type":"Feature","properties":{"s":"st-carrer-de-sant-jordi"},"geometry":{"type":"MultiLineString","coordinates":[[[2.13399,41.37412],[2.13372,41.37503],[2.13364,41.37544]]]}},{"type":"Feature","properties":{"s":"st-placa-de-sant-jordi"},"geometry":{"type":"MultiLineString","coordinates":[[[2.14482,41.36678],[2.14509,41.367],[2.14487,41.36723],[2.14482,41.36678]]]}},{"type":"Feature","properties":{"s":"st-carrer-de-sant-josep"},"geometry":{"type":"MultiLineString","coordinates":[[[2.18954,41.38093],[2.18919,41.38179]]]}},{"type":"Feature","properties":{"s":"st-placa-de-sant-josep"},"geometry":{"type":"MultiLineString","coordinates":[[[2.17164,41.38141],[2.17227,41.3817],[2.17207,41.38193],[2.17146,41.38203],[2.1708,41.38179]],[[2.1715,41.38158],[2.1712,41.38143]]]}},{"type":"Feature","properties":{"s":"st-carrer-de-sant-josep-cottolengo"},"geometry":{"type":"MultiLineString","coordinates":[[[2.15544,41.41502],[2.1562,41.41398],[2.15691,41.41337]]]}},{"type":"Feature","properties":{"s":"st-placa-de-sant-josep-de-calassanc"},"geometry":{"type":"MultiLineString","coordinates":[[[2.17993,41.41205],[2.18036,41.41171]]]}},{"type":"Feature","properties":{"s":"st-passatge-de-sant-josep-de-la-muntanya"},"geometry":{"type":"MultiLineString","coordinates":[[[2.15391,41.41081],[2.15462,41.41111]]]}},{"type":"Feature","properties":{"s":"st-carrer-de-sant-josep-oriol"},"geometry":{"type":"MultiLineString","coordinates":[[[2.17054,41.37866],[2.1698,41.3783]],[[2.17125,41.37899],[2.17083,41.37879]]]}},{"type":"Feature","properties":{"s":"st-placa-de-sant-josep-oriol"},"geometry":{"type":"MultiLineString","coordinates":[[[2.17406,41.38265],[2.1743,41.38232],[2.17453,41.38206],[2.17435,41.38195],[2.17419,41.38221],[2.17391,41.3824],[2.17406,41.38265]]]}},{"type":"Feature","properties":{"s":"st-passeig-de-sant-joan"},"geometry":{"type":"MultiLineString","coordinates":[[[2.16528,41.40265],[2.16283,41.4045]]]}},{"type":"Feature","properties":{"s":"st-passeig-de-sant-joan-bosco"},"geometry":{"type":"MultiLineString","coordinates":[[[2.12992,41.39251],[2.12799,41.39408],[2.12714,41.39471],[2.12622,41.39541]]]}},{"type":"Feature","properties":{"s":"st-carrer-de-sant-joan-de-la-salle"},"geometry":{"type":"MultiLineString","coordinates":[[[2.12836,41.40797],[2.13025,41.40782],[2.13187,41.40733],[2.13348,41.40688]]]}},{"type":"Feature","properties":{"s":"st-carrer-de-sant-joan-de-malta"},"geometry":{"type":"MultiLineString","coordinates":[[[2.19076,41.41015],[2.19329,41.40818],[2.19563,41.40633],[2.19633,41.4058]],[[2.19882,41.40413],[2.19757,41.40493],[2.19676,41.40547]]]}},{"type":"Feature","properties":{"s":"st-placa-de-sant-just"},"geometry":{"type":"MultiLineString","coordinates":[[[2.17841,41.383],[2.1782,41.38292],[2.17842,41.3829],[2.17849,41.38293],[2.17841,41.383]]]}},{"type":"Feature","properties":{"s":"st-carrer-de-sant-llatzer"},"geometry":{"type":"MultiLineString","coordinates":[[[2.16709,41.37954],[2.1667,41.37999]]]}},{"type":"Feature","properties":{"s":"st-cami-de-sant-llatzer"},"geometry":{"type":"MultiLineString","coordinates":[[[2.1597,41.44214],[2.15912,41.45041]]]}},{"type":"Feature","properties":{"s":"st-carrer-de-sant-liguori"},"geometry":{"type":"MultiLineString","coordinates":[[[2.13341,41.4094],[2.13379,41.40974]]]}},{"type":"Feature","properties":{"s":"st-placa-de-sant-lluc"},"geometry":{"type":"MultiLineString","coordinates":[[[2.13376,41.41887],[2.13354,41.41902]]]}},{"type":"Feature","properties":{"s":"st-carrer-de-sant-lluis"},"geometry":{"type":"MultiLineString","coordinates":[[[2.15815,41.40405],[2.15942,41.40489],[2.1607,41.4057],[2.16301,41.4072],[2.16352,41.40741]]]}},{"type":"Feature","properties":{"s":"st-carrer-de-sant-magi"},"geometry":{"type":"MultiLineString","coordinates":[[[2.14794,41.40585],[2.14893,41.40455]]]}},{"type":"Feature","properties":{"s":"st-carrer-de-sant-manuel"},"geometry":{"type":"MultiLineString","coordinates":[[[2.16706,41.4292],[2.16743,41.42981]]]}},{"type":"Feature","properties":{"s":"st-carrer-de-sant-marc"},"geometry":{"type":"MultiLineString","coordinates":[[[2.15366,41.40137],[2.15171,41.40009]]]}},{"type":"Feature","properties":{"s":"st-baixada-de-sant-maria"},"geometry":{"type":"MultiLineString","coordinates":[[[2.14782,41.41821],[2.14886,41.4179],[2.14923,41.4178]]]}},{"type":"Feature","properties":{"s":"st-carrer-de-sant-maria"},"geometry":{"type":"MultiLineString","coordinates":[[[2.18849,41.43544],[2.1889,41.43688]]]}},{"type":"Feature","properties":{"s":"st-carrer-de-sant-marius"},"geometry":{"type":"MultiLineString","coordinates":[[[2.1354,41.40184],[2.13635,41.40246],[2.1372,41.40345],[2.13837,41.40477]]]}},{"type":"Feature","properties":{"s":"st-carrer-de-sant-marti"},"geometry":{"type":"MultiLineString","coordinates":[[[2.16859,41.378],[2.16943,41.37862]]]}},{"type":"Feature","properties":{"s":"st-ronda-de-sant-marti"},"geometry":{"type":"MultiLineString","coordinates":[[[2.195,41.42169],[2.1939,41.41841],[2.19345,41.41719],[2.19326,41.41669],[2.19357,41.4154]],[[2.19712,41.42847],[2.19631,41.42666]]]}},{"type":"Feature","properties":{"s":"st-carrer-de-sant-marti-de-porres"},"geometry":{"type":"MultiLineString","coordinates":[[[2.17142,41.42549],[2.1699,41.42585]]]}},{"type":"Feature","properties":{"s":"st-carrer-de-sant-mateu"},"geometry":{"type":"MultiLineString","coordinates":[[[2.19177,41.43008],[2.19167,41.4297]],[[2.19263,41.42964],[2.19167,41.4297]],[[2.19167,41.4297],[2.19163,41.42919]]]}},{"type":"Feature","properties":{"s":"st-carrer-de-sant-medir"},"geometry":{"type":"MultiLineString","coordinates":[[[2.13344,41.37351],[2.13286,41.37489],[2.13261,41.37546]]]}},{"type":"Feature","properties":{"s":"st-baixada-de-sant-miquel"},"geometry":{"type":"MultiLineString","coordinates":[[[2.1764,41.38128],[2.1771,41.38175]]]}},{"type":"Feature","properties":{"s":"st-carrer-de-sant-miquel"},"geometry":{"type":"MultiLineString","coordinates":[[[2.18994,41.37568],[2.18824,41.37993],[2.18765,41.38144]]]}},{"type":"Feature","properties":{"s":"st-placa-de-sant-miquel"},"geometry":{"type":"MultiLineString","coordinates":[[[2.17677,41.38198],[2.17697,41.38215],[2.17745,41.38202],[2.17739,41.38154]]]}},{"type":"Feature","properties":{"s":"st-carrer-de-sant-narcis"},"geometry":{"type":"MultiLineString","coordinates":[[[2.19259,41.43115],[2.19245,41.43292]]]}},{"type":"Feature","properties":{"s":"st-carrer-de-sant-oleguer"},"geometry":{"type":"MultiLineString","coordinates":[[[2.17205,41.37697],[2.1716,41.3772],[2.17055,41.37771]]]}},{"type":"Feature","properties":{"s":"st-carrer-de-sant-onofre"},"geometry":{"type":"MultiLineString","coordinates":[[[2.13784,41.41893],[2.13817,41.41991]]]}},{"type":"Feature","properties":{"s":"st-carrer-de-sant-pau"},"geometry":{"type":"MultiLineString","coordinates":[[[2.16932,41.37652],[2.16994,41.37705],[2.17055,41.37771],[2.1721,41.3791],[2.17224,41.37926],[2.17262,41.37971],[2.17277,41.37993],[2.1733,41.38112]]]}},{"type":"Feature","properties":{"s":"st-carrer-de-sant-pacia"},"geometry":{"type":"MultiLineString","coordinates":[[[2.16824,41.37824],[2.1673,41.37751]]]}},{"type":"Feature","properties":{"s":"st-carrer-de-sant-pasqual-bailon"},"geometry":{"type":"MultiLineString","coordinates":[[[2.17921,41.42786],[2.17821,41.42705]]]}},{"type":"Feature","properties":{"s":"st-carrer-de-sant-pauli-de-nola"},"geometry":{"type":"MultiLineString","coordinates":[[[2.14388,41.37107],[2.14469,41.37042]]]}},{"type":"Feature","properties":{"s":"st-carrer-de-sant-pere"},"geometry":{"type":"MultiLineString","coordinates":[[[2.17961,41.42134],[2.179,41.4216]]]}},{"type":"Feature","properties":{"s":"st-passatge-de-sant-pere"},"geometry":{"type":"MultiLineString","coordinates":[[[2.1662,41.41078],[2.16687,41.41127],[2.16746,41.41145],[2.16806,41.4116]]]}},{"type":"Feature","properties":{"s":"st-carrer-de-sant-pere-d-abanto"},"geometry":{"type":"MultiLineString","coordinates":[[[2.14244,41.3722],[2.14388,41.37107]]]}},{"type":"Feature","properties":{"s":"st-carrer-de-sant-pere-claver"},"geometry":{"type":"MultiLineString","coordinates":[[[2.11859,41.40518],[2.11682,41.40822],[2.1173,41.40914]]]}},{"type":"Feature","properties":{"s":"st-carrer-de-sant-pere-martir"},"geometry":{"type":"MultiLineString","coordinates":[[[2.15634,41.40038],[2.1572,41.39959],[2.15836,41.39843]]]}},{"type":"Feature","properties":{"s":"st-carrer-de-sant-quinti"},"geometry":{"type":"MultiLineString","coordinates":[[[2.17412,41.41645],[2.17688,41.41439],[2.17993,41.41205]]]}},{"type":"Feature","properties":{"s":"st-carrer-de-sant-quirze-safaja"},"geometry":{"type":"MultiLineString","coordinates":[[[2.17474,41.45626],[2.1749,41.45575],[2.17725,41.45646],[2.17727,41.45606]]]}},{"type":"Feature","properties":{"s":"st-carrer-de-sant-ramon-de-penyafort"},"geometry":{"type":"MultiLineString","coordinates":[[[2.21841,41.41646],[2.21887,41.41612],[2.21965,41.41539],[2.22061,41.41398],[2.22127,41.41356]]]}},{"type":"Feature","properties":{"s":"st-carrer-de-maria-casas-mira"},"geometry":{"type":"MultiLineString","coordinates":[[[2.17065,41.37974],[2.16973,41.37933],[2.16905,41.37893],[2.16824,41.37824]]]}},{"type":"Feature","properties":{"s":"st-carrer-de-sant-ramon"},"geometry":{"type":"MultiLineString","coordinates":[[[2.1711,41.37821],[2.17251,41.37742]]]}},{"type":"Feature","properties":{"s":"st-avinguda-de-sant-ramon-nonat"},"geometry":{"type":"MultiLineString","coordinates":[[[2.11735,41.37578],[2.11687,41.37681],[2.11625,41.37804]]]}},{"type":"Feature","properties":{"s":"st-passatge-de-sant-ramon-nonat"},"geometry":{"type":"MultiLineString","coordinates":[[[2.11722,41.37607],[2.11841,41.3764]]]}},{"type":"Feature","properties":{"s":"st-carrer-de-sant-roc"},"geometry":{"type":"MultiLineString","coordinates":[[[2.14512,41.3752],[2.14617,41.37285]]]}},{"type":"Feature","properties":{"s":"st-carrer-de-sant-salvador"},"geometry":{"type":"MultiLineString","coordinates":[[[2.15239,41.40638],[2.15361,41.40708],[2.15495,41.40779],[2.15732,41.4091],[2.15811,41.40951]]]}},{"type":"Feature","properties":{"s":"st-carrer-de-sant-sebastia"},"geometry":{"type":"MultiLineString","coordinates":[[[2.19158,41.42777],[2.19134,41.42898],[2.19117,41.43008],[2.1911,41.43043]]]}},{"type":"Feature","properties":{"s":"st-carrer-de-sant-sever"},"geometry":{"type":"MultiLineString","coordinates":[[[2.176,41.38358],[2.17566,41.38329],[2.17512,41.3829]]]}},{"type":"Feature","properties":{"s":"st-carrer-de-sant-simplici"},"geometry":{"type":"MultiLineString","coordinates":[[[2.17892,41.38154],[2.17923,41.38182]]]}},{"type":"Feature","properties":{"s":"st-pas-de-sant-tarsici"},"geometry":{"type":"MultiLineString","coordinates":[[[2.17887,41.42651],[2.17844,41.42619]]]}},{"type":"Feature","properties":{"s":"st-carrer-de-sant-elm"},"geometry":{"type":"MultiLineString","coordinates":[[[2.18976,41.37564],[2.18882,41.378],[2.18825,41.37945]]]}},{"type":"Feature","properties":{"s":"st-placa-de-sant-vicenc-de-sarria"},"geometry":{"type":"MultiLineString","coordinates":[[[2.12424,41.39722],[2.12411,41.39716]],[[2.12424,41.39722],[2.1244,41.39731]],[[2.12424,41.39722],[2.12405,41.39748]]]}},{"type":"Feature","properties":{"s":"st-carrer-de-sancho-de-avila"},"geometry":{"type":"MultiLineString","coordinates":[[[2.1881,41.3973],[2.18928,41.39819],[2.19268,41.4007],[2.19717,41.40409]]]}},{"type":"Feature","properties":{"s":"st-carrer-de-sancho-marraco"},"geometry":{"type":"MultiLineString","coordinates":[[[2.15863,41.37218],[2.1589,41.37206],[2.15973,41.3713]]]}},{"type":"Feature","properties":{"s":"st-carrer-de-sanet"},"geometry":{"type":"MultiLineString","coordinates":[[[2.20815,41.43727],[2.20829,41.43661]]]}},{"type":"Feature","properties":{"s":"st-carrer-de-les-santjoanistes"},"geometry":{"type":"MultiLineString","coordinates":[[[2.14619,41.40197],[2.14693,41.4026],[2.14757,41.40312],[2.14817,41.40364]]]}},{"type":"Feature","properties":{"s":"st-placa-de-sanllehy"},"geometry":{"type":"MultiLineString","coordinates":[[[2.16107,41.41411],[2.16045,41.4138],[2.16124,41.41356],[2.16144,41.41369],[2.16119,41.4141],[2.16107,41.41411]]]}},{"type":"Feature","properties":{"s":"st-carrer-de-sanpere-i-miquel"},"geometry":{"type":"MultiLineString","coordinates":[[[2.16051,41.43017],[2.16033,41.43052],[2.15885,41.43051]]]}},{"type":"Feature","properties":{"s":"st-carrer-de-sants"},"geometry":{"type":"MultiLineString","coordinates":[[[2.13495,41.37589],[2.13593,41.37613]],[[2.14082,41.3753],[2.13833,41.37533],[2.13705,41.37537],[2.12971,41.37551],[2.12633,41.37559],[2.12172,41.37568]]]}},{"type":"Feature","properties":{"s":"st-carrer-d-agata-badia-puig-rodon"},"geometry":{"type":"MultiLineString","coordinates":[[[2.15192,41.40393],[2.15301,41.40451],[2.1534,41.40475],[2.1539,41.40509]]]}},{"type":"Feature","properties":{"s":"st-carrer-de-santa-albina"},"geometry":{"type":"MultiLineString","coordinates":[[[2.14854,41.42196],[2.14944,41.42297],[2.15059,41.42419],[2.15098,41.42475]]]}},{"type":"Feature","properties":{"s":"st-carrer-de-santa-amalia"},"geometry":{"type":"MultiLineString","coordinates":[[[2.1624,41.42925],[2.16362,41.42999],[2.16455,41.43058]]]}},{"type":"Feature","properties":{"s":"st-carrer-de-santa-amelia"},"geometry":{"type":"MultiLineString","coordinates":[[[2.12564,41.39505],[2.12455,41.39438],[2.12134,41.39271]]]}},{"type":"Feature","properties":{"s":"st-passatge-de-santa-amelia"},"geometry":{"type":"MultiLineString","coordinates":[[[2.10965,41.40906],[2.11034,41.40908]]]}},{"type":"Feature","properties":{"s":"st-carrer-de-santa-carolina"},"geometry":{"type":"MultiLineString","coordinates":[[[2.169,41.41031],[2.17025,41.41097],[2.17133,41.41182],[2.17243,41.41263]]]}},{"type":"Feature","properties":{"s":"st-carrer-de-santa-caterina"},"geometry":{"type":"MultiLineString","coordinates":[[[2.13516,41.38061],[2.13712,41.37812],[2.13772,41.37725]]]}},{"type":"Feature","properties":{"s":"st-placa-de-santa-caterina"},"geometry":{"type":"MultiLineString","coordinates":[[[2.17862,41.38563],[2.17848,41.3855],[2.17873,41.38539],[2.1788,41.38547]]]}},{"type":"Feature","properties":{"s":"st-carrer-de-santa-caterina-de-siena"},"geometry":{"type":"MultiLineString","coordinates":[[[2.11144,41.38928],[2.11069,41.38986],[2.10993,41.39048],[2.10915,41.3912],[2.10866,41.39162]]]}},{"type":"Feature","properties":{"s":"st-carrer-de-santa-cecilia"},"geometry":{"type":"MultiLineString","coordinates":[[[2.13558,41.37862],[2.13642,41.37901]]]}},{"type":"Feature","properties":{"s":"st-baixada-de-santa-clara"},"geometry":{"type":"MultiLineString","coordinates":[[[2.17723,41.3838],[2.17746,41.38399]]]}},{"type":"Feature","properties":{"s":"st-carrer-de-santa-clotilde"},"geometry":{"type":"MultiLineString","coordinates":[[[2.15376,41.40607],[2.153,41.40674]]]}},{"type":"Feature","properties":{"s":"st-carrer-de-santa-coloma"},"geometry":{"type":"MultiLineString","coordinates":[[[2.19327,41.43188],[2.19329,41.43176],[2.19295,41.43078],[2.19274,41.43007],[2.19263,41.42964],[2.19246,41.42788]]]}},{"type":"Feature","properties":{"s":"st-passeig-de-santa-coloma"},"geometry":{"type":"MultiLineString","coordinates":[[[2.18682,41.44391],[2.18853,41.44458],[2.19062,41.44532],[2.19284,41.44607],[2.19561,41.44704]],[[2.19279,41.44699],[2.19475,41.4476],[2.19561,41.44704]],[[2.20101,41.44891],[2.19816,41.44793],[2.19707,41.44757],[2.19561,41.44704]]]}},{"type":"Feature","properties":{"s":"st-carrer-de-la-santa-creu"},"geometry":{"type":"MultiLineString","coordinates":[[[2.15696,41.40497],[2.15649,41.40539]]]}},{"type":"Feature","properties":{"s":"st-carretera-de-santa-creu-d-olorda-a-sarria"},"geometry":{"type":"MultiLineString","coordinates":[[[2.1056,41.40983],[2.10171,41.40796],[2.10129,41.40724]],[[2.08253,41.40723],[2.07821,41.41418]],[[2.09141,41.40814],[2.09081,41.40836]],[[2.0682,41.41855],[2.07057,41.41963]],[[2.06462,41.417],[2.05906,41.41617],[2.06158,41.41967]]]}},{"type":"Feature","properties":{"s":"st-cami-de-santa-creu-d-olorda-a-vallvidrera"},"geometry":{"type":"MultiLineString","coordinates":[[[2.09141,41.40814],[2.10152,41.409],[2.10197,41.40894]]]}},{"type":"Feature","properties":{"s":"st-cami-vell-de-santa-creu-d-olorda-a-vallvidrera"},"geometry":{"type":"MultiLineString","coordinates":[[[2.10152,41.409],[2.09968,41.4089]],[[2.09968,41.4089],[2.09902,41.40881]],[[2.09968,41.4089],[2.09794,41.40941]]]}},{"type":"Feature","properties":{"s":"st-carrer-de-santa-dorotea"},"geometry":{"type":"MultiLineString","coordinates":[[[2.14601,41.37103],[2.145,41.37194]]]}},{"type":"Feature","properties":{"s":"st-carrer-de-santa-elena"},"geometry":{"type":"MultiLineString","coordinates":[[[2.16928,41.3775],[2.16838,41.37685]]]}},{"type":"Feature","properties":{"s":"st-carrer-de-santa-engracia"},"geometry":{"type":"MultiLineString","coordinates":[[[2.18011,41.44242],[2.17935,41.44169],[2.17881,41.44122],[2.1779,41.44017],[2.17688,41.43904]]]}},{"type":"Feature","properties":{"s":"st-placa-de-santa-engracia"},"geometry":{"type":"MultiLineString","coordinates":[[[2.18059,41.44222],[2.18099,41.44272]]]}},{"type":"Feature","properties":{"s":"st-carrer-de-santa-eugenia"},"geometry":{"type":"MultiLineString","coordinates":[[[2.15484,41.40037],[2.15398,41.3998]]]}},{"type":"Feature","properties":{"s":"st-baixada-de-santa-eulalia"},"geometry":{"type":"MultiLineString","coordinates":[[[2.17462,41.38277],[2.17512,41.3829]]]}},{"type":"Feature","properties":{"s":"st-passatge-de-santa-eulalia"},"geometry":{"type":"MultiLineString","coordinates":[[[2.18209,41.42773],[2.18211,41.42865]]]}},{"type":"Feature","properties":{"s":"st-passeig-de-santa-eulalia"},"geometry":{"type":"MultiLineString","coordinates":[[[2.11662,41.40364],[2.11557,41.40378],[2.1143,41.40382]]]}},{"type":"Feature","properties":{"s":"st-placa-de-santa-eulalia"},"geometry":{"type":"MultiLineString","coordinates":[[[2.17202,41.42951],[2.17206,41.42912],[2.17161,41.42909],[2.17158,41.42947],[2.17202,41.42951]]]}},{"type":"Feature","properties":{"s":"st-carrer-de-santa-fe"},"geometry":{"type":"MultiLineString","coordinates":[[[2.17351,41.42619],[2.17406,41.42731]]]}},{"type":"Feature","properties":{"s":"st-carrer-de-santa-fe-de-nou-mexic"},"geometry":{"type":"MultiLineString","coordinates":[[[2.13763,41.39444],[2.13516,41.39382],[2.13418,41.39359]]]}},{"type":"Feature","properties":{"s":"st-carrer-de-santa-filomena"},"geometry":{"type":"MultiLineString","coordinates":[[[2.11785,41.40312],[2.11857,41.4038]]]}},{"type":"Feature","properties":{"s":"st-carrer-de-santa-gemma"},"geometry":{"type":"MultiLineString","coordinates":[[[2.14738,41.42424],[2.14803,41.42346]]]}},{"type":"Feature","properties":{"s":"st-placa-del-raspall"},"geometry":{"type":"MultiLineString","coordinates":[[[2.16079,41.40139],[2.16059,41.40124]],[[2.16101,41.40123],[2.16081,41.40107]]]}},{"type":"Feature","properties":{"s":"st-carrer-de-santa-joana-d-arc"},"geometry":{"type":"MultiLineString","coordinates":[[[2.15901,41.42678],[2.15869,41.42787],[2.15849,41.42858],[2.15824,41.42943],[2.15809,41.42985]]]}},{"type":"Feature","properties":{"s":"st-carrer-de-santa-laura"},"geometry":{"type":"MultiLineString","coordinates":[[[2.16005,41.42347],[2.15964,41.42445]]]}},{"type":"Feature","properties":{"s":"st-carrer-de-santa-elionor"},"geometry":{"type":"MultiLineString","coordinates":[[[2.15549,41.41271],[2.15606,41.41198]]]}},{"type":"Feature","properties":{"s":"st-carrer-de-santa-llucia"},"geometry":{"type":"MultiLineString","coordinates":[[[2.17604,41.3842],[2.17559,41.38388]]]}},{"type":"Feature","properties":{"s":"st-carrer-de-santa-lluisa-de-marillac"},"geometry":{"type":"MultiLineString","coordinates":[[[2.19156,41.37962],[2.19124,41.38044]]]}},{"type":"Feature","properties":{"s":"st-carrer-de-santa-madrona"},"geometry":{"type":"MultiLineString","coordinates":[[[2.17081,41.37577],[2.17209,41.37535],[2.1729,41.37519]]]}},{"type":"Feature","properties":{"s":"st-passeig-de-santa-madrona"},"geometry":{"type":"MultiLineString","coordinates":[[[2.15498,41.3703],[2.15528,41.37038],[2.15666,41.37027],[2.1584,41.37011],[2.15571,41.36897],[2.159,41.3674]]]}},{"type":"Feature","properties":{"s":"st-carrer-de-magdalena-e-blanc"},"geometry":{"type":"MultiLineString","coordinates":[[[2.15312,41.40378],[2.15246,41.40361]]]}},{"type":"Feature","properties":{"s":"st-carrer-de-santa-magdalena-sofia"},"geometry":{"type":"MultiLineString","coordinates":[[[2.11997,41.40162],[2.1188,41.40111]]]}},{"type":"Feature","properties":{"s":"st-carrer-de-santa-margarida"},"geometry":{"type":"MultiLineString","coordinates":[[[2.17224,41.37926],[2.17283,41.37897]]]}},{"type":"Feature","properties":{"s":"st-carrer-de-santa-maria"},"geometry":{"type":"MultiLineString","coordinates":[[[2.18203,41.38343],[2.18242,41.38397],[2.1825,41.3841]]]}},{"type":"Feature","properties":{"s":"st-placa-de-santa-maria"},"geometry":{"type":"MultiLineString","coordinates":[[[2.18203,41.38343],[2.18191,41.38327],[2.18178,41.38334],[2.18154,41.38354],[2.18203,41.38343]]]}},{"type":"Feature","properties":{"s":"st-carrer-de-santa-marta"},"geometry":{"type":"MultiLineString","coordinates":[[[2.19121,41.43651],[2.18966,41.437]]]}},{"type":"Feature","properties":{"s":"st-carrer-de-santa-matilde"},"geometry":{"type":"MultiLineString","coordinates":[[[2.17069,41.42987],[2.17108,41.42814]]]}},{"type":"Feature","properties":{"s":"st-carrer-de-santa-monica"},"geometry":{"type":"MultiLineString","coordinates":[[[2.1761,41.3777],[2.17496,41.37718]]]}},{"type":"Feature","properties":{"s":"st-carrer-de-santa-otilia"},"geometry":{"type":"MultiLineString","coordinates":[[[2.16105,41.42298],[2.15831,41.4224],[2.15755,41.42229]]]}},{"type":"Feature","properties":{"s":"st-carrer-de-santa-perpetua"},"geometry":{"type":"MultiLineString","coordinates":[[[2.15131,41.40737],[2.15161,41.40751],[2.15278,41.40797]]]}},{"type":"Feature","properties":{"s":"st-carrer-de-santa-peronella"},"geometry":{"type":"MultiLineString","coordinates":[[[2.14914,41.39717],[2.14843,41.39788]]]}},{"type":"Feature","properties":{"s":"st-carrer-de-rosa-puig-rodon-pla"},"geometry":{"type":"MultiLineString","coordinates":[[[2.15231,41.40307],[2.15407,41.40354]]]}},{"type":"Feature","properties":{"s":"st-carrer-de-santa-rosalia"},"geometry":{"type":"MultiLineString","coordinates":[[[2.15182,41.4247],[2.15098,41.42475],[2.14937,41.42373],[2.14867,41.42303],[2.14705,41.42183],[2.14326,41.42064]]]}},{"type":"Feature","properties":{"s":"st-passatge-de-santa-teresa"},"geometry":{"type":"MultiLineString","coordinates":[[[2.15779,41.42473],[2.15704,41.42436],[2.15633,41.42404],[2.15604,41.42392]]]}},{"type":"Feature","properties":{"s":"st-carrer-de-santa-ursula"},"geometry":{"type":"MultiLineString","coordinates":[[[2.17158,41.42947],[2.17079,41.42942]]]}},{"type":"Feature","properties":{"s":"st-carrer-de-santalo"},"geometry":{"type":"MultiLineString","coordinates":[[[2.14714,41.39457],[2.14557,41.39584],[2.14227,41.39843],[2.14087,41.3996],[2.13972,41.40054],[2.13901,41.40108]]]}},{"type":"Feature","properties":{"s":"st-carrer-de-santander"},"geometry":{"type":"MultiLineString","coordinates":[[[2.2061,41.43294],[2.20554,41.43228]],[[2.2059,41.43211],[2.20497,41.43101],[2.20383,41.42957],[2.203,41.42857],[2.20128,41.42663],[2.20092,41.42606],[2.20043,41.42559],[2.20019,41.42526],[2.19975,41.42476],[2.19824,41.42401],[2.19684,41.42295],[2.19602,41.4223]],[[2.20709,41.43281],[2.2064,41.43274],[2.20788,41.43448]],[[2.20734,41.43438],[2.20788,41.43448]],[[2.20788,41.43448],[2.20859,41.43533],[2.20906,41.43578],[2.20962,41.43618]]]}},{"type":"Feature","properties":{"s":"st-carrer-de-santanyi"},"geometry":{"type":"MultiLineString","coordinates":[[[2.17555,41.43031],[2.17555,41.43151],[2.17549,41.43181]]]}},{"type":"Feature","properties":{"s":"st-carrer-de-santa-pau"},"geometry":{"type":"MultiLineString","coordinates":[[[2.17894,41.4279],[2.17899,41.43025],[2.17905,41.43208],[2.17925,41.43268]]]}},{"type":"Feature","properties":{"s":"st-carrer-de-santes-creus"},"geometry":{"type":"MultiLineString","coordinates":[[[2.16241,41.42993],[2.16222,41.43009],[2.16239,41.43065]]]}},{"type":"Feature","properties":{"s":"st-placa-de-santes-creus"},"geometry":{"type":"MultiLineString","coordinates":[[[2.16241,41.42993],[2.16222,41.43009]]]}},{"type":"Feature","properties":{"s":"st-carrer-de-santiago-rusinol"},"geometry":{"type":"MultiLineString","coordinates":[[[2.16811,41.42883],[2.16731,41.42845],[2.16657,41.42817]]]}},{"type":"Feature","properties":{"s":"st-carrer-de-la-santissima-trinitat-del-mont"},"geometry":{"type":"MultiLineString","coordinates":[[[2.11937,41.40611],[2.11829,41.40711],[2.11781,41.40859],[2.1173,41.40914],[2.11715,41.40942]],[[2.11785,41.41161],[2.11919,41.4111]]]}},{"type":"Feature","properties":{"s":"st-carrer-del-sant-crist"},"geometry":{"type":"MultiLineString","coordinates":[[[2.13704,41.37413],[2.13803,41.37454],[2.13932,41.37473],[2.14087,41.37501]]]}},{"type":"Feature","properties":{"s":"st-carrer-de-sant-domenec"},"geometry":{"type":"MultiLineString","coordinates":[[[2.1572,41.40027],[2.15593,41.39946]]]}},{"type":"Feature","properties":{"s":"st-carrer-de-salomo-ben-adret"},"geometry":{"type":"MultiLineString","coordinates":[[[2.17528,41.38302],[2.17558,41.3828],[2.1759,41.38259],[2.17628,41.38229]]]}},{"type":"Feature","properties":{"s":"st-carrer-de-sant-domenec-de-santa-caterina"},"geometry":{"type":"MultiLineString","coordinates":[[[2.17934,41.38638],[2.17919,41.38619]]]}},{"type":"Feature","properties":{"s":"st-carrer-del-beat-domenec-savio"},"geometry":{"type":"MultiLineString","coordinates":[[[2.20004,41.44754],[2.20068,41.44653],[2.20104,41.44591]]]}},{"type":"Feature","properties":{"s":"st-carrer-de-sant-tomas"},"geometry":{"type":"MultiLineString","coordinates":[[[2.15944,41.43152],[2.15624,41.43225]]]}},{"type":"Feature","properties":{"s":"st-avinguda-del-santuari-de-sant-josep-de-la-muntanya"},"geometry":{"type":"MultiLineString","coordinates":[[[2.15212,41.41276],[2.15242,41.41241],[2.15391,41.41081],[2.15504,41.40954]]]}},{"type":"Feature","properties":{"s":"st-carrer-del-santuari"},"geometry":{"type":"MultiLineString","coordinates":[[[2.15876,41.41693],[2.15741,41.41825],[2.1573,41.41856],[2.15691,41.41924],[2.15633,41.41976],[2.15586,41.41976],[2.15494,41.42001],[2.15396,41.4209],[2.15375,41.42107],[2.15273,41.42106],[2.15178,41.42017],[2.15097,41.4202],[2.15003,41.42031],[2.14974,41.42033],[2.14929,41.42035]]]}},{"type":"Feature","properties":{"s":"st-passatge-dels-santuaris"},"geometry":{"type":"MultiLineString","coordinates":[[[2.15441,41.42149],[2.15393,41.42116]]]}},{"type":"Feature","properties":{"s":"st-carrer-de-sarasate"},"geometry":{"type":"MultiLineString","coordinates":[[[2.12954,41.38887],[2.129,41.39008]]]}},{"type":"Feature","properties":{"s":"st-placa-de-la-sardana"},"geometry":{"type":"MultiLineString","coordinates":[[[2.16887,41.3683],[2.16786,41.36673]]]}},{"type":"Feature","properties":{"s":"st-carrer-de-cerdanyola"},"geometry":{"type":"MultiLineString","coordinates":[[[2.13337,41.37735],[2.13131,41.37687]]]}},{"type":"Feature","properties":{"s":"st-carrer-de-sargelet"},"geometry":{"type":"MultiLineString","coordinates":[[[2.15091,41.40881],[2.15029,41.40962]]]}},{"type":"Feature","properties":{"s":"st-avinguda-de-sarria"},"geometry":{"type":"MultiLineString","coordinates":[[[2.12992,41.39251],[2.13176,41.39231],[2.13316,41.39209],[2.13637,41.39162],[2.13883,41.39121],[2.14148,41.39082]]]}},{"type":"Feature","properties":{"s":"st-carretera-de-sarria-a-vallvidrera"},"geometry":{"type":"MultiLineString","coordinates":[[[2.11002,41.40877],[2.1125,41.40703],[2.10983,41.40763],[2.10632,41.40654],[2.1049,41.40603],[2.1056,41.40983],[2.10541,41.41024],[2.10427,41.4128]]]}},{"type":"Feature","properties":{"s":"st-carrer-de-sas"},"geometry":{"type":"MultiLineString","coordinates":[[[2.20414,41.43862],[2.20418,41.43838],[2.20435,41.43612]]]}},{"type":"Feature","properties":{"s":"st-carrer-de-sasser"},"geometry":{"type":"MultiLineString","coordinates":[[[2.21487,41.41846],[2.21566,41.41791]]]}},{"type":"Feature","properties":{"s":"st-carrer-dels-satellits"},"geometry":{"type":"MultiLineString","coordinates":[[[2.0972,41.42959],[2.09661,41.42843]],[[2.09671,41.42831],[2.09686,41.42783]]]}},{"type":"Feature","properties":{"s":"st-carrer-del-salze"},"geometry":{"type":"MultiLineString","coordinates":[[[2.15022,41.42071],[2.14963,41.42079]]]}},{"type":"Feature","properties":{"s":"st-passatge-de-saturn"},"geometry":{"type":"MultiLineString","coordinates":[[[2.0977,41.42892],[2.09803,41.42831]]]}},{"type":"Feature","properties":{"s":"st-passatge-de-saumell"},"geometry":{"type":"MultiLineString","coordinates":[[[2.111,41.39587],[2.11119,41.3971]]]}},{"type":"Feature","properties":{"s":"st-carrer-de-scala-dei"},"geometry":{"type":"MultiLineString","coordinates":[[[2.15867,41.43843],[2.15735,41.43929],[2.15625,41.43995],[2.15589,41.44018],[2.15502,41.44069]]]}},{"type":"Feature","properties":{"s":"st-carrer-de-la-seca"},"geometry":{"type":"MultiLineString","coordinates":[[[2.18179,41.38506],[2.18204,41.38492],[2.1824,41.38476]]]}},{"type":"Feature","properties":{"s":"st-carrer-de-pau-alsina"},"geometry":{"type":"MultiLineString","coordinates":[[[2.16607,41.40652],[2.16493,41.40759],[2.16439,41.40813],[2.16383,41.40863]],[[2.15928,41.41288],[2.16113,41.41114],[2.16147,41.41087],[2.16321,41.40926],[2.16388,41.40881]]]}},{"type":"Feature","properties":{"s":"st-carrer-de-la-segarra"},"geometry":{"type":"MultiLineString","coordinates":[[[2.18839,41.43798],[2.1882,41.43742]]]}},{"type":"Feature","properties":{"s":"st-carrer-de-segimon"},"geometry":{"type":"MultiLineString","coordinates":[[[2.15534,41.42072],[2.15671,41.42069]]]}},{"type":"Feature","properties":{"s":"st-carrer-de-segovia"},"geometry":{"type":"MultiLineString","coordinates":[[[2.17765,41.38372],[2.17745,41.38384]]]}},{"type":"Feature","properties":{"s":"st-carrer-del-segre"},"geometry":{"type":"MultiLineString","coordinates":[[[2.19545,41.43],[2.1944,41.43136],[2.19405,41.43198],[2.19356,41.43246],[2.19286,41.43306],[2.19224,41.43401],[2.19192,41.43478],[2.19173,41.43531],[2.19142,41.43604]]]}},{"type":"Feature","properties":{"s":"st-carrer-dels-segons-jocs-mediterranis"},"geometry":{"type":"MultiLineString","coordinates":[[[2.15595,41.37141],[2.15458,41.37089]]]}},{"type":"Feature","properties":{"s":"st-carrer-de-segur"},"geometry":{"type":"MultiLineString","coordinates":[[[2.14558,41.42368],[2.14501,41.42355],[2.14349,41.42319],[2.14194,41.42275]]]}},{"type":"Feature","properties":{"s":"st-carrer-del-segura"},"geometry":{"type":"MultiLineString","coordinates":[[[2.14107,41.36351],[2.14135,41.36335],[2.1419,41.36256]],[[2.14084,41.36362],[2.14032,41.36409],[2.14019,41.36432],[2.14011,41.36451],[2.14011,41.36475],[2.14094,41.36542],[2.14272,41.36473],[2.14351,41.36428],[2.14392,41.36397],[2.14604,41.36309]]]}},{"type":"Feature","properties":{"s":"st-carrer-de-selva"},"geometry":{"type":"MultiLineString","coordinates":[[[2.17761,41.43835],[2.17662,41.4374],[2.17575,41.43637],[2.17526,41.43559],[2.17507,41.4352]]]}},{"type":"Feature","properties":{"s":"st-carrer-de-la-selva-del-camp"},"geometry":{"type":"MultiLineString","coordinates":[[[2.195,41.42169],[2.19665,41.4208]]]}},{"type":"Feature","properties":{"s":"st-carrer-de-la-selva-de-mar"},"geometry":{"type":"MultiLineString","coordinates":[[[2.19583,41.41882],[2.19814,41.41715],[2.19925,41.41654],[2.19953,41.41634],[2.20004,41.41595],[2.20037,41.41539],[2.20289,41.41352],[2.2041,41.41256],[2.20629,41.4109],[2.20736,41.41011],[2.20788,41.40971],[2.20853,41.40925],[2.20903,41.40886],[2.20968,41.40839],[2.21075,41.40755],[2.2133,41.40564],[2.21372,41.40529],[2.21496,41.4044]]]}},{"type":"Feature","properties":{"s":"st-carrer-de-les-semoleres"},"geometry":{"type":"MultiLineString","coordinates":[[[2.1788,41.38547],[2.17925,41.38524]]]}},{"type":"Feature","properties":{"s":"st-carrer-del-sena"},"geometry":{"type":"MultiLineString","coordinates":[[[2.11655,41.37745],[2.11741,41.37769]]]}},{"type":"Feature","properties":{"s":"st-passatge-de-senillosa"},"geometry":{"type":"MultiLineString","coordinates":[[[2.12514,41.39579],[2.12414,41.39513]]]}},{"type":"Feature","properties":{"s":"st-carrer-de-sentis"},"geometry":{"type":"MultiLineString","coordinates":[[[2.20815,41.43727],[2.20805,41.43791],[2.20779,41.43907]]]}},{"type":"Feature","properties":{"s":"st-carrer-de-septimania"},"geometry":{"type":"MultiLineString","coordinates":[[[2.14559,41.40444],[2.14636,41.40491]],[[2.14794,41.40585],[2.14732,41.40535],[2.1465,41.40499]]]}},{"type":"Feature","properties":{"s":"st-carrer-d-en-serra"},"geometry":{"type":"MultiLineString","coordinates":[[[2.1793,41.37943],[2.17788,41.38016]]]}},{"type":"Feature","properties":{"s":"st-passatge-de-serra-i-arola"},"geometry":{"type":"MultiLineString","coordinates":[[[2.13576,41.37648],[2.13481,41.3763],[2.13495,41.37589]]]}},{"type":"Feature","properties":{"s":"st-carrer-d-en-serra-xic"},"geometry":{"type":"MultiLineString","coordinates":[[[2.17988,41.3881],[2.18025,41.38788],[2.18045,41.38778]]]}},{"type":"Feature","properties":{"s":"st-passatge-de-serrahima"},"geometry":{"type":"MultiLineString","coordinates":[[[2.16176,41.37091],[2.16128,41.3711]]]}},{"type":"Feature","properties":{"s":"st-carrer-de-serrallonga"},"geometry":{"type":"MultiLineString","coordinates":[[[2.15513,41.42676],[2.15461,41.42727],[2.15429,41.42777]]]}},{"type":"Feature","properties":{"s":"st-carrer-de-serrano"},"geometry":{"type":"MultiLineString","coordinates":[[[2.17438,41.42892],[2.1721,41.42877],[2.17095,41.42872]]]}},{"type":"Feature","properties":{"s":"st-carrer-de-servet"},"geometry":{"type":"MultiLineString","coordinates":[[[2.1897,41.43675],[2.1864,41.4373],[2.18472,41.43762]]]}},{"type":"Feature","properties":{"s":"st-carrer-de-serbia"},"geometry":{"type":"MultiLineString","coordinates":[[[2.17106,41.41857],[2.17071,41.41809],[2.17032,41.41745]]]}},{"type":"Feature","properties":{"s":"st-carrer-de-setanti"},"geometry":{"type":"MultiLineString","coordinates":[[[2.12053,41.39786],[2.12105,41.39814],[2.12154,41.39838]]]}},{"type":"Feature","properties":{"s":"st-carrer-de-sevilla"},"geometry":{"type":"MultiLineString","coordinates":[[[2.19028,41.37622],[2.18894,41.37961]]]}},{"type":"Feature","properties":{"s":"st-carrer-de-sibiuda"},"geometry":{"type":"MultiLineString","coordinates":[[[2.21621,41.41522],[2.21687,41.41571]]]}},{"type":"Feature","properties":{"s":"st-carrer-de-trelawny"},"geometry":{"type":"MultiLineString","coordinates":[[[2.19426,41.38589],[2.19529,41.38507],[2.19575,41.38476]]]}},{"type":"Feature","properties":{"s":"st-carrer-de-side"},"geometry":{"type":"MultiLineString","coordinates":[[[2.17911,41.3853],[2.17885,41.38501]]]}},{"type":"Feature","properties":{"s":"st-carrer-de-sido"},"geometry":{"type":"MultiLineString","coordinates":[[[2.13959,41.42576],[2.13766,41.42586]]]}},{"type":"Feature","properties":{"s":"st-carrer-del-segle-xx"},"geometry":{"type":"MultiLineString","coordinates":[[[2.17871,41.4222],[2.17733,41.42283],[2.17613,41.42332],[2.17551,41.42355],[2.17374,41.42426],[2.1726,41.42439]]]}},{"type":"Feature","properties":{"s":"st-carrer-de-siguenza"},"geometry":{"type":"MultiLineString","coordinates":[[[2.15605,41.42501],[2.15543,41.42469],[2.15433,41.42425],[2.15311,41.4236],[2.15242,41.42319],[2.15164,41.42261],[2.15105,41.42168]]]}},{"type":"Feature","properties":{"s":"st-passatge-de-siguenza"},"geometry":{"type":"MultiLineString","coordinates":[[[2.15261,41.42304],[2.15175,41.42249]]]}},{"type":"Feature","properties":{"s":"st-carrer-de-sils"},"geometry":{"type":"MultiLineString","coordinates":[[[2.17813,41.37849],[2.17761,41.37805]]]}},{"type":"Feature","properties":{"s":"st-carrer-de-simo-oller"},"geometry":{"type":"MultiLineString","coordinates":[[[2.18076,41.37951],[2.17968,41.38005]]]}},{"type":"Feature","properties":{"s":"st-passatge-del-textil"},"geometry":{"type":"MultiLineString","coordinates":[[[2.1979,41.41042],[2.19903,41.41127],[2.20015,41.41214]]]}},{"type":"Feature","properties":{"s":"st-carrer-del-sinai"},"geometry":{"type":"MultiLineString","coordinates":[[[2.13736,41.42507],[2.13879,41.42468],[2.13954,41.4245],[2.13994,41.42457]]]}},{"type":"Feature","properties":{"s":"st-carrer-de-torroella-de-montgri"},"geometry":{"type":"MultiLineString","coordinates":[[[2.18606,41.42862],[2.18728,41.42671]]]}},{"type":"Feature","properties":{"s":"st-carrer-de-siracusa"},"geometry":{"type":"MultiLineString","coordinates":[[[2.15915,41.40057],[2.15984,41.40109],[2.16034,41.40143],[2.16142,41.40206]]]}},{"type":"Feature","properties":{"s":"st-avinguda-de-sivatte"},"geometry":{"type":"MultiLineString","coordinates":[[[2.18097,41.46407],[2.18152,41.46298],[2.18202,41.46248],[2.18223,41.46204]]]}},{"type":"Feature","properties":{"s":"st-carrer-del-socors"},"geometry":{"type":"MultiLineString","coordinates":[[[2.13131,41.37687],[2.13009,41.3766]]]}},{"type":"Feature","properties":{"s":"st-carrer-de-socrates"},"geometry":{"type":"MultiLineString","coordinates":[[[2.18933,41.43189],[2.1876,41.43177],[2.1862,41.43188],[2.18571,41.43189],[2.18436,41.43199],[2.18298,41.43207]]]}},{"type":"Feature","properties":{"s":"st-passatge-de-socrates"},"geometry":{"type":"MultiLineString","coordinates":[[[2.1862,41.43188],[2.18628,41.43148]]]}},{"type":"Feature","properties":{"s":"st-carrer-del-sol"},"geometry":{"type":"MultiLineString","coordinates":[[[2.15609,41.40182],[2.15549,41.40237]]]}},{"type":"Feature","properties":{"s":"st-carrer-de-la-gespa"},"geometry":{"type":"MultiLineString","coordinates":[[[2.08989,41.42344],[2.08974,41.42403],[2.08965,41.42455],[2.08987,41.42468],[2.09044,41.42452],[2.09048,41.42435],[2.09066,41.42411]]]}},{"type":"Feature","properties":{"s":"st-placa-del-sol"},"geometry":{"type":"MultiLineString","coordinates":[[[2.15666,41.40135],[2.15707,41.40162],[2.15673,41.4019],[2.15634,41.40163],[2.15666,41.40135]]]}},{"type":"Feature","properties":{"s":"st-carrer-de-sol-i-padris"},"geometry":{"type":"MultiLineString","coordinates":[[[2.11927,41.40049],[2.11912,41.40071],[2.1188,41.40111]]]}},{"type":"Feature","properties":{"s":"st-carrer-de-sola"},"geometry":{"type":"MultiLineString","coordinates":[[[2.13228,41.38693],[2.13413,41.38797]]]}},{"type":"Feature","properties":{"s":"st-baixada-de-solanell"},"geometry":{"type":"MultiLineString","coordinates":[[[2.14733,41.41717],[2.14869,41.41677]]]}},{"type":"Feature","properties":{"s":"st-carrer-de-solanes"},"geometry":{"type":"MultiLineString","coordinates":[[[2.13967,41.41014],[2.14024,41.41015]]]}},{"type":"Feature","properties":{"s":"st-carrer-de-soler-i-rovirosa"},"geometry":{"type":"MultiLineString","coordinates":[[[2.1903,41.40962],[2.18913,41.41006]]]}},{"type":"Feature","properties":{"s":"st-passatge-de-solsona"},"geometry":{"type":"MultiLineString","coordinates":[[[2.14021,41.37135],[2.14049,41.37117],[2.14106,41.37065]]]}},{"type":"Feature","properties":{"s":"st-carrer-del-solsones"},"geometry":{"type":"MultiLineString","coordinates":[[[2.13211,41.40726],[2.13235,41.40776]]]}},{"type":"Feature","properties":{"s":"st-placa-de-soller"},"geometry":{"type":"MultiLineString","coordinates":[[[2.17682,41.43303],[2.17761,41.43399],[2.17586,41.43484],[2.17503,41.43385]]]}},{"type":"Feature","properties":{"s":"st-carrer-dels-sombrerers"},"geometry":{"type":"MultiLineString","coordinates":[[[2.18154,41.38354],[2.18215,41.38436]]]}},{"type":"Feature","properties":{"s":"st-carrer-de-sor-eulalia-d-anzizu"},"geometry":{"type":"MultiLineString","coordinates":[[[2.11584,41.3925],[2.11388,41.39106],[2.10955,41.38792],[2.10906,41.38739],[2.10806,41.38623]]]}},{"type":"Feature","properties":{"s":"st-carrer-de-soria"},"geometry":{"type":"MultiLineString","coordinates":[[[2.1919,41.37969],[2.19158,41.38052]]]}},{"type":"Feature","properties":{"s":"st-carrer-de-sorolla"},"geometry":{"type":"MultiLineString","coordinates":[[[2.14007,41.42957],[2.14032,41.43068]],[[2.14072,41.43083],[2.14129,41.43211]]]}},{"type":"Feature","properties":{"s":"st-carrer-de-sors"},"geometry":{"type":"MultiLineString","coordinates":[[[2.15894,41.40842],[2.15674,41.41128]]]}},{"type":"Feature","properties":{"s":"st-carrer-de-sostres"},"geometry":{"type":"MultiLineString","coordinates":[[[2.15107,41.41075],[2.14959,41.41234],[2.14906,41.41293]]]}},{"type":"Feature","properties":{"s":"st-carrer-de-sovelles"},"geometry":{"type":"MultiLineString","coordinates":[[[2.14321,41.35239],[2.142,41.35327]]]}},{"type":"Feature","properties":{"s":"st-carrer-de-subirats"},"geometry":{"type":"MultiLineString","coordinates":[[[2.17416,41.42601],[2.1747,41.42713]]]}},{"type":"Feature","properties":{"s":"st-carrer-del-sots-tinent-navarro"},"geometry":{"type":"MultiLineString","coordinates":[[[2.18065,41.38197],[2.18014,41.38233],[2.17971,41.38266],[2.17938,41.38305],[2.17903,41.38333],[2.17845,41.38373]]]}},{"type":"Feature","properties":{"s":"st-carrer-de-sugranyes"},"geometry":{"type":"MultiLineString","coordinates":[[[2.13097,41.3709],[2.13046,41.37153],[2.12823,41.37424],[2.12747,41.37519],[2.12722,41.37557]]]}},{"type":"Feature","properties":{"s":"st-carrer-de-suissa"},"geometry":{"type":"MultiLineString","coordinates":[[[2.1403,41.40924],[2.14024,41.41015]]]}},{"type":"Feature","properties":{"s":"st-carrer-de-sunol-i-gras"},"geometry":{"type":"MultiLineString","coordinates":[[[2.19041,41.45412],[2.19027,41.45467]]]}},{"type":"Feature","properties":{"s":"st-carrer-de-suria"},"geometry":{"type":"MultiLineString","coordinates":[[[2.13403,41.37001],[2.13365,41.36994],[2.13262,41.36971]]]}},{"type":"Feature","properties":{"s":"st-carrer-del-sospir"},"geometry":{"type":"MultiLineString","coordinates":[[[2.18571,41.41381],[2.18509,41.41402],[2.18425,41.41434]]]}},{"type":"Feature","properties":{"s":"st-carrer-de-tagamanent"},"geometry":{"type":"MultiLineString","coordinates":[[[2.16145,41.40075],[2.16091,41.40115]]]}},{"type":"Feature","properties":{"s":"st-carrer-del-tajo"},"geometry":{"type":"MultiLineString","coordinates":[[[2.1631,41.43046],[2.16241,41.42993],[2.16198,41.42965],[2.16066,41.42962],[2.15992,41.42969],[2.15907,41.42967]]]}},{"type":"Feature","properties":{"s":"st-carrer-de-la-tallada"},"geometry":{"type":"MultiLineString","coordinates":[[[2.20792,41.43724],[2.20753,41.43903]]]}},{"type":"Feature","properties":{"s":"st-carrer-de-tamariu"},"geometry":{"type":"MultiLineString","coordinates":[[[2.18587,41.44906],[2.18462,41.45016]]]}},{"type":"Feature","properties":{"s":"st-carrer-de-tanger"},"geometry":{"type":"MultiLineString","coordinates":[[[2.19698,41.40564],[2.19496,41.40411],[2.19385,41.40329],[2.19273,41.40243],[2.18987,41.40031],[2.18931,41.39992],[2.18847,41.39929]]]}},{"type":"Feature","properties":{"s":"st-carrer-d-en-tantarantana"},"geometry":{"type":"MultiLineString","coordinates":[[[2.18187,41.38645],[2.18157,41.38668],[2.1807,41.38765]]]}},{"type":"Feature","properties":{"s":"st-carrer-de-les-tapies"},"geometry":{"type":"MultiLineString","coordinates":[[[2.1716,41.3772],[2.17089,41.37644],[2.16998,41.37543]]]}},{"type":"Feature","properties":{"s":"st-carrer-de-la-tapineria"},"geometry":{"type":"MultiLineString","coordinates":[[[2.17825,41.38388],[2.17783,41.38418],[2.17736,41.38449],[2.17653,41.38471],[2.17633,41.38488]]]}},{"type":"Feature","properties":{"s":"st-carrer-de-tapioles"},"geometry":{"type":"MultiLineString","coordinates":[[[2.16449,41.37369],[2.164,41.37288],[2.16343,41.37125]]]}},{"type":"Feature","properties":{"s":"st-torrent-de-tapioles"},"geometry":{"type":"MultiLineString","coordinates":[[[2.18374,41.46317],[2.18265,41.46361],[2.18097,41.46407],[2.18014,41.46481]]]}},{"type":"Feature","properties":{"s":"st-carrer-del-taquigraf-garriga"},"geometry":{"type":"MultiLineString","coordinates":[[[2.13138,41.3856],[2.13244,41.38618],[2.13585,41.38812],[2.1409,41.39092]]]}},{"type":"Feature","properties":{"s":"st-carrer-del-taquigraf-marti"},"geometry":{"type":"MultiLineString","coordinates":[[[2.12894,41.3848],[2.12988,41.38511]],[[2.13138,41.3856],[2.13025,41.38523]]]}},{"type":"Feature","properties":{"s":"st-carrer-del-taquigraf-serra"},"geometry":{"type":"MultiLineString","coordinates":[[[2.13838,41.38564],[2.13962,41.38635],[2.14092,41.38703]]]}},{"type":"Feature","properties":{"s":"st-carrer-de-taradell"},"geometry":{"type":"MultiLineString","coordinates":[[[2.14831,41.42089],[2.14678,41.42059]]]}},{"type":"Feature","properties":{"s":"st-carrer-de-tarba"},"geometry":{"type":"MultiLineString","coordinates":[[[2.21254,41.42016],[2.21322,41.41965]]]}},{"type":"Feature","properties":{"s":"st-carrer-de-tarent"},"geometry":{"type":"MultiLineString","coordinates":[[[2.21768,41.41592],[2.21699,41.41643]]]}},{"type":"Feature","properties":{"s":"st-carrer-de-la-tarongeta"},"geometry":{"type":"MultiLineString","coordinates":[[[2.18119,41.38313],[2.18084,41.38309]]]}},{"type":"Feature","properties":{"s":"st-carrer-de-tarrega"},"geometry":{"type":"MultiLineString","coordinates":[[[2.20839,41.43796],[2.20751,41.43783],[2.2067,41.43774]],[[2.20313,41.4373],[2.20494,41.43752]],[[2.20554,41.43753],[2.20606,41.43759]]]}},{"type":"Feature","properties":{"s":"st-passatge-de-tarrega"},"geometry":{"type":"MultiLineString","coordinates":[[[2.20545,41.43794],[2.20596,41.43799]]]}},{"type":"Feature","properties":{"s":"st-carrer-d-en-tarros"},"geometry":{"type":"MultiLineString","coordinates":[[[2.18002,41.38616],[2.17934,41.38638],[2.17877,41.38663]]]}},{"type":"Feature","properties":{"s":"st-carrer-del-taulat"},"geometry":{"type":"MultiLineString","coordinates":[[[2.20687,41.4004],[2.20648,41.40007],[2.20534,41.39916],[2.20341,41.3976],[2.20243,41.39677],[2.2013,41.39586],[2.20115,41.39482]]]}},{"type":"Feature","properties":{"s":"st-passatge-del-taulat"},"geometry":{"type":"MultiLineString","coordinates":[[[2.20796,41.41307],[2.20907,41.4139]]]}},{"type":"Feature","properties":{"s":"st-carrer-de-tavern"},"geometry":{"type":"MultiLineString","coordinates":[[[2.14574,41.39779],[2.14393,41.39932],[2.14289,41.40017],[2.14154,41.4013]]]}},{"type":"Feature","properties":{"s":"st-carrer-de-taxdirt"},"geometry":{"type":"MultiLineString","coordinates":[[[2.16847,41.41066],[2.1673,41.40993],[2.16588,41.40903],[2.16439,41.40813]]]}},{"type":"Feature","properties":{"s":"st-carrer-de-la-guardia-urbana"},"geometry":{"type":"MultiLineString","coordinates":[[[2.15353,41.37245],[2.15498,41.3703]]]}},{"type":"Feature","properties":{"s":"st-carrer-del-teide"},"geometry":{"type":"MultiLineString","coordinates":[[[2.16965,41.42964],[2.16903,41.4304],[2.16755,41.43201]]]}},{"type":"Feature","properties":{"s":"st-carrer-del-telegraf"},"geometry":{"type":"MultiLineString","coordinates":[[[2.17592,41.4163],[2.1741,41.41694],[2.17149,41.41781],[2.17071,41.41809],[2.16845,41.41884]]]}},{"type":"Feature","properties":{"s":"st-carrer-de-tell"},"geometry":{"type":"MultiLineString","coordinates":[[[2.20711,41.43714],[2.2073,41.4365]]]}},{"type":"Feature","properties":{"s":"st-carrer-dels-templers"},"geometry":{"type":"MultiLineString","coordinates":[[[2.17825,41.38198],[2.17809,41.38164],[2.17759,41.38141]]]}},{"type":"Feature","properties":{"s":"st-carrer-de-tenerife"},"geometry":{"type":"MultiLineString","coordinates":[[[2.16279,41.41728],[2.16431,41.41623],[2.16611,41.41507]]]}},{"type":"Feature","properties":{"s":"st-carrer-de-gonzalez-tablas"},"geometry":{"type":"MultiLineString","coordinates":[[[2.10628,41.38712],[2.10806,41.38623],[2.1105,41.38503],[2.11091,41.38416]]]}},{"type":"Feature","properties":{"s":"st-carrer-de-john-m-keynes"},"geometry":{"type":"MultiLineString","coordinates":[[[2.11705,41.38569],[2.11543,41.38806]]]}},{"type":"Feature","properties":{"s":"st-passatge-del-tinent-costa"},"geometry":{"type":"MultiLineString","coordinates":[[[2.17427,41.42359],[2.17348,41.4239]]]}},{"type":"Feature","properties":{"s":"st-carrer-del-tinent-flomesta"},"geometry":{"type":"MultiLineString","coordinates":[[[2.13246,41.37245],[2.13221,41.37307],[2.13145,41.37548]]]}},{"type":"Feature","properties":{"s":"st-carrer-del-tenor-masini"},"geometry":{"type":"MultiLineString","coordinates":[[[2.13261,41.37546],[2.13135,41.37851],[2.13116,41.3791],[2.13071,41.38021]]]}},{"type":"Feature","properties":{"s":"st-carrer-del-tenor-vinas"},"geometry":{"type":"MultiLineString","coordinates":[[[2.14256,41.39542],[2.14192,41.39469],[2.14211,41.39414]]]}},{"type":"Feature","properties":{"s":"st-carrer-de-teodora-lamadrid"},"geometry":{"type":"MultiLineString","coordinates":[[[2.13828,41.40571],[2.13685,41.40668],[2.13586,41.4073],[2.13438,41.40816]]]}},{"type":"Feature","properties":{"s":"st-carrer-de-teodor-llorente"},"geometry":{"type":"MultiLineString","coordinates":[[[2.18068,41.41926],[2.17861,41.41883],[2.17688,41.41875]]]}},{"type":"Feature","properties":{"s":"st-carrer-de-teodor-roviralta"},"geometry":{"type":"MultiLineString","coordinates":[[[2.12968,41.41474],[2.13048,41.41406],[2.13084,41.41382],[2.13268,41.41374],[2.1342,41.41301],[2.13503,41.41207]]]}},{"type":"Feature","properties":{"s":"st-carrer-del-ter"},"geometry":{"type":"MultiLineString","coordinates":[[[2.18724,41.41067],[2.18886,41.41016]]]}},{"type":"Feature","properties":{"s":"st-carrer-de-la-mare-de-deu-de-montserrat"},"geometry":{"type":"MultiLineString","coordinates":[[[2.20497,41.43101],[2.20783,41.42967]]]}},{"type":"Feature","properties":{"s":"st-carrer-de-teresa-de-cofrents"},"geometry":{"type":"MultiLineString","coordinates":[[[2.17579,41.44231],[2.17673,41.443]]]}},{"type":"Feature","properties":{"s":"st-carrer-de-terre"},"geometry":{"type":"MultiLineString","coordinates":[[[2.1227,41.40725],[2.12196,41.40685]],[[2.12005,41.40584],[2.1202,41.40591],[2.12196,41.40685]],[[2.12196,41.40685],[2.12242,41.40752],[2.12146,41.40736]]]}},{"type":"Feature","properties":{"s":"st-carrer-de-terol"},"geometry":{"type":"MultiLineString","coordinates":[[[2.15695,41.40231],[2.15783,41.40284]],[[2.15951,41.40391],[2.15879,41.40344],[2.158,41.40295]]]}},{"type":"Feature","properties":{"s":"st-carrer-de-tessalia"},"geometry":{"type":"MultiLineString","coordinates":[[[2.21977,41.41428],[2.21895,41.4149]]]}},{"type":"Feature","properties":{"s":"st-carrer-de-teulada"},"geometry":{"type":"MultiLineString","coordinates":[[[2.2137,41.41759],[2.21444,41.41702]]]}},{"type":"Feature","properties":{"s":"st-carrer-de-thous"},"geometry":{"type":"MultiLineString","coordinates":[[[2.16748,41.41352],[2.16723,41.41395],[2.1666,41.41495]],[[2.16748,41.41352],[2.16819,41.41259],[2.16748,41.41352]]]}},{"type":"Feature","properties":{"s":"st-carrer-de-tiana"},"geometry":{"type":"MultiLineString","coordinates":[[[2.20102,41.44743],[2.20026,41.44865]]]}},{"type":"Feature","properties":{"s":"st-carretera-de-vallvidrera-al-tibidabo"},"geometry":{"type":"MultiLineString","coordinates":[[[2.1212,41.42072],[2.12063,41.42288],[2.12115,41.42582],[2.11972,41.42565],[2.11928,41.42436],[2.11882,41.42166]],[[2.12092,41.42064],[2.11959,41.41968],[2.11672,41.41791],[2.11269,41.41675],[2.11031,41.416]]]}},{"type":"Feature","properties":{"s":"st-placa-del-tibidabo"},"geometry":{"type":"MultiLineString","coordinates":[[[2.1183,41.42168],[2.11882,41.42166]]]}},{"type":"Feature","properties":{"s":"st-passeig-dels-tillers"},"geometry":{"type":"MultiLineString","coordinates":[[[2.11958,41.3896],[2.11813,41.38939],[2.11667,41.39034],[2.11744,41.39124]]]}},{"type":"Feature","properties":{"s":"st-carrer-dels-tiradors"},"geometry":{"type":"MultiLineString","coordinates":[[[2.18162,41.38807],[2.18064,41.38792]]]}},{"type":"Feature","properties":{"s":"st-carrer-de-tiro"},"geometry":{"type":"MultiLineString","coordinates":[[[2.13994,41.42457],[2.14113,41.42453]]]}},{"type":"Feature","properties":{"s":"st-carrer-de-tirso"},"geometry":{"type":"MultiLineString","coordinates":[[[2.15169,41.4198],[2.1514,41.41945],[2.15109,41.41913],[2.1504,41.41814],[2.15005,41.41751]]]}},{"type":"Feature","properties":{"s":"st-carrer-de-tirso-de-molina"},"geometry":{"type":"MultiLineString","coordinates":[[[2.13035,41.37586],[2.13177,41.37624]]]}},{"type":"Feature","properties":{"s":"st-carrer-d-en-tisso"},"geometry":{"type":"MultiLineString","coordinates":[[[2.18562,41.44254],[2.18368,41.44296],[2.18248,41.44351],[2.18095,41.44427],[2.18021,41.44472],[2.1793,41.44527]]]}},{"type":"Feature","properties":{"s":"st-carrer-de-ticia"},"geometry":{"type":"MultiLineString","coordinates":[[[2.13957,41.41623],[2.13631,41.41859],[2.13599,41.419]]]}},{"type":"Feature","properties":{"s":"st-carrer-de-tubella"},"geometry":{"type":"MultiLineString","coordinates":[[[2.13524,41.38475],[2.13558,41.38424]]]}},{"type":"Feature","properties":{"s":"st-riera-de-can-toda"},"geometry":{"type":"MultiLineString","coordinates":[[[2.15915,41.41218],[2.15905,41.41272],[2.15868,41.41321],[2.15747,41.41424],[2.15694,41.41464]]]}},{"type":"Feature","properties":{"s":"st-avinguda-de-tots-sants"},"geometry":{"type":"MultiLineString","coordinates":[[[2.0977,41.42892],[2.09702,41.42983],[2.09773,41.43216]]]}},{"type":"Feature","properties":{"s":"st-carrer-de-toquio"},"geometry":{"type":"MultiLineString","coordinates":[[[2.11885,41.3917],[2.11848,41.39045]]]}},{"type":"Feature","properties":{"s":"st-placa-dels-jardins-de-toquio"},"geometry":{"type":"MultiLineString","coordinates":[[[2.11398,41.39392],[2.11279,41.39379]]]}},{"type":"Feature","properties":{"s":"st-carrer-de-toledo"},"geometry":{"type":"MultiLineString","coordinates":[[[2.13524,41.37109],[2.13555,41.36976]]]}},{"type":"Feature","properties":{"s":"st-passatge-de-toledo"},"geometry":{"type":"MultiLineString","coordinates":[[[2.13667,41.37039],[2.13543,41.37025]]]}},{"type":"Feature","properties":{"s":"st-carrer-de-tolosa"},"geometry":{"type":"MultiLineString","coordinates":[[[2.21322,41.41965],[2.21342,41.41938],[2.21429,41.41872]]]}},{"type":"Feature","properties":{"s":"st-carrer-de-tolra"},"geometry":{"type":"MultiLineString","coordinates":[[[2.15734,41.42498],[2.15583,41.42714]]]}},{"type":"Feature","properties":{"s":"st-carrer-de-tomas-mieres"},"geometry":{"type":"MultiLineString","coordinates":[[[2.17521,41.38662],[2.17456,41.3864]]]}},{"type":"Feature","properties":{"s":"st-carrer-de-tomas-padro"},"geometry":{"type":"MultiLineString","coordinates":[[[2.18691,41.41432],[2.18573,41.41485]]]}},{"type":"Feature","properties":{"s":"st-carrer-del-timo"},"geometry":{"type":"MultiLineString","coordinates":[[[2.1792,41.38092],[2.17907,41.3808]]]}},{"type":"Feature","properties":{"s":"st-passatge-de-tona"},"geometry":{"type":"MultiLineString","coordinates":[[[2.14483,41.41572],[2.14612,41.41536]]]}},{"type":"Feature","properties":{"s":"st-carrer-del-tonell"},"geometry":{"type":"MultiLineString","coordinates":[[[2.1801,41.38057],[2.17989,41.38068]]]}},{"type":"Feature","properties":{"s":"st-carrer-del-topazi"},"geometry":{"type":"MultiLineString","coordinates":[[[2.1541,41.40566],[2.15569,41.40421]]]}},{"type":"Feature","properties":{"s":"st-carrer-de-topete"},"geometry":{"type":"MultiLineString","coordinates":[[[2.20716,41.39924],[2.20699,41.39943]],[[2.20625,41.39989],[2.20649,41.39972],[2.20677,41.39958]]]}},{"type":"Feature","properties":{"s":"st-carrer-de-tordera"},"geometry":{"type":"MultiLineString","coordinates":[[[2.1596,41.40014],[2.16173,41.40178],[2.16302,41.40267]]]}},{"type":"Feature","properties":{"s":"st-carrer-de-torello"},"geometry":{"type":"MultiLineString","coordinates":[[[2.15132,41.42802],[2.15111,41.42862],[2.15109,41.42922]]]}},{"type":"Feature","properties":{"s":"st-carrer-de-torne"},"geometry":{"type":"MultiLineString","coordinates":[[[2.19087,41.44969],[2.19132,41.44883]],[[2.19178,41.44807],[2.19132,41.44883]],[[2.19059,41.44913],[2.19132,41.44883]]]}},{"type":"Feature","properties":{"s":"st-passatge-de-torne"},"geometry":{"type":"MultiLineString","coordinates":[[[2.19117,41.4491],[2.19285,41.44895]]]}},{"type":"Feature","properties":{"s":"st-carrer-de-torns"},"geometry":{"type":"MultiLineString","coordinates":[[[2.12408,41.37563],[2.12446,41.3745],[2.125,41.37395]]]}},{"type":"Feature","properties":{"s":"st-passatge-de-torras-i-bages"},"geometry":{"type":"MultiLineString","coordinates":[[[2.11885,41.40561],[2.11795,41.40643]]]}},{"type":"Feature","properties":{"s":"st-passeig-de-torras-i-bages"},"geometry":{"type":"MultiLineString","coordinates":[[[2.19052,41.44693],[2.19071,41.44369],[2.19083,41.44214],[2.19109,41.43811],[2.1912,41.43671],[2.19122,41.43634]]]}},{"type":"Feature","properties":{"s":"st-carrer-de-torras-i-pujalt"},"geometry":{"type":"MultiLineString","coordinates":[[[2.13514,41.4003],[2.13419,41.40148],[2.13236,41.40388]]]}},{"type":"Feature","properties":{"s":"st-carrer-de-la-torre"},"geometry":{"type":"MultiLineString","coordinates":[[[2.14838,41.4038],[2.14884,41.40419],[2.14893,41.40455],[2.14948,41.40476]]]}},{"type":"Feature","properties":{"s":"st-placa-de-la-torre"},"geometry":{"type":"MultiLineString","coordinates":[[[2.14948,41.40476],[2.14959,41.40507],[2.14948,41.40476]]]}},{"type":"Feature","properties":{"s":"st-carrer-de-la-torre-d-en-damians"},"geometry":{"type":"MultiLineString","coordinates":[[[2.1432,41.37697],[2.14366,41.37653],[2.14432,41.37584],[2.14486,41.37521]]]}},{"type":"Feature","properties":{"s":"st-carrer-de-la-torre-dulac"},"geometry":{"type":"MultiLineString","coordinates":[[[2.16286,41.41669],[2.16431,41.41623]]]}},{"type":"Feature","properties":{"s":"st-cami-de-la-torre-melina"},"geometry":{"type":"MultiLineString","coordinates":[[[2.1124,41.37594],[2.11177,41.37689],[2.11144,41.37731]]]}},{"type":"Feature","properties":{"s":"st-carrer-de-la-torre-dels-pardals"},"geometry":{"type":"MultiLineString","coordinates":[[[2.17784,41.42167],[2.17267,41.42373]]]}},{"type":"Feature","properties":{"s":"st-carrer-de-la-torre-velez"},"geometry":{"type":"MultiLineString","coordinates":[[[2.17611,41.41496],[2.17742,41.41591],[2.17797,41.41636]]]}},{"type":"Feature","properties":{"s":"st-carrer-de-torrelles"},"geometry":{"type":"MultiLineString","coordinates":[[[2.18111,41.45706],[2.18036,41.45675],[2.17793,41.45295]]]}},{"type":"Feature","properties":{"s":"st-carrer-del-torrent-de-les-flors"},"geometry":{"type":"MultiLineString","coordinates":[[[2.16224,41.40414],[2.15953,41.40687],[2.15661,41.40982],[2.15615,41.41027]]]}},{"type":"Feature","properties":{"s":"st-carrer-del-torrent-de-mariner"},"geometry":{"type":"MultiLineString","coordinates":[[[2.16636,41.40669],[2.16547,41.40753]]]}},{"type":"Feature","properties":{"s":"st-carrer-del-torrent-de-perera"},"geometry":{"type":"MultiLineString","coordinates":[[[2.19392,41.45387],[2.1925,41.45461],[2.19214,41.45441],[2.19189,41.45456],[2.19027,41.45467],[2.18983,41.45443],[2.18943,41.45343]]]}},{"type":"Feature","properties":{"s":"st-carrer-del-torrent-de-can-piquer"},"geometry":{"type":"MultiLineString","coordinates":[[[2.17993,41.4322],[2.17905,41.43208],[2.17827,41.43189],[2.1775,41.43192]]]}},{"type":"Feature","properties":{"s":"st-carrer-del-torrent-del-remei"},"geometry":{"type":"MultiLineString","coordinates":[[[2.1481,41.41547],[2.14869,41.41677],[2.14923,41.4178]]]}},{"type":"Feature","properties":{"s":"st-carrer-de-la-torre-vella"},"geometry":{"type":"MultiLineString","coordinates":[[[2.18738,41.46129],[2.18734,41.46217],[2.18619,41.46278]],[[2.18295,41.4613],[2.18386,41.46186],[2.18429,41.46314],[2.18575,41.4628]]]}},{"type":"Feature","properties":{"s":"st-carrer-del-torrent-d-en-vidalet"},"geometry":{"type":"MultiLineString","coordinates":[[[2.16054,41.40304],[2.15721,41.40589]]]}},{"type":"Feature","properties":{"s":"st-carrer-de-josep-torres"},"geometry":{"type":"MultiLineString","coordinates":[[[2.16082,41.40031],[2.16222,41.40127]]]}},{"type":"Feature","properties":{"s":"st-carrer-de-les-torres"},"geometry":{"type":"MultiLineString","coordinates":[[[2.18033,41.44718],[2.17882,41.44709],[2.1756,41.44686],[2.17429,41.44679],[2.17141,41.4466]]]}},{"type":"Feature","properties":{"s":"st-passatge-de-les-torretes"},"geometry":{"type":"MultiLineString","coordinates":[[[2.10729,41.40157],[2.10758,41.40198]]]}},{"type":"Feature","properties":{"s":"st-carrer-de-torres-de-marina"},"geometry":{"type":"MultiLineString","coordinates":[[[2.14737,41.35179],[2.1487,41.35266]]]}},{"type":"Feature","properties":{"s":"st-carrer-de-torrevieja"},"geometry":{"type":"MultiLineString","coordinates":[[[2.19613,41.38613],[2.19502,41.38529]]]}},{"type":"Feature","properties":{"s":"st-carrer-de-torrijos"},"geometry":{"type":"MultiLineString","coordinates":[[[2.16014,41.40214],[2.15742,41.40474]]]}},{"type":"Feature","properties":{"s":"st-carrer-de-tort"},"geometry":{"type":"MultiLineString","coordinates":[[[2.13932,41.37076],[2.14042,41.37008]]]}},{"type":"Feature","properties":{"s":"st-carrer-de-tortella"},"geometry":{"type":"MultiLineString","coordinates":[[[2.20778,41.40295],[2.20919,41.40358]]]}},{"type":"Feature","properties":{"s":"st-carrer-de-tortosa"},"geometry":{"type":"MultiLineString","coordinates":[[[2.1426,41.35284],[2.1422,41.35253],[2.14182,41.35226],[2.14143,41.35196],[2.14048,41.35103]]]}},{"type":"Feature","properties":{"s":"st-carrer-de-tossa"},"geometry":{"type":"MultiLineString","coordinates":[[[2.15934,41.42872],[2.15775,41.42847]]]}},{"type":"Feature","properties":{"s":"st-cami-de-cal-totxo"},"geometry":{"type":"MultiLineString","coordinates":[[[2.11908,41.42047],[2.11714,41.42184],[2.11645,41.42213]]]}},{"type":"Feature","properties":{"s":"st-carrer-del-treball"},"geometry":{"type":"MultiLineString","coordinates":[[[2.20555,41.41315],[2.20739,41.41178],[2.20847,41.41095],[2.20967,41.41006]],[[2.20277,41.41529],[2.19658,41.41998]]]}},{"type":"Feature","properties":{"s":"st-passatge-del-treball"},"geometry":{"type":"MultiLineString","coordinates":[[[2.20901,41.41055],[2.20788,41.40971]]]}},{"type":"Feature","properties":{"s":"st-carrer-de-travau"},"geometry":{"type":"MultiLineString","coordinates":[[[2.16512,41.43125],[2.1673,41.43153],[2.16788,41.43167],[2.16872,41.43226],[2.17024,41.43422]]]}},{"type":"Feature","properties":{"s":"st-carrer-de-la-tradicio"},"geometry":{"type":"MultiLineString","coordinates":[[[2.12585,41.39647],[2.12515,41.39606]]]}},{"type":"Feature","properties":{"s":"st-carrer-del-tragi"},"geometry":{"type":"MultiLineString","coordinates":[[[2.17796,41.38582],[2.17848,41.3855]]]}},{"type":"Feature","properties":{"s":"st-via-trajana"},"geometry":{"type":"MultiLineString","coordinates":[[[2.19712,41.42847],[2.19997,41.42858]],[[2.20689,41.42671],[2.20602,41.42709],[2.20462,41.42777],[2.203,41.42857],[2.20202,41.42864],[2.2012,41.42863],[2.19997,41.42858]],[[2.19997,41.42858],[2.19988,41.43016]]]}},{"type":"Feature","properties":{"s":"st-carrer-de-traja"},"geometry":{"type":"MultiLineString","coordinates":[[[2.14086,41.36883],[2.14194,41.36835],[2.14273,41.36795]]]}},{"type":"Feature","properties":{"s":"st-carrer-de-la-tramuntana"},"geometry":{"type":"MultiLineString","coordinates":[[[2.18826,41.43803],[2.18813,41.4393]],[[2.18866,41.43936],[2.18813,41.4393]],[[2.18813,41.4393],[2.18802,41.4393]]]}},{"type":"Feature","properties":{"s":"st-carrer-de-trapani"},"geometry":{"type":"MultiLineString","coordinates":[[[2.2159,41.41631],[2.21519,41.41682]]]}},{"type":"Feature","properties":{"s":"st-passatge-de-la-travessera"},"geometry":{"type":"MultiLineString","coordinates":[[[2.18215,41.41552],[2.18061,41.41534]]]}},{"type":"Feature","properties":{"s":"st-travessera-de-les-corts"},"geometry":{"type":"MultiLineString","coordinates":[[[2.14116,41.39034],[2.13982,41.38956],[2.13912,41.38918],[2.13709,41.38797],[2.13519,41.38688],[2.13334,41.38585],[2.13298,41.38562],[2.1318,41.3848],[2.13086,41.38417],[2.13026,41.38379],[2.1281,41.38238],[2.12703,41.3816],[2.12555,41.38069],[2.12451,41.37998],[2.12394,41.37963],[2.12141,41.37796]],[[2.12141,41.37796],[2.1197,41.3769],[2.11885,41.37639],[2.11788,41.37577],[2.12141,41.37796]]]}},{"type":"Feature","properties":{"s":"st-travessera-de-dalt"},"geometry":{"type":"MultiLineString","coordinates":[[[2.1597,41.4125],[2.15859,41.41186],[2.15675,41.41068],[2.15637,41.41043],[2.1557,41.40995],[2.15504,41.40954],[2.15329,41.40887],[2.15228,41.40851],[2.15109,41.40806],[2.15077,41.40786]]]}},{"type":"Feature","properties":{"s":"st-travessera-de-gracia"},"geometry":{"type":"MultiLineString","coordinates":[[[2.16636,41.40669],[2.16516,41.40596],[2.16352,41.40491],[2.16224,41.40414],[2.16015,41.40279],[2.15975,41.40252],[2.1589,41.402],[2.15799,41.40146],[2.15756,41.40117],[2.15634,41.40038],[2.15457,41.3993],[2.15074,41.39683],[2.14933,41.39594],[2.14868,41.39554]]]}},{"type":"Feature","properties":{"s":"st-carrer-de-la-travessia"},"geometry":{"type":"MultiLineString","coordinates":[[[2.14671,41.40917],[2.14618,41.40892]]]}},{"type":"Feature","properties":{"s":"st-travessia-de-sant-antoni"},"geometry":{"type":"MultiLineString","coordinates":[[[2.15481,41.40197],[2.15373,41.403]]]}},{"type":"Feature","properties":{"s":"st-carrer-de-la-traviata"},"geometry":{"type":"MultiLineString","coordinates":[[[2.09529,41.42704],[2.09644,41.42783]]]}},{"type":"Feature","properties":{"s":"st-carrer-del-trevol"},"geometry":{"type":"MultiLineString","coordinates":[[[2.16638,41.42653],[2.16765,41.42661],[2.16828,41.42689]]]}},{"type":"Feature","properties":{"s":"st-carrer-de-tremp"},"geometry":{"type":"MultiLineString","coordinates":[[[2.18822,41.43846],[2.18769,41.43865]]]}},{"type":"Feature","properties":{"s":"st-carrer-de-les-tres-creus"},"geometry":{"type":"MultiLineString","coordinates":[[[2.18514,41.43501],[2.18401,41.43522]]]}},{"type":"Feature","properties":{"s":"st-carrer-dels-tres-llits"},"geometry":{"type":"MultiLineString","coordinates":[[[2.17532,41.3804],[2.17571,41.3807]]]}},{"type":"Feature","properties":{"s":"st-carrer-dels-tres-pins"},"geometry":{"type":"MultiLineString","coordinates":[[[2.16171,41.36681],[2.15926,41.36659],[2.15899,41.36644],[2.15848,41.36577]]]}},{"type":"Feature","properties":{"s":"st-carrer-dels-tres-reis"},"geometry":{"type":"MultiLineString","coordinates":[[[2.11734,41.40334],[2.11821,41.40416]]]}},{"type":"Feature","properties":{"s":"st-carrer-de-les-tres-senyores"},"geometry":{"type":"MultiLineString","coordinates":[[[2.15932,41.40709],[2.15881,41.40685],[2.15762,41.40617],[2.15721,41.40589]]]}},{"type":"Feature","properties":{"s":"st-carrer-de-les-tres-torres"},"geometry":{"type":"MultiLineString","coordinates":[[[2.13596,41.39698],[2.13481,41.39651],[2.13074,41.39471]]]}},{"type":"Feature","properties":{"s":"st-carrer-del-triangle"},"geometry":{"type":"MultiLineString","coordinates":[[[2.18236,41.38584],[2.18206,41.38598],[2.18192,41.38607]]]}},{"type":"Feature","properties":{"s":"st-carrer-de-trilla"},"geometry":{"type":"MultiLineString","coordinates":[[[2.15332,41.40334],[2.15282,41.40441]]]}},{"type":"Feature","properties":{"s":"st-placa-de-trilla"},"geometry":{"type":"MultiLineString","coordinates":[[[2.15212,41.40352],[2.15246,41.40361]]]}},{"type":"Feature","properties":{"s":"st-carrer-de-trillo"},"geometry":{"type":"MultiLineString","coordinates":[[[2.15625,41.42541],[2.15688,41.42565]]]}},{"type":"Feature","properties":{"s":"st-carrer-de-la-trinitat"},"geometry":{"type":"MultiLineString","coordinates":[[[2.17611,41.38147],[2.17587,41.38129]]]}},{"type":"Feature","properties":{"s":"st-placa-de-la-trinitat"},"geometry":{"type":"MultiLineString","coordinates":[[[2.19087,41.44969],[2.19107,41.45009],[2.19028,41.45009],[2.19016,41.44977],[2.19087,41.44969]]]}},{"type":"Feature","properties":{"s":"st-carrer-del-trinquet"},"geometry":{"type":"MultiLineString","coordinates":[[[2.12091,41.39521],[2.12082,41.39674],[2.12078,41.39701]]]}},{"type":"Feature","properties":{"s":"st-carrer-de-trinxant"},"geometry":{"type":"MultiLineString","coordinates":[[[2.18049,41.41826],[2.18082,41.41814],[2.18109,41.41795],[2.18406,41.41572],[2.18476,41.41517],[2.18599,41.41424],[2.1869,41.41398]],[[2.18789,41.41285],[2.18726,41.41331],[2.18689,41.41352]]]}},{"type":"Feature","properties":{"s":"st-carrer-d-en-tripo"},"geometry":{"type":"MultiLineString","coordinates":[[[2.18338,41.38388],[2.1835,41.38407]]]}},{"type":"Feature","properties":{"s":"st-rambla-del-poblenou"},"geometry":{"type":"MultiLineString","coordinates":[[[2.19148,41.40843],[2.19255,41.40764],[2.19492,41.40579]],[[2.20623,41.39729],[2.20504,41.39817],[2.20401,41.39897],[2.20357,41.3993],[2.20289,41.39985],[2.20175,41.40069],[2.19908,41.40272],[2.1982,41.40336],[2.19717,41.40409],[2.19606,41.40494],[2.19556,41.40529],[2.19492,41.40579]],[[2.19492,41.40579],[2.19508,41.40593]],[[2.19508,41.40593],[2.19395,41.40678]],[[2.19508,41.40593],[2.19559,41.40561],[2.19582,41.40535],[2.1962,41.40504],[2.19694,41.40446],[2.19826,41.40344]]]}},{"type":"Feature","properties":{"s":"st-carrer-de-les-trompetes"},"geometry":{"type":"MultiLineString","coordinates":[[[2.18183,41.38273],[2.18209,41.38263]]]}},{"type":"Feature","properties":{"s":"st-carrer-de-les-trompetes-de-jaume-i"},"geometry":{"type":"MultiLineString","coordinates":[[[2.17793,41.38365],[2.17815,41.38347]]]}},{"type":"Feature","properties":{"s":"st-carrer-de-l-encuny"},"geometry":{"type":"MultiLineString","coordinates":[[[2.14518,41.35477],[2.14712,41.35231],[2.14747,41.35163]]]}},{"type":"Feature","properties":{"s":"st-carrer-del-trobador"},"geometry":{"type":"MultiLineString","coordinates":[[[2.17688,41.41439],[2.17868,41.41573],[2.17899,41.416]]]}},{"type":"Feature","properties":{"s":"st-carrer-de-trueba"},"geometry":{"type":"MultiLineString","coordinates":[[[2.1447,41.42348],[2.14285,41.4237],[2.14178,41.42384]]]}},{"type":"Feature","properties":{"s":"st-passatge-de-trullas"},"geometry":{"type":"MultiLineString","coordinates":[[[2.19414,41.39843],[2.19488,41.39818]]]}},{"type":"Feature","properties":{"s":"st-placa-de-la-tulipa"},"geometry":{"type":"MultiLineString","coordinates":[[[2.09686,41.42783],[2.09644,41.42783],[2.0964,41.42797]]]}},{"type":"Feature","properties":{"s":"st-carrer-de-trullols"},"geometry":{"type":"MultiLineString","coordinates":[[[2.13764,41.41944],[2.13653,41.42136]]]}},{"type":"Feature","properties":{"s":"st-passatge-de-tubella"},"geometry":{"type":"MultiLineString","coordinates":[[[2.13597,41.38365],[2.13558,41.38424]]]}},{"type":"Feature","properties":{"s":"st-carrer-de-tucuman"},"geometry":{"type":"MultiLineString","coordinates":[[[2.19928,41.44504],[2.20183,41.44631],[2.20295,41.4468]]]}},{"type":"Feature","properties":{"s":"st-carrer-del-turia"},"geometry":{"type":"MultiLineString","coordinates":[[[2.14011,41.36475],[2.14099,41.36476],[2.14173,41.36479]]]}},{"type":"Feature","properties":{"s":"st-carrer-del-turo"},"geometry":{"type":"MultiLineString","coordinates":[[[2.1036,41.41192],[2.10344,41.41238],[2.10306,41.41305],[2.10276,41.41309],[2.10229,41.41364]]]}},{"type":"Feature","properties":{"s":"st-cami-del-turo-de-l-alzina"},"geometry":{"type":"MultiLineString","coordinates":[[[2.08588,41.42741],[2.08158,41.42284],[2.08082,41.42225]]]}},{"type":"Feature","properties":{"s":"st-carrer-del-turo-blau"},"geometry":{"type":"MultiLineString","coordinates":[[[2.17697,41.43867],[2.17688,41.43904],[2.17557,41.43949]]]}},{"type":"Feature","properties":{"s":"st-carrer-del-turo-de-la-rovira"},"geometry":{"type":"MultiLineString","coordinates":[[[2.16531,41.42012],[2.1597,41.41912]]]}},{"type":"Feature","properties":{"s":"st-passeig-de-turull"},"geometry":{"type":"MultiLineString","coordinates":[[[2.14691,41.41316],[2.14808,41.41432],[2.14842,41.41442],[2.14855,41.41363],[2.14816,41.41341],[2.14922,41.4134],[2.14939,41.41452],[2.14925,41.41474]]]}},{"type":"Feature","properties":{"s":"st-passatge-de-turull"},"geometry":{"type":"MultiLineString","coordinates":[[[2.14855,41.41363],[2.14922,41.4134]]]}},{"type":"Feature","properties":{"s":"st-carrer-de-tuset"},"geometry":{"type":"MultiLineString","coordinates":[[[2.15151,41.39625],[2.15074,41.39683]]]}},{"type":"Feature","properties":{"s":"st-carrer-d-ulldecona"},"geometry":{"type":"MultiLineString","coordinates":[[[2.14421,41.35302],[2.14321,41.35239],[2.14205,41.35154],[2.14032,41.34989],[2.13925,41.34932]]]}},{"type":"Feature","properties":{"s":"st-carrer-u-zona-franca"},"geometry":{"type":"MultiLineString","coordinates":[[[2.15087,41.32133],[2.15192,41.32297],[2.15394,41.32831]]]}},{"type":"Feature","properties":{"s":"st-carrer-de-la-llicorella"},"geometry":{"type":"MultiLineString","coordinates":[[[2.10355,41.41431],[2.10215,41.4145]]]}},{"type":"Feature","properties":{"s":"st-carrer-de-l-autonomia"},"geometry":{"type":"MultiLineString","coordinates":[[[2.13709,41.37688],[2.1377,41.37682],[2.13942,41.37679]]]}},{"type":"Feature","properties":{"s":"st-placa-de-la-revolucio-de-setembre-de-1868"},"geometry":{"type":"MultiLineString","coordinates":[[[2.1579,41.40289],[2.158,41.40295],[2.15839,41.40245],[2.15783,41.40284],[2.1579,41.40289]]]}},{"type":"Feature","properties":{"s":"st-carrer-de-la-unio"},"geometry":{"type":"MultiLineString","coordinates":[[[2.17408,41.3802],[2.17327,41.37942],[2.17283,41.37897]]]}},{"type":"Feature","properties":{"s":"st-placa-de-la-unio"},"geometry":{"type":"MultiLineString","coordinates":[[[2.20525,41.40054],[2.20566,41.4009],[2.20485,41.40081]]]}},{"type":"Feature","properties":{"s":"st-passeig-universal"},"geometry":{"type":"MultiLineString","coordinates":[[[2.16324,41.43655],[2.1613,41.43769],[2.16013,41.43836],[2.15955,41.4387],[2.15819,41.43939]]]}},{"type":"Feature","properties":{"s":"st-carrer-de-l-ullastre"},"geometry":{"type":"MultiLineString","coordinates":[[[2.09693,41.42841],[2.0977,41.42892],[2.09789,41.42987]]]}},{"type":"Feature","properties":{"s":"st-placa-de-l-univers"},"geometry":{"type":"MultiLineString","coordinates":[[[2.15059,41.37287],[2.15261,41.37362]]]}},{"type":"Feature","properties":{"s":"st-carrer-de-l-urani"},"geometry":{"type":"MultiLineString","coordinates":[[[2.13876,41.35507],[2.13721,41.35718]]]}},{"type":"Feature","properties":{"s":"st-carrer-del-presseguer"},"geometry":{"type":"MultiLineString","coordinates":[[[2.10005,41.42911],[2.10051,41.4286],[2.10088,41.42823]]]}},{"type":"Feature","properties":{"s":"st-passeig-d-urrutia"},"geometry":{"type":"MultiLineString","coordinates":[[[2.16324,41.43655],[2.16693,41.43557],[2.16875,41.43511],[2.16958,41.43487],[2.17204,41.43537]]]}},{"type":"Feature","properties":{"s":"st-carrer-de-l-uruguai"},"geometry":{"type":"MultiLineString","coordinates":[[[2.15015,41.41716],[2.15007,41.41689]]]}},{"type":"Feature","properties":{"s":"st-carrer-d-agusti-mauri"},"geometry":{"type":"MultiLineString","coordinates":[[[2.14723,41.32463],[2.14983,41.32903]]]}},{"type":"Feature","properties":{"s":"st-carrer-de-vacarisses"},"geometry":{"type":"MultiLineString","coordinates":[[[2.18017,41.45763],[2.18036,41.45675]]]}},{"type":"Feature","properties":{"s":"st-carrer-de-valencia"},"geometry":{"type":"MultiLineString","coordinates":[[[2.19243,41.41455],[2.19015,41.41283],[2.18769,41.411],[2.18724,41.41067],[2.18688,41.41046]],[[2.18688,41.41035],[2.18515,41.40905],[2.18417,41.40836],[2.18341,41.40778]]]}},{"type":"Feature","properties":{"s":"st-placa-de-valenti-almirall"},"geometry":{"type":"MultiLineString","coordinates":[[[2.19227,41.40897],[2.19187,41.4087],[2.19211,41.40851]],[[2.19251,41.40879],[2.19211,41.40851]],[[2.19176,41.40823],[2.19211,41.40851]]]}},{"type":"Feature","properties":{"s":"st-carrer-de-valenti-iglesias"},"geometry":{"type":"MultiLineString","coordinates":[[[2.18841,41.44071],[2.19091,41.44084],[2.19309,41.44095]]]}},{"type":"Feature","properties":{"s":"st-carrer-dels-valero"},"geometry":{"type":"MultiLineString","coordinates":[[[2.13944,41.39598],[2.1387,41.39633],[2.13742,41.39634],[2.13647,41.39632]]]}},{"type":"Feature","properties":{"s":"st-carrer-de-valeta-d-arquer"},"geometry":{"type":"MultiLineString","coordinates":[[[2.12458,41.40817],[2.12568,41.40879],[2.12633,41.40914]]]}},{"type":"Feature","properties":{"s":"st-carrer-de-vallseca"},"geometry":{"type":"MultiLineString","coordinates":[[[2.16338,41.4155],[2.163,41.41531],[2.16119,41.4141]]]}},{"type":"Feature","properties":{"s":"st-passatge-de-vallseca"},"geometry":{"type":"MultiLineString","coordinates":[[[2.163,41.41531],[2.16326,41.41492]]]}},{"type":"Feature","properties":{"s":"st-carrer-de-valladolid"},"geometry":{"type":"MultiLineString","coordinates":[[[2.13536,41.37734],[2.13605,41.37763],[2.13775,41.3784]]]}},{"type":"Feature","properties":{"s":"st-avinguda-de-vallbona"},"geometry":{"type":"MultiLineString","coordinates":[[[2.18691,41.45334],[2.18689,41.45607],[2.18195,41.45988],[2.18163,41.46014],[2.18102,41.46065]]]}},{"type":"Feature","properties":{"s":"st-carrer-de-vallcivera"},"geometry":{"type":"MultiLineString","coordinates":[[[2.17589,41.45972],[2.17635,41.45933],[2.17893,41.46095]],[[2.17893,41.46095],[2.18047,41.46121],[2.18102,41.46065]],[[2.17893,41.46095],[2.1792,41.46188]]]}},{"type":"Feature","properties":{"s":"st-carrer-de-pablo-iglesias"},"geometry":{"type":"MultiLineString","coordinates":[[[2.18313,41.44658],[2.18315,41.44589],[2.18301,41.44522],[2.18099,41.44272]],[[2.18054,41.44294],[2.18099,41.44272]],[[2.18018,41.4414],[2.18059,41.44222],[2.18099,41.44272]]]}},{"type":"Feature","properties":{"s":"st-carrer-dels-germans-desvalls"},"geometry":{"type":"MultiLineString","coordinates":[[[2.14557,41.44164],[2.14755,41.43973],[2.14857,41.43885],[2.15127,41.43756]]]}},{"type":"Feature","properties":{"s":"st-passeig-de-valldaura"},"geometry":{"type":"MultiLineString","coordinates":[[[2.15333,41.4365],[2.15414,41.43666],[2.15508,41.43711],[2.15648,41.43774],[2.15955,41.4387],[2.15988,41.43969],[2.16154,41.43992]],[[2.1854,41.43969],[2.18026,41.43909],[2.17919,41.43894],[2.17501,41.43842]],[[2.17429,41.43842],[2.17343,41.43854],[2.17247,41.43865],[2.16861,41.43901],[2.16811,41.43907],[2.16684,41.4392]],[[2.16684,41.4392],[2.16479,41.43939],[2.16309,41.43968]],[[2.16684,41.4392],[2.16654,41.43747]],[[2.16975,41.43845],[2.16804,41.43862]]]}},{"type":"Feature","properties":{"s":"st-carrer-de-valldemossa"},"geometry":{"type":"MultiLineString","coordinates":[[[2.17761,41.43399],[2.17586,41.43484],[2.17536,41.43505],[2.17507,41.4352],[2.17441,41.43547],[2.17275,41.43626]]]}},{"type":"Feature","properties":{"s":"st-carrer-de-valldoreix"},"geometry":{"type":"MultiLineString","coordinates":[[[2.15029,41.40962],[2.15161,41.41015]]]}},{"type":"Feature","properties":{"s":"st-carrer-de-la-vall-d-aran"},"geometry":{"type":"MultiLineString","coordinates":[[[2.18906,41.42869],[2.18923,41.42796]]]}},{"type":"Feature","properties":{"s":"st-passeig-de-la-vall-d-hebron"},"geometry":{"type":"MultiLineString","coordinates":[[[2.14857,41.43885],[2.14824,41.43672]],[[2.16154,41.43992],[2.15988,41.43969],[2.15819,41.43939],[2.15735,41.43929],[2.15542,41.43886],[2.15396,41.43846],[2.1523,41.43792],[2.15127,41.43756],[2.14861,41.43615],[2.14769,41.43534],[2.14658,41.43386],[2.14614,41.43299],[2.14554,41.43174],[2.14421,41.42878],[2.14356,41.42737],[2.14233,41.42479]],[[2.14233,41.42479],[2.14178,41.42384],[2.14047,41.42114],[2.14017,41.42051],[2.13877,41.41758],[2.13848,41.41701],[2.13818,41.41655],[2.13738,41.41597],[2.13627,41.41599]],[[2.14233,41.42479],[2.14141,41.42445]]]}},{"type":"Feature","properties":{"s":"st-carrer-de-la-vall-d-ordesa"},"geometry":{"type":"MultiLineString","coordinates":[[[2.16312,41.433],[2.16512,41.43125],[2.16606,41.43108],[2.16705,41.43092]]]}},{"type":"Feature","properties":{"s":"st-carrer-del-valles"},"geometry":{"type":"MultiLineString","coordinates":[[[2.18878,41.4315],[2.1877,41.43134],[2.18452,41.43092]]]}},{"type":"Feature","properties":{"s":"st-carrer-del-vallespir"},"geometry":{"type":"MultiLineString","coordinates":[[[2.13813,41.37785],[2.13775,41.3784],[2.13734,41.37903],[2.13721,41.37921],[2.13605,41.38094],[2.13566,41.3815],[2.13497,41.38256],[2.13423,41.38363],[2.13373,41.3844],[2.1333,41.38502],[2.13298,41.38562]]]}},{"type":"Feature","properties":{"s":"st-carrer-de-vallfogona"},"geometry":{"type":"MultiLineString","coordinates":[[[2.15672,41.40253],[2.1584,41.40381]]]}},{"type":"Feature","properties":{"s":"st-carrer-de-vallirana"},"geometry":{"type":"MultiLineString","coordinates":[[[2.15016,41.40276],[2.14988,41.40264],[2.14838,41.40364]],[[2.14485,41.40601],[2.14633,41.40503]],[[2.14816,41.40379],[2.14658,41.40485]]]}},{"type":"Feature","properties":{"s":"st-carrer-de-vallmajor"},"geometry":{"type":"MultiLineString","coordinates":[[[2.1387,41.39633],[2.13872,41.39698],[2.13873,41.39858],[2.13871,41.40068],[2.13886,41.4011]]]}},{"type":"Feature","properties":{"s":"st-carrer-de-vallmitjana"},"geometry":{"type":"MultiLineString","coordinates":[[[2.20672,41.3999],[2.20649,41.39972]]]}},{"type":"Feature","properties":{"s":"st-carrer-de-valls"},"geometry":{"type":"MultiLineString","coordinates":[[[2.14855,41.3711],[2.14814,41.37091],[2.14705,41.37047]]]}},{"type":"Feature","properties":{"s":"st-carrer-de-vallpar"},"geometry":{"type":"MultiLineString","coordinates":[[[2.13664,41.41884],[2.13599,41.419],[2.13568,41.41943],[2.13451,41.42062],[2.13397,41.42102],[2.13275,41.42087],[2.13125,41.42124]]]}},{"type":"Feature","properties":{"s":"st-cami-de-vallvidrera-al-tibidabo"},"geometry":{"type":"MultiLineString","coordinates":[[[2.11672,41.41791],[2.11635,41.41864]],[[2.11635,41.41864],[2.11699,41.41901],[2.11908,41.42047],[2.11968,41.42113],[2.11981,41.4213]],[[2.11635,41.41864],[2.11031,41.416]]]}},{"type":"Feature","properties":{"s":"st-avinguda-de-vallvidrera"},"geometry":{"type":"MultiLineString","coordinates":[[[2.11718,41.40422],[2.11487,41.40597],[2.11392,41.40678]],[[2.11392,41.40678],[2.11335,41.40768]],[[2.11392,41.40678],[2.11154,41.40887]],[[2.11154,41.40887],[2.11076,41.4089],[2.11002,41.40877]],[[2.11154,41.40887],[2.11164,41.40901]]]}},{"type":"Feature","properties":{"s":"st-cami-de-vallvidrera"},"geometry":{"type":"MultiLineString","coordinates":[[[2.11682,41.40822],[2.11612,41.40818],[2.11584,41.40822],[2.11495,41.40968],[2.11407,41.40955]]]}},{"type":"Feature","properties":{"s":"st-carretera-de-vallvidrera-a-barcelona"},"geometry":{"type":"MultiLineString","coordinates":[[[2.11269,41.41675],[2.11608,41.41651],[2.12096,41.41888],[2.12467,41.41631],[2.12878,41.41714]]]}},{"type":"Feature","properties":{"s":"st-carrer-de-l-escar"},"geometry":{"type":"MultiLineString","coordinates":[[[2.1889,41.37545],[2.18703,41.37567]]]}},{"type":"Feature","properties":{"s":"st-carrer-de-varsovia"},"geometry":{"type":"MultiLineString","coordinates":[[[2.17158,41.41672],[2.17214,41.4176],[2.17347,41.41958],[2.17695,41.42449]]]}},{"type":"Feature","properties":{"s":"st-carrer-de-basconia"},"geometry":{"type":"MultiLineString","coordinates":[[[2.18703,41.43645],[2.18683,41.43481],[2.18673,41.43429]]]}},{"type":"Feature","properties":{"s":"st-carrer-de-vayreda"},"geometry":{"type":"MultiLineString","coordinates":[[[2.13932,41.42977],[2.14032,41.43068],[2.14075,41.43167],[2.14128,41.43275],[2.14172,41.43322],[2.14188,41.43354],[2.14207,41.43387]]]}},{"type":"Feature","properties":{"s":"st-placa-de-vazquez-de-mella"},"geometry":{"type":"MultiLineString","coordinates":[[[2.13009,41.3766],[2.12962,41.37649]]]}},{"type":"Feature","properties":{"s":"st-carrer-de-veciana"},"geometry":{"type":"MultiLineString","coordinates":[[[2.14398,41.42015],[2.14289,41.42012],[2.14154,41.42],[2.14047,41.42114]]]}},{"type":"Feature","properties":{"s":"st-carrer-de-santa-joaquima-de-vedruna"},"geometry":{"type":"MultiLineString","coordinates":[[[2.17958,41.42048],[2.18026,41.42094]]]}},{"type":"Feature","properties":{"s":"st-carrer-del-veguer"},"geometry":{"type":"MultiLineString","coordinates":[[[2.17793,41.38365],[2.17746,41.38399]]]}},{"type":"Feature","properties":{"s":"st-carrer-de-vehils"},"geometry":{"type":"MultiLineString","coordinates":[[[2.19234,41.41019],[2.19147,41.40959]]]}},{"type":"Feature","properties":{"s":"st-placa-del-coll-de-finestrelles"},"geometry":{"type":"MultiLineString","coordinates":[[[2.1043,41.38913],[2.10394,41.38903]]]}},{"type":"Feature","properties":{"s":"st-carrer-del-vint-i-sis-de-gener-de-1641"},"geometry":{"type":"MultiLineString","coordinates":[[[2.14144,41.37308],[2.14151,41.37529]]]}},{"type":"Feature","properties":{"s":"st-carrer-de-velazquez"},"geometry":{"type":"MultiLineString","coordinates":[[[2.14805,41.40767],[2.14882,41.40817]]]}},{"type":"Feature","properties":{"s":"st-carrer-de-velia"},"geometry":{"type":"MultiLineString","coordinates":[[[2.18061,41.4268],[2.18074,41.42777],[2.18076,41.42867]],[[2.18079,41.42943],[2.18082,41.43022],[2.18083,41.43142],[2.18082,41.43213]]]}},{"type":"Feature","properties":{"s":"st-carrer-de-la-verema"},"geometry":{"type":"MultiLineString","coordinates":[[[2.16454,41.42506],[2.16364,41.42501],[2.16243,41.42497]]]}},{"type":"Feature","properties":{"s":"st-carrer-de-vendrell"},"geometry":{"type":"MultiLineString","coordinates":[[[2.13274,41.40982],[2.13378,41.41078]]]}},{"type":"Feature","properties":{"s":"st-carrer-de-venecia"},"geometry":{"type":"MultiLineString","coordinates":[[[2.15593,41.43623],[2.15397,41.43439],[2.15353,41.43403]]]}},{"type":"Feature","properties":{"s":"st-carrer-de-venero"},"geometry":{"type":"MultiLineString","coordinates":[[[2.20112,41.40199],[2.20229,41.4011]]]}},{"type":"Feature","properties":{"s":"st-carrer-de-venecuela"},"geometry":{"type":"MultiLineString","coordinates":[[[2.21423,41.41512],[2.21303,41.41434],[2.21146,41.41315],[2.21076,41.41266],[2.20966,41.41179],[2.20847,41.41095],[2.20736,41.41011],[2.20623,41.40924],[2.20511,41.4084],[2.20438,41.40782]]]}},{"type":"Feature","properties":{"s":"st-carrer-de-ventallo"},"geometry":{"type":"MultiLineString","coordinates":[[[2.1667,41.40691],[2.1661,41.40745],[2.16494,41.40846],[2.1643,41.40904]]]}},{"type":"Feature","properties":{"s":"st-carrer-de-ventura-rodriguez"},"geometry":{"type":"MultiLineString","coordinates":[[[2.14965,41.43303],[2.14897,41.4316]]]}},{"type":"Feature","properties":{"s":"st-placa-de-veracruz"},"geometry":{"type":"MultiLineString","coordinates":[[[2.20119,41.44719],[2.20069,41.44731]]]}},{"type":"Feature","properties":{"s":"st-carrer-del-verdet"},"geometry":{"type":"MultiLineString","coordinates":[[[2.18888,41.43831],[2.18959,41.43842]]]}},{"type":"Feature","properties":{"s":"st-carrer-de-verdi"},"geometry":{"type":"MultiLineString","coordinates":[[[2.1579,41.40289],[2.15758,41.40317],[2.15726,41.40348],[2.15514,41.40543],[2.15228,41.40851],[2.14855,41.41261]]]}},{"type":"Feature","properties":{"s":"st-passeig-de-verdum"},"geometry":{"type":"MultiLineString","coordinates":[[[2.17442,41.43813],[2.17413,41.43771],[2.17365,41.43719],[2.17314,41.43673],[2.17275,41.43626],[2.17237,41.43576],[2.17204,41.43537]]]}},{"type":"Feature","properties":{"s":"st-carrer-dels-vergos"},"geometry":{"type":"MultiLineString","coordinates":[[[2.13146,41.39995],[2.13048,41.39929],[2.12936,41.39858],[2.1284,41.3979]],[[2.1256,41.39574],[2.12586,41.39619],[2.12648,41.39668],[2.1271,41.39706],[2.12762,41.39741],[2.12801,41.39779]]]}},{"type":"Feature","properties":{"s":"st-carrer-de-la-verneda"},"geometry":{"type":"MultiLineString","coordinates":[[[2.19018,41.4093],[2.1903,41.40962],[2.19076,41.41015],[2.1912,41.41082],[2.19177,41.4116],[2.19218,41.41266]]]}},{"type":"Feature","properties":{"s":"st-cami-de-la-verneda"},"geometry":{"type":"MultiLineString","coordinates":[[[2.20376,41.42391],[2.20431,41.42434]],[[2.20804,41.42457],[2.20755,41.42501],[2.20689,41.42671]]]}},{"type":"Feature","properties":{"s":"st-passeig-de-la-verneda"},"geometry":{"type":"MultiLineString","coordinates":[[[2.19535,41.43363],[2.19747,41.43259],[2.19929,41.43173]],[[2.20724,41.42748],[2.20521,41.42847],[2.20354,41.42922]],[[2.20742,41.42788],[2.20661,41.42825],[2.20383,41.42957]]]}},{"type":"Feature","properties":{"s":"st-cami-dels-verns"},"geometry":{"type":"MultiLineString","coordinates":[[[2.08964,41.42586],[2.08774,41.42658]]]}},{"type":"Feature","properties":{"s":"st-carrer-de-verntallat"},"geometry":{"type":"MultiLineString","coordinates":[[[2.15522,41.40684],[2.156,41.406],[2.15649,41.40539]],[[2.15511,41.40697],[2.15454,41.40758]]]}},{"type":"Feature","properties":{"s":"st-placa-de-la-veronica"},"geometry":{"type":"MultiLineString","coordinates":[[[2.17728,41.38098],[2.17733,41.38087]]]}},{"type":"Feature","properties":{"s":"st-carrer-de-bertrellans"},"geometry":{"type":"MultiLineString","coordinates":[[[2.17237,41.38475],[2.17177,41.38554]]]}},{"type":"Feature","properties":{"s":"st-carrer-del-vesuvi"},"geometry":{"type":"MultiLineString","coordinates":[[[2.18733,41.44556],[2.18606,41.44573],[2.18468,41.44588],[2.18315,41.44589]]]}},{"type":"Feature","properties":{"s":"st-carrer-de-la-via-lactia"},"geometry":{"type":"MultiLineString","coordinates":[[[2.09921,41.42942],[2.10063,41.42971],[2.10089,41.42983],[2.1019,41.42894]]]}},{"type":"Feature","properties":{"s":"st-carrer-de-biada"},"geometry":{"type":"MultiLineString","coordinates":[[[2.15422,41.40482],[2.15514,41.40543]]]}},{"type":"Feature","properties":{"s":"st-viaducte-de-vallcarca"},"geometry":{"type":"MultiLineString","coordinates":[[[2.14457,41.41325],[2.14397,41.41259],[2.14371,41.41219],[2.14338,41.41173]]]}},{"type":"Feature","properties":{"s":"st-carrer-de-la-vicaria"},"geometry":{"type":"MultiLineString","coordinates":[[[2.18784,41.38],[2.18819,41.38007]]]}},{"type":"Feature","properties":{"s":"st-carrer-de-vicent-lopez"},"geometry":{"type":"MultiLineString","coordinates":[[[2.17009,41.42715],[2.17062,41.42621]]]}},{"type":"Feature","properties":{"s":"st-passatge-de-vicent-martin"},"geometry":{"type":"MultiLineString","coordinates":[[[2.11512,41.37705],[2.11604,41.37743]]]}},{"type":"Feature","properties":{"s":"st-carrer-de-vicenc-montal"},"geometry":{"type":"MultiLineString","coordinates":[[[2.19308,41.45345],[2.19392,41.45387]]]}},{"type":"Feature","properties":{"s":"st-carrer-de-vico"},"geometry":{"type":"MultiLineString","coordinates":[[[2.13608,41.39778],[2.13604,41.40065],[2.13605,41.40102]]]}},{"type":"Feature","properties":{"s":"st-placa-de-victor-balaguer"},"geometry":{"type":"MultiLineString","coordinates":[[[2.18073,41.38299],[2.18084,41.38309],[2.18102,41.38297],[2.18098,41.38281]]]}},{"type":"Feature","properties":{"s":"st-passeig-de-lluis-companys"},"geometry":{"type":"MultiLineString","coordinates":[[[2.18273,41.39007],[2.18383,41.38921],[2.18304,41.38862],[2.18138,41.38989]]]}},{"type":"Feature","properties":{"s":"st-avinguda-de-pedralbes"},"geometry":{"type":"MultiLineString","coordinates":[[[2.11319,41.39453],[2.11686,41.39171],[2.11744,41.39124],[2.12052,41.38888],[2.12101,41.38849],[2.12223,41.38763]],[[2.11319,41.39453],[2.11253,41.39439],[2.11323,41.39495],[2.11319,41.39453]]]}},{"type":"Feature","properties":{"s":"st-carrer-del-margallo"},"geometry":{"type":"MultiLineString","coordinates":[[[2.09649,41.42617],[2.09321,41.42536]]]}},{"type":"Feature","properties":{"s":"st-carrer-de-vic"},"geometry":{"type":"MultiLineString","coordinates":[[[2.15457,41.3993],[2.15557,41.39856]]]}},{"type":"Feature","properties":{"s":"st-carrer-del-cep"},"geometry":{"type":"MultiLineString","coordinates":[[[2.18124,41.42473],[2.18166,41.42504]],[[2.18232,41.42552],[2.18166,41.42504]],[[2.18268,41.42475],[2.18166,41.42504]]]}},{"type":"Feature","properties":{"s":"st-carrer-de-vidal-i-guasch"},"geometry":{"type":"MultiLineString","coordinates":[[[2.17618,41.44629],[2.17464,41.44625],[2.17429,41.44679],[2.1751,41.44737],[2.17622,41.44798],[2.17711,41.44798]]]}},{"type":"Feature","properties":{"s":"st-carrer-de-vidal-i-quadras"},"geometry":{"type":"MultiLineString","coordinates":[[[2.1143,41.40382],[2.1144,41.4057],[2.1125,41.40703],[2.10983,41.40763]]]}},{"type":"Feature","properties":{"s":"st-carrer-de-vidal-i-de-valenciano"},"geometry":{"type":"MultiLineString","coordinates":[[[2.20648,41.40007],[2.20802,41.399]]]}},{"type":"Feature","properties":{"s":"st-carrer-de-vidiella"},"geometry":{"type":"MultiLineString","coordinates":[[[2.18599,41.41264],[2.1853,41.41177]]]}},{"type":"Feature","properties":{"s":"st-carrer-de-la-vidrieria"},"geometry":{"type":"MultiLineString","coordinates":[[[2.18325,41.38396],[2.18299,41.38405],[2.18259,41.38423]]]}},{"type":"Feature","properties":{"s":"st-carrer-del-vidre"},"geometry":{"type":"MultiLineString","coordinates":[[[2.17583,41.38],[2.1759,41.37994],[2.1764,41.37966]],[[2.17507,41.38059],[2.17481,41.38082]]]}},{"type":"Feature","properties":{"s":"st-carrer-del-vidriol"},"geometry":{"type":"MultiLineString","coordinates":[[[2.1454,41.37458],[2.14624,41.37464]]]}},{"type":"Feature","properties":{"s":"st-cami-vell-de-la-pedrera"},"geometry":{"type":"MultiLineString","coordinates":[[[2.1784,41.44582],[2.17831,41.44705]]]}},{"type":"Feature","properties":{"s":"st-carrer-del-vent"},"geometry":{"type":"MultiLineString","coordinates":[[[2.16038,41.43112],[2.16099,41.43131],[2.16179,41.43286],[2.16196,41.4331]]]}},{"type":"Feature","properties":{"s":"st-carrer-dels-vigatans"},"geometry":{"type":"MultiLineString","coordinates":[[[2.17939,41.38383],[2.1799,41.38425],[2.18023,41.38449]]]}},{"type":"Feature","properties":{"s":"st-passatge-de-vila-i-rosell"},"geometry":{"type":"MultiLineString","coordinates":[[[2.16043,41.42867],[2.16047,41.42918],[2.16066,41.42962]]]}},{"type":"Feature","properties":{"s":"st-carrer-de-vila-i-vila"},"geometry":{"type":"MultiLineString","coordinates":[[[2.17486,41.37235],[2.17406,41.37263],[2.17117,41.37348],[2.17036,41.37374],[2.16944,41.37401]]]}},{"type":"Feature","properties":{"s":"st-carrer-de-viladecans"},"geometry":{"type":"MultiLineString","coordinates":[[[2.13822,41.37016],[2.13896,41.36962],[2.13946,41.36918]]]}},{"type":"Feature","properties":{"s":"st-carrer-de-viladecavalls"},"geometry":{"type":"MultiLineString","coordinates":[[[2.17861,41.45299],[2.1826,41.45464]]]}},{"type":"Feature","properties":{"s":"st-baixada-de-viladecols"},"geometry":{"type":"MultiLineString","coordinates":[[[2.17983,41.38185],[2.1793,41.38215]]]}},{"type":"Feature","properties":{"s":"st-carrer-de-viladrosa"},"geometry":{"type":"MultiLineString","coordinates":[[[2.17545,41.44269],[2.17636,41.44328],[2.17695,41.44379],[2.17788,41.44482],[2.17807,41.44504],[2.1784,41.44582]]]}},{"type":"Feature","properties":{"s":"st-carrer-de-vilafranca"},"geometry":{"type":"MultiLineString","coordinates":[[[2.15709,41.40672],[2.1557,41.4082]]]}},{"type":"Feature","properties":{"s":"st-carrer-de-vilageliu-i-gavalda"},"geometry":{"type":"MultiLineString","coordinates":[[[2.14512,41.35613],[2.14565,41.35656]]]}},{"type":"Feature","properties":{"s":"st-carrer-de-la-vila-joiosa"},"geometry":{"type":"MultiLineString","coordinates":[[[2.19122,41.37807],[2.19037,41.38025]]]}},{"type":"Feature","properties":{"s":"st-carrer-de-vilamur"},"geometry":{"type":"MultiLineString","coordinates":[[[2.13397,41.3862],[2.13343,41.38674],[2.13246,41.38775],[2.13219,41.38802]]]}},{"type":"Feature","properties":{"s":"st-carrer-de-vilana"},"geometry":{"type":"MultiLineString","coordinates":[[[2.13011,41.40366],[2.1294,41.40438],[2.12841,41.40541]]]}},{"type":"Feature","properties":{"s":"st-carrer-de-vilapicina"},"geometry":{"type":"MultiLineString","coordinates":[[[2.16811,41.42883],[2.16831,41.42916],[2.16844,41.42943],[2.16965,41.42964],[2.17037,41.42979],[2.17195,41.43015],[2.17194,41.43035]]]}},{"type":"Feature","properties":{"s":"st-carrer-de-vilardell"},"geometry":{"type":"MultiLineString","coordinates":[[[2.14148,41.37458],[2.14253,41.37456],[2.14337,41.37461],[2.1454,41.37458]]]}},{"type":"Feature","properties":{"s":"st-carrer-de-vilaros"},"geometry":{"type":"MultiLineString","coordinates":[[[2.13869,41.40558],[2.13809,41.40492]]]}},{"type":"Feature","properties":{"s":"st-carrer-de-vilassar"},"geometry":{"type":"MultiLineString","coordinates":[[[2.13822,41.37016],[2.13781,41.37129]]]}},{"type":"Feature","properties":{"s":"st-carrer-de-vila-seca"},"geometry":{"type":"MultiLineString","coordinates":[[[2.16952,41.43329],[2.16903,41.4335],[2.16746,41.43423],[2.167,41.43442],[2.1638,41.43517]]]}},{"type":"Feature","properties":{"s":"st-carrer-de-vilatorta"},"geometry":{"type":"MultiLineString","coordinates":[[[2.17716,41.45774],[2.17691,41.45807]]]}},{"type":"Feature","properties":{"s":"st-placa-de-la-vila-de-madrid"},"geometry":{"type":"MultiLineString","coordinates":[[[2.17179,41.38468],[2.17237,41.38475],[2.17254,41.38426],[2.17212,41.38407]]]}},{"type":"Feature","properties":{"s":"st-carrer-de-vilalba-dels-arcs"},"geometry":{"type":"MultiLineString","coordinates":[[[2.16875,41.43511],[2.16778,41.43599]],[[2.16654,41.43747],[2.16536,41.43797],[2.16499,41.43806],[2.16447,41.43812],[2.16309,41.43968]]]}},{"type":"Feature","properties":{"s":"st-carrer-de-villar"},"geometry":{"type":"MultiLineString","coordinates":[[[2.1757,41.41774],[2.18039,41.4163]]]}},{"type":"Feature","properties":{"s":"st-carrer-de-vila-real"},"geometry":{"type":"MultiLineString","coordinates":[[[2.18462,41.45016],[2.18549,41.45131],[2.18467,41.451]]]}},{"type":"Feature","properties":{"s":"st-carrer-de-villena"},"geometry":{"type":"MultiLineString","coordinates":[[[2.19259,41.3888],[2.19146,41.38794]]]}},{"type":"Feature","properties":{"s":"st-carrer-de-vinaros"},"geometry":{"type":"MultiLineString","coordinates":[[[2.19084,41.37761],[2.19043,41.37871],[2.18985,41.38014]]]}},{"type":"Feature","properties":{"s":"st-carrer-de-vintro"},"geometry":{"type":"MultiLineString","coordinates":[[[2.18807,41.43546],[2.18806,41.43505]],[[2.18806,41.43419],[2.18807,41.43451]]]}},{"type":"Feature","properties":{"s":"st-carrer-de-la-vinya"},"geometry":{"type":"MultiLineString","coordinates":[[[2.17887,41.41784],[2.17733,41.41826],[2.17664,41.4185]]]}},{"type":"Feature","properties":{"s":"st-carrer-de-la-vinya-llarga"},"geometry":{"type":"MultiLineString","coordinates":[[[2.1914,41.45064],[2.19116,41.45106],[2.19082,41.45139]]]}},{"type":"Feature","properties":{"s":"st-carrer-de-vinyals"},"geometry":{"type":"MultiLineString","coordinates":[[[2.1739,41.42127],[2.17478,41.42037],[2.17633,41.41876]]]}},{"type":"Feature","properties":{"s":"st-passatge-de-la-vinyassa"},"geometry":{"type":"MultiLineString","coordinates":[[[2.19442,41.39529],[2.19334,41.39609]]]}},{"type":"Feature","properties":{"s":"st-carrer-del-vinyar"},"geometry":{"type":"MultiLineString","coordinates":[[[2.18435,41.44475],[2.18391,41.44351],[2.18368,41.44296],[2.18227,41.44118],[2.18143,41.44047]]]}},{"type":"Feature","properties":{"s":"st-passatge-de-la-vinyeta"},"geometry":{"type":"MultiLineString","coordinates":[[[2.1715,41.3723],[2.16932,41.37156]]]}},{"type":"Feature","properties":{"s":"st-carrer-de-violant-d-hongria-reina-d-arago"},"geometry":{"type":"MultiLineString","coordinates":[[[2.13605,41.38094],[2.12942,41.37844],[2.12645,41.3773]]]}},{"type":"Feature","properties":{"s":"st-carrer-de-la-mare-de-deu-dels-desemparats"},"geometry":{"type":"MultiLineString","coordinates":[[[2.15839,41.40245],[2.1589,41.402],[2.15931,41.40162],[2.15984,41.40109]]]}},{"type":"Feature","properties":{"s":"st-carrer-de-la-mare-de-deu-del-carmel"},"geometry":{"type":"MultiLineString","coordinates":[[[2.13964,41.4108],[2.14089,41.41172]]]}},{"type":"Feature","properties":{"s":"st-carrer-de-la-mare-de-deu-de-gracia"},"geometry":{"type":"MultiLineString","coordinates":[[[2.1501,41.40389],[2.14948,41.40476]]]}},{"type":"Feature","properties":{"s":"st-carrer-de-la-mare-de-deu-de-lorda"},"geometry":{"type":"MultiLineString","coordinates":[[[2.19107,41.45009],[2.1914,41.45064],[2.19218,41.45144],[2.19306,41.45293]]]}},{"type":"Feature","properties":{"s":"st-carrer-de-l-azalea"},"geometry":{"type":"MultiLineString","coordinates":[[[2.08316,41.41882],[2.0869,41.42046]]]}},{"type":"Feature","properties":{"s":"st-avinguda-de-la-mare-de-deu-de-montserrat"},"geometry":{"type":"MultiLineString","coordinates":[[[2.17652,41.42497],[2.17605,41.42429],[2.17551,41.42355],[2.175,41.4228],[2.17448,41.42208],[2.17288,41.41982],[2.17224,41.41895],[2.17212,41.41873],[2.17105,41.41715],[2.17046,41.41669],[2.16938,41.41567],[2.16728,41.41545],[2.16674,41.4152]],[[2.1597,41.4125],[2.16144,41.41369],[2.1621,41.41401],[2.16294,41.41431],[2.16427,41.41465],[2.16582,41.41487]]]}},{"type":"Feature","properties":{"s":"st-placa-de-la-mare-de-deu-de-la-pau"},"geometry":{"type":"MultiLineString","coordinates":[[[2.13196,41.40371],[2.13151,41.40418]],[[2.13135,41.40434],[2.13151,41.40418]],[[2.13151,41.40418],[2.13248,41.40449]]]}},{"type":"Feature","properties":{"s":"st-carrer-de-la-mare-de-deu-del-pilar"},"geometry":{"type":"MultiLineString","coordinates":[[[2.17588,41.38771],[2.17705,41.38688]]]}},{"type":"Feature","properties":{"s":"st-carrer-de-la-mare-de-deu-de-la-salut"},"geometry":{"type":"MultiLineString","coordinates":[[[2.16045,41.4138],[2.15905,41.41272],[2.15725,41.41155],[2.1555,41.41062],[2.15452,41.41012]]]}},{"type":"Feature","properties":{"s":"st-carrer-de-virgili"},"geometry":{"type":"MultiLineString","coordinates":[[[2.19277,41.43303],[2.19301,41.43273],[2.19316,41.43243],[2.19329,41.43176],[2.19348,41.43125],[2.19372,41.43046],[2.19366,41.42924],[2.19359,41.42817],[2.19394,41.42787]]]}},{"type":"Feature","properties":{"s":"st-carrer-de-viriat"},"geometry":{"type":"MultiLineString","coordinates":[[[2.13806,41.37942],[2.13929,41.37994],[2.14074,41.38048]],[[2.13882,41.37921],[2.14026,41.38013]]]}},{"type":"Feature","properties":{"s":"st-passatge-de-la-virreina"},"geometry":{"type":"MultiLineString","coordinates":[[[2.17127,41.38227],[2.17062,41.38196]]]}},{"type":"Feature","properties":{"s":"st-placa-de-la-virreina"},"geometry":{"type":"MultiLineString","coordinates":[[[2.15742,41.40474],[2.15728,41.40466],[2.15696,41.40497],[2.15724,41.40515],[2.15758,41.40484],[2.15742,41.40474]]]}},{"type":"Feature","properties":{"s":"st-placa-del-virrei-amat"},"geometry":{"type":"MultiLineString","coordinates":[[[2.17435,41.42973],[2.17434,41.42934],[2.17519,41.42945],[2.17522,41.4303],[2.17436,41.43031],[2.17435,41.42973]]]}},{"type":"Feature","properties":{"s":"st-carrer-de-la-virtut"},"geometry":{"type":"MultiLineString","coordinates":[[[2.15673,41.4019],[2.15591,41.40263]]]}},{"type":"Feature","properties":{"s":"st-carrer-de-vista-bella"},"geometry":{"type":"MultiLineString","coordinates":[[[2.13014,41.40961],[2.12997,41.40987],[2.12982,41.4107],[2.12958,41.41165],[2.12972,41.41176],[2.13054,41.41251]]]}},{"type":"Feature","properties":{"s":"st-carrer-de-vistalegre"},"geometry":{"type":"MultiLineString","coordinates":[[[2.16715,41.37902],[2.16615,41.37824]]]}},{"type":"Feature","properties":{"s":"st-carretera-de-vista-rica"},"geometry":{"type":"MultiLineString","coordinates":[[[2.12063,41.42288],[2.12405,41.4295]]]}},{"type":"Feature","properties":{"s":"st-carrer-de-biure"},"geometry":{"type":"MultiLineString","coordinates":[[[2.1681,41.43393],[2.16791,41.43363]]]}},{"type":"Feature","properties":{"s":"st-carrer-de-viver"},"geometry":{"type":"MultiLineString","coordinates":[[[2.12967,41.42909],[2.1316,41.42874]]]}},{"type":"Feature","properties":{"s":"st-carrer-de-biscaia"},"geometry":{"type":"MultiLineString","coordinates":[[[2.18176,41.42084],[2.18389,41.41923],[2.18614,41.41755],[2.18691,41.41724]],[[2.19125,41.41365],[2.19061,41.41418],[2.19011,41.41454],[2.18789,41.41626],[2.18692,41.41665]]]}},{"type":"Feature","properties":{"s":"st-rambla-de-volart"},"geometry":{"type":"MultiLineString","coordinates":[[[2.17417,41.41767],[2.17637,41.41692],[2.17899,41.416],[2.17968,41.41577],[2.1802,41.41559],[2.18057,41.41548]]]}},{"type":"Feature","properties":{"s":"st-carrer-del-doctor-trueta"},"geometry":{"type":"MultiLineString","coordinates":[[[2.20469,41.39947],[2.19942,41.39558],[2.19769,41.39427],[2.19726,41.39396],[2.19617,41.39311],[2.19338,41.39105],[2.1926,41.3905],[2.19148,41.38964],[2.19033,41.3888]]]}},{"type":"Feature","properties":{"s":"st-placa-de-wagner"},"geometry":{"type":"MultiLineString","coordinates":[[[2.13906,41.39205],[2.13951,41.3926]]]}},{"type":"Feature","properties":{"s":"st-carrer-de-washington"},"geometry":{"type":"MultiLineString","coordinates":[[[2.18865,41.40721],[2.1885,41.40687]]]}},{"type":"Feature","properties":{"s":"st-carrer-de-watt"},"geometry":{"type":"MultiLineString","coordinates":[[[2.13974,41.37531],[2.13976,41.37601],[2.13979,41.37644],[2.13942,41.37679]]]}},{"type":"Feature","properties":{"s":"st-carrer-de-wellington"},"geometry":{"type":"MultiLineString","coordinates":[[[2.19251,41.38717],[2.19146,41.38794],[2.18922,41.38964],[2.18686,41.3915],[2.18574,41.39231]],[[2.19359,41.38624],[2.19292,41.38676]]]}},{"type":"Feature","properties":{"s":"st-carrer-de-guifre"},"geometry":{"type":"MultiLineString","coordinates":[[[2.16592,41.3812],[2.16672,41.38167]]]}},{"type":"Feature","properties":{"s":"st-carrer-de-guitard"},"geometry":{"type":"MultiLineString","coordinates":[[[2.13929,41.37994],[2.13899,41.38036],[2.13845,41.38119],[2.13752,41.38255],[2.13705,41.38332],[2.13618,41.38445],[2.13595,41.38479]]]}},{"type":"Feature","properties":{"s":"st-carrer-d-en-xandri"},"geometry":{"type":"MultiLineString","coordinates":[[[2.185,41.43847],[2.18546,41.43828]],[[2.18546,41.43828],[2.18595,41.4382]],[[2.18546,41.43828],[2.18543,41.43816]]]}},{"type":"Feature","properties":{"s":"st-placa-d-en-xandri"},"geometry":{"type":"MultiLineString","coordinates":[[[2.18537,41.43792],[2.18484,41.43801],[2.185,41.43847],[2.18546,41.43828],[2.18537,41.43792]]]}},{"type":"Feature","properties":{"s":"st-carrer-de-xavier-nogues"},"geometry":{"type":"MultiLineString","coordinates":[[[2.21531,41.41433],[2.21634,41.4151]]]}},{"type":"Feature","properties":{"s":"st-carrer-de-xifre"},"geometry":{"type":"MultiLineString","coordinates":[[[2.17966,41.41183],[2.18204,41.41002],[2.18417,41.40836]]]}},{"type":"Feature","properties":{"s":"st-passatge-d-en-xinxo"},"geometry":{"type":"MultiLineString","coordinates":[[[2.15463,41.42627],[2.15387,41.42674],[2.15346,41.42683]]]}},{"type":"Feature","properties":{"s":"st-carrer-dels-xiquets-de-valls"},"geometry":{"type":"MultiLineString","coordinates":[[[2.15666,41.40135],[2.15716,41.40091]]]}},{"type":"Feature","properties":{"s":"st-carrer-d-en-xucla"},"geometry":{"type":"MultiLineString","coordinates":[[[2.17129,41.3828],[2.16944,41.38374]]]}},{"type":"Feature","properties":{"s":"st-carrer-de-iecla"},"geometry":{"type":"MultiLineString","coordinates":[[[2.14032,41.36409],[2.14178,41.36415]]]}},{"type":"Feature","properties":{"s":"st-carrer-y-zona-franca"},"geometry":{"type":"MultiLineString","coordinates":[[[2.14484,41.33064],[2.14218,41.32635]]]}},{"type":"Feature","properties":{"s":"st-carrer-d-illas-i-vidal"},"geometry":{"type":"MultiLineString","coordinates":[[[2.13923,41.40433],[2.13894,41.40405]]]}},{"type":"Feature","properties":{"s":"st-carrer-de-l-amnistia-internacional"},"geometry":{"type":"MultiLineString","coordinates":[[[2.1348,41.36126],[2.13747,41.36233]]]}},{"type":"Feature","properties":{"s":"st-carrer-z-zona-franca"},"geometry":{"type":"MultiLineString","coordinates":[[[2.14006,41.32772],[2.14218,41.33118]]]}},{"type":"Feature","properties":{"s":"st-carrer-de-zamora"},"geometry":{"type":"MultiLineString","coordinates":[[[2.19376,41.39301],[2.19028,41.39561],[2.18917,41.39647]]]}},{"type":"Feature","properties":{"s":"st-carrer-de-saragossa"},"geometry":{"type":"MultiLineString","coordinates":[[[2.151,41.40066],[2.15036,41.40126],[2.14914,41.40208],[2.14856,41.40245],[2.14559,41.40444],[2.14416,41.40543],[2.14343,41.40591]]]}},{"type":"Feature","properties":{"s":"st-passeig-de-la-zona-franca"},"geometry":{"type":"MultiLineString","coordinates":[[[2.14783,41.34838],[2.14643,41.34997],[2.14334,41.3542],[2.14035,41.35836],[2.13923,41.35986],[2.13653,41.36364],[2.13584,41.36442]]]}},{"type":"Feature","properties":{"s":"st-carrer-de-zuloaga"},"geometry":{"type":"MultiLineString","coordinates":[[[2.14094,41.42934],[2.14108,41.42995]]]}},{"type":"Feature","properties":{"s":"st-carrer-de-riego"},"geometry":{"type":"MultiLineString","coordinates":[[[2.13833,41.37533],[2.13838,41.37751]]]}},{"type":"Feature","properties":{"s":"st-placa-de-zurbaran"},"geometry":{"type":"MultiLineString","coordinates":[[[2.14343,41.42957],[2.14305,41.4299]]]}},{"type":"Feature","properties":{"s":"st-carrer-numero-1-zona-franca"},"geometry":{"type":"MultiLineString","coordinates":[[[2.14094,41.34606],[2.14384,41.34507],[2.14584,41.34435]]]}},{"type":"Feature","properties":{"s":"st-carrer-numero-2-zona-franca"},"geometry":{"type":"MultiLineString","coordinates":[[[2.1358,41.34466],[2.14055,41.34298],[2.14217,41.34238],[2.14415,41.34171]]]}},{"type":"Feature","properties":{"s":"st-carrer-numero-3-zona-franca"},"geometry":{"type":"MultiLineString","coordinates":[[[2.13867,41.33297],[2.13447,41.33447],[2.12961,41.33616],[2.12045,41.33942]],[[2.14484,41.33064],[2.14983,41.32903],[2.15394,41.32831]]]}},{"type":"Feature","properties":{"s":"st-carrer-numero-4-zona-franca"},"geometry":{"type":"MultiLineString","coordinates":[[[2.11349,41.33695],[2.12445,41.33257],[2.12689,41.33173],[2.12932,41.33087],[2.13175,41.33004],[2.13412,41.3292],[2.13593,41.32853],[2.13986,41.32728]]]}},{"type":"Feature","properties":{"s":"st-carrer-numero-5-zona-franca"},"geometry":{"type":"MultiLineString","coordinates":[[[2.12619,41.32576],[2.13067,41.32418],[2.13282,41.32343]]]}},{"type":"Feature","properties":{"s":"st-carrer-numero-6-zona-franca"},"geometry":{"type":"MultiLineString","coordinates":[[[2.13282,41.32343],[2.12968,41.3226],[2.12452,41.32309],[2.12196,41.32374],[2.11944,41.32447],[2.11559,41.32599],[2.11275,41.328]]]}},{"type":"Feature","properties":{"s":"st-carrer-numero-11-zona-franca"},"geometry":{"type":"MultiLineString","coordinates":[[[2.11065,41.32984],[2.10613,41.33388],[2.10319,41.33546]]]}},{"type":"Feature","properties":{"s":"st-carrer-numero-40-zona-franca"},"geometry":{"type":"MultiLineString","coordinates":[[[2.1113,41.33257],[2.10956,41.33275],[2.10709,41.33303]]]}},{"type":"Feature","properties":{"s":"st-carrer-numero-41-zona-franca"},"geometry":{"type":"MultiLineString","coordinates":[[[2.10992,41.33464],[2.10856,41.3348],[2.10613,41.33388]]]}},{"type":"Feature","properties":{"s":"st-carrer-numero-42-zona-franca"},"geometry":{"type":"MultiLineString","coordinates":[[[2.11029,41.33651],[2.11351,41.33787],[2.11396,41.33804]]]}},{"type":"Feature","properties":{"s":"st-carrer-numero-43-zona-franca"},"geometry":{"type":"MultiLineString","coordinates":[[[2.10312,41.33643],[2.10828,41.33823]]]}},{"type":"Feature","properties":{"s":"st-carrer-numero-50-zona-franca"},"geometry":{"type":"MultiLineString","coordinates":[[[2.12045,41.33942],[2.11665,41.3381],[2.11349,41.33695]]]}},{"type":"Feature","properties":{"s":"st-carrer-numero-60-zona-franca"},"geometry":{"type":"MultiLineString","coordinates":[[[2.14217,41.34238],[2.14384,41.34507],[2.14551,41.3478]]]}},{"type":"Feature","properties":{"s":"st-carrer-numero-61-zona-franca"},"geometry":{"type":"MultiLineString","coordinates":[[[2.14219,41.34563],[2.14055,41.34298]]]}},{"type":"Feature","properties":{"s":"st-carrer-numero-62-zona-franca"},"geometry":{"type":"MultiLineString","coordinates":[[[2.13906,41.3435],[2.14094,41.34606],[2.14551,41.3478]]]}},{"type":"Feature","properties":{"s":"st-moll-de-barcelona"},"geometry":{"type":"MultiLineString","coordinates":[[[2.18065,41.37183],[2.17676,41.37356]]]}},{"type":"Feature","properties":{"s":"st-moll-de-la-barceloneta"},"geometry":{"type":"MultiLineString","coordinates":[[[2.18846,41.37708],[2.18778,41.37881]]]}},{"type":"Feature","properties":{"s":"st-moll-de-catalunya"},"geometry":{"type":"MultiLineString","coordinates":[[[2.18759,41.37037],[2.18536,41.3706]]]}},{"type":"Feature","properties":{"s":"st-moll-de-llevant"},"geometry":{"type":"MultiLineString","coordinates":[[[2.18699,41.3683],[2.18561,41.36559]]]}},{"type":"Feature","properties":{"s":"st-moll-oriental"},"geometry":{"type":"MultiLineString","coordinates":[[[2.18738,41.36816],[2.18759,41.37037],[2.18699,41.3683]]]}},{"type":"Feature","properties":{"s":"st-moll-del-princep-d-espanya"},"geometry":{"type":"MultiLineString","coordinates":[[[2.13867,41.33297],[2.14415,41.34171]],[[2.14044,41.33282],[2.14898,41.3466]]]}},{"type":"Feature","properties":{"s":"st-moll-de-sant-bertran"},"geometry":{"type":"MultiLineString","coordinates":[[[2.17496,41.36815],[2.17525,41.37005]]]}},{"type":"Feature","properties":{"s":"st-carretera-de-circumvallacio-nord-tram-6"},"geometry":{"type":"MultiLineString","coordinates":[[[2.14044,41.33282],[2.14898,41.3466]]]}},{"type":"Feature","properties":{"s":"st-ronda-del-litoral"},"geometry":{"type":"MultiLineString","coordinates":[[[2.19948,41.39063],[2.19817,41.38968],[2.19595,41.38802]],[[2.19595,41.38802],[2.19659,41.38763],[2.20002,41.38931],[2.20028,41.39007]],[[2.19595,41.38802],[2.1948,41.38716]],[[2.19595,41.38802],[2.19641,41.38746]],[[2.1948,41.38716],[2.19536,41.38673],[2.19426,41.38589],[2.19163,41.3844]],[[2.1948,41.38716],[2.19311,41.38588]]]}},{"type":"Feature","properties":{"s":"st-carrer-de-josep-finestres"},"geometry":{"type":"MultiLineString","coordinates":[[[2.20434,41.43394],[2.20485,41.43351],[2.2061,41.43294]]]}},{"type":"Feature","properties":{"s":"st-placa-de-john-f-kennedy"},"geometry":{"type":"MultiLineString","coordinates":[[[2.13719,41.40957],[2.13706,41.41025],[2.13661,41.41012],[2.13719,41.40957]]]}},{"type":"Feature","properties":{"s":"st-carrer-de-tora"},"geometry":{"type":"MultiLineString","coordinates":[[[2.20024,41.42209],[2.19995,41.42277]]]}},{"type":"Feature","properties":{"s":"st-placa-de-karl-marx"},"geometry":{"type":"MultiLineString","coordinates":[[[2.16326,41.44036],[2.16309,41.43968],[2.16154,41.43992],[2.16243,41.44136]],[[2.16326,41.44036],[2.16243,41.44136]],[[2.16326,41.44036],[2.16243,41.44136]]]}},{"type":"Feature","properties":{"s":"st-placa-de-joan-amades"},"geometry":{"type":"MultiLineString","coordinates":[[[2.16896,41.38155],[2.16872,41.38142]]]}},{"type":"Feature","properties":{"s":"st-placa-de-les-avies-i-els-avis"},"geometry":{"type":"MultiLineString","coordinates":[[[2.17919,41.43894],[2.17926,41.43863]],[[2.17886,41.43859],[2.17878,41.43889]]]}},{"type":"Feature","properties":{"s":"st-placa-de-charlie-rivel"},"geometry":{"type":"MultiLineString","coordinates":[[[2.17191,41.44456],[2.17179,41.44406]]]}},{"type":"Feature","properties":{"s":"st-passeig-d-andreu-nin"},"geometry":{"type":"MultiLineString","coordinates":[[[2.18336,41.43946],[2.18272,41.43758],[2.18243,41.43682],[2.18165,41.43445],[2.18082,41.43213]]]}},{"type":"Feature","properties":{"s":"st-carrer-d-almacelles"},"geometry":{"type":"MultiLineString","coordinates":[[[2.19915,41.42219],[2.20038,41.42308]]]}},{"type":"Feature","properties":{"s":"st-carrer-de-josep-miret"},"geometry":{"type":"MultiLineString","coordinates":[[[2.20083,41.42087],[2.19972,41.42169],[2.19915,41.42219],[2.2003,41.4233]]]}},{"type":"Feature","properties":{"s":"st-passeig-de-josep-carner"},"geometry":{"type":"MultiLineString","coordinates":[[[2.17738,41.3753],[2.17665,41.37443],[2.17676,41.37356],[2.17573,41.37338],[2.17486,41.37235],[2.17447,41.37185],[2.17383,41.37098],[2.17364,41.36995],[2.17247,41.36771]]]}},{"type":"Feature","properties":{"s":"st-carrer-d-augusto-cesar-sandino"},"geometry":{"type":"MultiLineString","coordinates":[[[2.20045,41.43882],[2.20294,41.4393]]]}},{"type":"Feature","properties":{"s":"st-passatge-d-andalusia"},"geometry":{"type":"MultiLineString","coordinates":[[[2.13329,41.37111],[2.13353,41.37031],[2.13365,41.36994]]]}},{"type":"Feature","properties":{"s":"st-passatge-via-trajana-b"},"geometry":{"type":"MultiLineString","coordinates":[[[2.2012,41.42863],[2.20111,41.43007]]]}},{"type":"Feature","properties":{"s":"st-passatge-via-trajana-a"},"geometry":{"type":"MultiLineString","coordinates":[[[2.20202,41.42864],[2.20194,41.42986]]]}},{"type":"Feature","properties":{"s":"st-carrer-de-can-castellvi"},"geometry":{"type":"MultiLineString","coordinates":[[[2.0896,41.42521],[2.0889,41.42547],[2.08526,41.42394]]]}},{"type":"Feature","properties":{"s":"st-carrer-de-binefar"},"geometry":{"type":"MultiLineString","coordinates":[[[2.20263,41.42393],[2.20321,41.42434],[2.20373,41.42475],[2.20602,41.42709]]]}},{"type":"Feature","properties":{"s":"st-carrer-de-cunit"},"geometry":{"type":"MultiLineString","coordinates":[[[2.15933,41.41663],[2.15833,41.41626],[2.15783,41.41599]]]}},{"type":"Feature","properties":{"s":"st-carrer-dels-cresques"},"geometry":{"type":"MultiLineString","coordinates":[[[2.20573,41.4343],[2.20439,41.43417]],[[2.20227,41.43382],[2.20306,41.43382],[2.20592,41.43409],[2.20734,41.43438]]]}},{"type":"Feature","properties":{"s":"st-passatge-del-grevol"},"geometry":{"type":"MultiLineString","coordinates":[[[2.08654,41.42168],[2.08648,41.42108]]]}},{"type":"Feature","properties":{"s":"st-cami-mig-de-can-balasch"},"geometry":{"type":"MultiLineString","coordinates":[[[2.08657,41.42789],[2.08604,41.42799]],[[2.07883,41.42892],[2.08459,41.42775],[2.08498,41.42827],[2.08501,41.42837]],[[2.08875,41.42868],[2.08801,41.42831]]]}},{"type":"Feature","properties":{"s":"st-passatge-del-cami-del-mas-sauro"},"geometry":{"type":"MultiLineString","coordinates":[[[2.09641,41.41489],[2.09515,41.41594]]]}},{"type":"Feature","properties":{"s":"st-carrer-de-la-sagrada-familia"},"geometry":{"type":"MultiLineString","coordinates":[[[2.09606,41.41883],[2.09411,41.42019]]]}},{"type":"Feature","properties":{"s":"st-placa-dels-jardins-d-elx"},"geometry":{"type":"MultiLineString","coordinates":[[[2.18833,41.42397],[2.1884,41.4228]]]}},{"type":"Feature","properties":{"s":"st-carretera-de-vallvidrera-a-les-planes"},"geometry":{"type":"MultiLineString","coordinates":[[[2.09841,41.41901],[2.09715,41.41952],[2.09617,41.42058],[2.09373,41.42336],[2.09268,41.42493],[2.09109,41.42797],[2.09031,41.42865],[2.08875,41.42868]],[[2.08392,41.43041],[2.08348,41.43089]],[[2.08267,41.43148],[2.08146,41.43162]]]}},{"type":"Feature","properties":{"s":"st-passatge-de-tossa"},"geometry":{"type":"MultiLineString","coordinates":[[[2.15775,41.42847],[2.15773,41.42927]]]}},{"type":"Feature","properties":{"s":"st-carrer-de-les-filatures"},"geometry":{"type":"MultiLineString","coordinates":[[[2.18545,41.43015],[2.18543,41.42864]]]}},{"type":"Feature","properties":{"s":"st-carretera-circumvallacio-tram-5"},"geometry":{"type":"MultiLineString","coordinates":[[[2.15838,41.35143],[2.15448,41.35041]],[[2.15436,41.35052],[2.15261,41.34993],[2.15205,41.34969]]]}},{"type":"Feature","properties":{"s":"st-carrer-del-mirador-del-palau-nacional"},"geometry":{"type":"MultiLineString","coordinates":[[[2.15571,41.36897],[2.15445,41.36918],[2.15226,41.36858],[2.15092,41.36808]]]}},{"type":"Feature","properties":{"s":"st-carrer-sense-nom-pujades-llatzaret"},"geometry":{"type":"MultiLineString","coordinates":[[[2.20203,41.4027],[2.20154,41.40302]]]}},{"type":"Feature","properties":{"s":"st-carrer-de-la-marinada"},"geometry":{"type":"MultiLineString","coordinates":[[[2.12776,41.40765],[2.12728,41.40815]]]}},{"type":"Feature","properties":{"s":"st-passatge-del-torrent-d-estadella"},"geometry":{"type":"MultiLineString","coordinates":[[[2.20014,41.43413],[2.20005,41.43245]]]}},{"type":"Feature","properties":{"s":"st-carrer-de-l-espinagosa"},"geometry":{"type":"MultiLineString","coordinates":[[[2.09965,41.41164],[2.10031,41.41202]]]}},{"type":"Feature","properties":{"s":"st-carrer-del-papiol"},"geometry":{"type":"MultiLineString","coordinates":[[[2.14425,41.42133],[2.1441,41.42161]]]}},{"type":"Feature","properties":{"s":"st-cami-de-la-girgola"},"geometry":{"type":"MultiLineString","coordinates":[[[2.10459,41.40678],[2.10607,41.40782]]]}},{"type":"Feature","properties":{"s":"st-carrer-de-caresmar"},"geometry":{"type":"MultiLineString","coordinates":[[[2.20692,41.43335],[2.20709,41.43281]]]}},{"type":"Feature","properties":{"s":"st-carrer-d-orrius"},"geometry":{"type":"MultiLineString","coordinates":[[[2.20716,41.43518],[2.20627,41.43508]]]}},{"type":"Feature","properties":{"s":"st-carrer-de-josep-m-de-sagarra"},"geometry":{"type":"MultiLineString","coordinates":[[[2.12172,41.38974],[2.12033,41.38939]]]}},{"type":"Feature","properties":{"s":"st-carrer-de-beltran-i-rozpide"},"geometry":{"type":"MultiLineString","coordinates":[[[2.12172,41.38974],[2.12052,41.38888]]]}},{"type":"Feature","properties":{"s":"st-carrer-de-lluis-nicolau-i-d-olwer"},"geometry":{"type":"MultiLineString","coordinates":[[[2.12101,41.38849],[2.1222,41.38879]]]}},{"type":"Feature","properties":{"s":"st-carrer-de-pedro-i-pons"},"geometry":{"type":"MultiLineString","coordinates":[[[2.12226,41.39036],[2.12248,41.38991],[2.1233,41.38808]]]}},{"type":"Feature","properties":{"s":"st-carrer-dels-doctors-trias-i-pujol"},"geometry":{"type":"MultiLineString","coordinates":[[[2.12374,41.39023],[2.12248,41.38991]]]}},{"type":"Feature","properties":{"s":"st-carrer-del-doctor-august-pi-i-sunyer"},"geometry":{"type":"MultiLineString","coordinates":[[[2.12442,41.38986],[2.12269,41.38943]]]}},{"type":"Feature","properties":{"s":"st-carrer-de-serra-i-hunter"},"geometry":{"type":"MultiLineString","coordinates":[[[2.12402,41.38927],[2.1229,41.38898]]]}},{"type":"Feature","properties":{"s":"st-carrer-de-lluis-pericot"},"geometry":{"type":"MultiLineString","coordinates":[[[2.12482,41.38897],[2.1231,41.38853]]]}},{"type":"Feature","properties":{"s":"st-carrer-de-rubio-i-lluch"},"geometry":{"type":"MultiLineString","coordinates":[[[2.12444,41.38836],[2.1233,41.38808]]]}},{"type":"Feature","properties":{"s":"st-passatge-de-pruit"},"geometry":{"type":"MultiLineString","coordinates":[[[2.17311,41.45251],[2.1738,41.45255]]]}},{"type":"Feature","properties":{"s":"st-carrer-de-pollenca"},"geometry":{"type":"MultiLineString","coordinates":[[[2.17307,41.43543],[2.17266,41.43493]]]}},{"type":"Feature","properties":{"s":"st-carrer-d-en-paixalet"},"geometry":{"type":"MultiLineString","coordinates":[[[2.19215,41.43677],[2.19167,41.43734]]]}},{"type":"Feature","properties":{"s":"st-placa-de-lola-anglada"},"geometry":{"type":"MultiLineString","coordinates":[[[2.18423,41.4444],[2.18397,41.44449]]]}},{"type":"Feature","properties":{"s":"st-pas-de-valls"},"geometry":{"type":"MultiLineString","coordinates":[[[2.14603,41.37003],[2.1457,41.37033]]]}},{"type":"Feature","properties":{"s":"st-carretera-antiga-d-horta-a-cerdanyola"},"geometry":{"type":"MultiLineString","coordinates":[[[2.17169,41.45378],[2.17197,41.45157],[2.1721,41.45147],[2.17481,41.45059]]]}},{"type":"Feature","properties":{"s":"st-carrer-dels-segadors"},"geometry":{"type":"MultiLineString","coordinates":[[[2.19238,41.43678],[2.1912,41.43671]]]}},{"type":"Feature","properties":{"s":"st-placa-del-sot-dels-paletes"},"geometry":{"type":"MultiLineString","coordinates":[[[2.19113,41.43767],[2.19164,41.43768],[2.19167,41.43734],[2.19115,41.43734],[2.19113,41.43767]]]}},{"type":"Feature","properties":{"s":"st-passatge-del-brull"},"geometry":{"type":"MultiLineString","coordinates":[[[2.17567,41.45814],[2.17652,41.4585],[2.17611,41.45901]]]}},{"type":"Feature","properties":{"s":"st-cami-del-cama-sec"},"geometry":{"type":"MultiLineString","coordinates":[[[2.09841,41.41901],[2.09852,41.41883],[2.09905,41.41668]]]}},{"type":"Feature","properties":{"s":"st-passeig-del-bosc-de-roquetes"},"geometry":{"type":"MultiLineString","coordinates":[[[2.17647,41.44892],[2.18013,41.45012],[2.18102,41.45002],[2.1818,41.44988],[2.18339,41.45004]]]}},{"type":"Feature","properties":{"s":"st-carrer-del-mirador-de-llobera"},"geometry":{"type":"MultiLineString","coordinates":[[[2.17694,41.44998],[2.17853,41.45163]]]}},{"type":"Feature","properties":{"s":"st-carrer-longitudinal-7"},"geometry":{"type":"MultiLineString","coordinates":[[[2.12112,41.33163],[2.12012,41.32984],[2.11965,41.32909],[2.11741,41.32543]]]}},{"type":"Feature","properties":{"s":"st-carrer-longitudinal-5"},"geometry":{"type":"MultiLineString","coordinates":[[[2.11995,41.33205],[2.11889,41.33026],[2.11841,41.32952],[2.11742,41.32789],[2.11729,41.32746],[2.1163,41.32583]],[[2.11961,41.33217],[2.12058,41.33374]],[[2.11448,41.32746],[2.11424,41.32706]]]}},{"type":"Feature","properties":{"s":"st-carrer-major-de-mercabarna"},"geometry":{"type":"MultiLineString","coordinates":[[[2.11394,41.32863],[2.11479,41.33007],[2.1156,41.33136],[2.11664,41.33321],[2.11758,41.33471]],[[2.11368,41.3283],[2.11329,41.32783]]]}},{"type":"Feature","properties":{"s":"st-carrer-longitudinal-6"},"geometry":{"type":"MultiLineString","coordinates":[[[2.11258,41.32909],[2.11345,41.33051],[2.11486,41.33292],[2.11524,41.33354],[2.11578,41.33481],[2.11608,41.33529]]]}},{"type":"Feature","properties":{"s":"st-carrer-longitudinal-10"},"geometry":{"type":"MultiLineString","coordinates":[[[2.11213,41.33254],[2.1128,41.33366]]]}},{"type":"Feature","properties":{"s":"st-carrer-transversal-5"},"geometry":{"type":"MultiLineString","coordinates":[[[2.11664,41.33321],[2.11788,41.33279],[2.12112,41.33163],[2.12317,41.33093]]]}},{"type":"Feature","properties":{"s":"st-carrer-transversal-8"},"geometry":{"type":"MultiLineString","coordinates":[[[2.1156,41.33136],[2.11424,41.33185],[2.11316,41.33227],[2.11213,41.33254],[2.11153,41.33275]]]}},{"type":"Feature","properties":{"s":"st-escales-sense-nom-llerona-balenya"},"geometry":{"type":"MultiLineString","coordinates":[[[2.18237,41.45508],[2.18185,41.45579]]]}},{"type":"Feature","properties":{"s":"st-placa-de-les-corts"},"geometry":{"type":"MultiLineString","coordinates":[[[2.13764,41.38629],[2.13653,41.38563]],[[2.13693,41.38692],[2.13585,41.38628]]]}},{"type":"Feature","properties":{"s":"st-carrer-de-comas-i-sola"},"geometry":{"type":"MultiLineString","coordinates":[[[2.1234,41.39065],[2.12226,41.39036]]]}},{"type":"Feature","properties":{"s":"st-placa-de-la-cultura"},"geometry":{"type":"MultiLineString","coordinates":[[[2.20704,41.42162],[2.20678,41.42182]]]}},{"type":"Feature","properties":{"s":"st-placa-del-pare-eusebi-millan"},"geometry":{"type":"MultiLineString","coordinates":[[[2.14627,41.36709],[2.14657,41.36695]]]}},{"type":"Feature","properties":{"s":"st-placa-de-joan-peiro"},"geometry":{"type":"MultiLineString","coordinates":[[[2.14008,41.37802],[2.13882,41.37921]]]}},{"type":"Feature","properties":{"s":"st-placa-del-general-moragues"},"geometry":{"type":"MultiLineString","coordinates":[[[2.19012,41.41796],[2.19089,41.4178]]]}},{"type":"Feature","properties":{"s":"st-cami-del-ciureny"},"geometry":{"type":"MultiLineString","coordinates":[[[2.09694,41.4193],[2.09678,41.41895],[2.09639,41.41791],[2.09622,41.41751]]]}},{"type":"Feature","properties":{"s":"st-cami-del-pebras"},"geometry":{"type":"MultiLineString","coordinates":[[[2.09267,41.41568],[2.09411,41.42019]]]}},{"type":"Feature","properties":{"s":"st-cami-de-la-llenega"},"geometry":{"type":"MultiLineString","coordinates":[[[2.09852,41.41883],[2.09806,41.41842],[2.09905,41.41668]]]}},{"type":"Feature","properties":{"s":"st-escales-de-la-font-del-mont"},"geometry":{"type":"MultiLineString","coordinates":[[[2.11031,41.416],[2.1118,41.41476]]]}},{"type":"Feature","properties":{"s":"st-cami-de-la-murgola"},"geometry":{"type":"MultiLineString","coordinates":[[[2.09872,41.41271],[2.09888,41.41531]]]}},{"type":"Feature","properties":{"s":"st-cami-bosca"},"geometry":{"type":"MultiLineString","coordinates":[[[2.11014,41.41226],[2.10967,41.41365]]]}},{"type":"Feature","properties":{"s":"st-cami-de-can-llavallol"},"geometry":{"type":"MultiLineString","coordinates":[[[2.09221,41.41552],[2.09081,41.40836]]]}},{"type":"Feature","properties":{"s":"st-carrer-de-santa-olivia"},"geometry":{"type":"MultiLineString","coordinates":[[[2.15934,41.43181],[2.15938,41.43217]]]}},{"type":"Feature","properties":{"s":"st-placa-de-can-robacols"},"geometry":{"type":"MultiLineString","coordinates":[[[2.18279,41.41196],[2.18327,41.41168],[2.18356,41.41204],[2.18302,41.41233]]]}},{"type":"Feature","properties":{"s":"st-placa-de-la-palmera-de-sant-marti"},"geometry":{"type":"MultiLineString","coordinates":[[[2.20543,41.4192],[2.20518,41.41953]]]}},{"type":"Feature","properties":{"s":"st-carrer-de-josep-irla-i-bosch"},"geometry":{"type":"MultiLineString","coordinates":[[[2.12837,41.39074],[2.13008,41.39104],[2.131,41.39127]]]}},{"type":"Feature","properties":{"s":"st-cami-del-carlet"},"geometry":{"type":"MultiLineString","coordinates":[[[2.1049,41.40603],[2.10592,41.40699]]]}},{"type":"Feature","properties":{"s":"st-placa-dels-peixos"},"geometry":{"type":"MultiLineString","coordinates":[[[2.17489,41.3856],[2.17468,41.38561]]]}},{"type":"Feature","properties":{"s":"st-placa-de-castelao"},"geometry":{"type":"MultiLineString","coordinates":[[[2.16409,41.43029],[2.16357,41.43079]]]}},{"type":"Feature","properties":{"s":"st-placeta-del-roser"},"geometry":{"type":"MultiLineString","coordinates":[[[2.12113,41.39946],[2.12137,41.39963]]]}},{"type":"Feature","properties":{"s":"st-placa-de-zenobia-camprubi"},"geometry":{"type":"MultiLineString","coordinates":[[[2.20899,41.41743],[2.20916,41.41791]]]}},{"type":"Feature","properties":{"s":"st-placa-de-nemesi-ponsati"},"geometry":{"type":"MultiLineString","coordinates":[[[2.15403,41.36476],[2.15404,41.36609]]]}},{"type":"Feature","properties":{"s":"st-carrer-de-joaquim-puig-i-pidemunt"},"geometry":{"type":"MultiLineString","coordinates":[[[2.17191,41.44456],[2.17288,41.44461],[2.17407,41.44441]]]}},{"type":"Feature","properties":{"s":"st-placa-de-miquel-casablancas-i-joanico"},"geometry":{"type":"MultiLineString","coordinates":[[[2.18621,41.43976],[2.18708,41.43943]]]}},{"type":"Feature","properties":{"s":"st-escales-de-llobera"},"geometry":{"type":"MultiLineString","coordinates":[[[2.17747,41.44984],[2.17694,41.44998]]]}},{"type":"Feature","properties":{"s":"st-placa-de-carles-pi-i-sunyer"},"geometry":{"type":"MultiLineString","coordinates":[[[2.17369,41.38514],[2.17394,41.38518]]]}},{"type":"Feature","properties":{"s":"st-carrer-de-carles-riba"},"geometry":{"type":"MultiLineString","coordinates":[[[2.12299,41.41091],[2.12366,41.41158],[2.12397,41.41181],[2.12923,41.41314]]]}},{"type":"Feature","properties":{"s":"st-avinguda-de-l-estatut-de-catalunya"},"geometry":{"type":"MultiLineString","coordinates":[[[2.15658,41.43026],[2.15581,41.43055]],[[2.15371,41.43552],[2.15316,41.43484]],[[2.15371,41.43552],[2.15316,41.43484]],[[2.15371,41.43552],[2.15354,41.43618]],[[2.15371,41.43552],[2.15354,41.43618]],[[2.15316,41.43484],[2.1523,41.43376]],[[2.15316,41.43484],[2.15287,41.43382],[2.15436,41.43204],[2.15483,41.43144],[2.15581,41.43055]],[[2.15333,41.4365],[2.15247,41.43735],[2.1523,41.43792],[2.15333,41.4365]],[[2.15333,41.4365],[2.15354,41.43618]],[[2.15333,41.4365],[2.15354,41.43618]],[[2.15232,41.43318],[2.15378,41.43166],[2.15447,41.43103],[2.15561,41.43015],[2.15581,41.43055]]]}},{"type":"Feature","properties":{"s":"st-carrer-de-josep-sole-i-barbera"},"geometry":{"type":"MultiLineString","coordinates":[[[2.17372,41.44547],[2.17288,41.44461]]]}},{"type":"Feature","properties":{"s":"st-avinguda-del-litoral"},"geometry":{"type":"MultiLineString","coordinates":[[[2.19948,41.39063],[2.20164,41.39226],[2.20274,41.39306]],[[2.19659,41.38763],[2.19595,41.38802],[2.19641,41.38746]],[[2.19659,41.38763],[2.19641,41.38746]],[[2.19659,41.38763],[2.20002,41.38931],[2.20028,41.39007],[2.20398,41.39211],[2.20515,41.39364],[2.20672,41.39521],[2.20769,41.39576],[2.20942,41.39857],[2.21244,41.40116],[2.21924,41.40624],[2.22232,41.40927]],[[2.19641,41.38746],[2.19536,41.38673],[2.19426,41.38589]],[[2.21833,41.40691],[2.22099,41.40919]]]}},{"type":"Feature","properties":{"s":"st-carrer-d-arnold-schonberg"},"geometry":{"type":"MultiLineString","coordinates":[[[2.14855,41.41261],[2.14906,41.41293],[2.14965,41.41301]]]}},{"type":"Feature","properties":{"s":"st-cami-del-fredolic"},"geometry":{"type":"MultiLineString","coordinates":[[[2.09678,41.41895],[2.0971,41.41814]]]}},{"type":"Feature","properties":{"s":"st-carrer-de-mossen-batlle"},"geometry":{"type":"MultiLineString","coordinates":[[[2.15268,41.40961],[2.15329,41.40887]]]}},{"type":"Feature","properties":{"s":"st-placa-de-buenaventura-durruti"},"geometry":{"type":"MultiLineString","coordinates":[[[2.14007,41.36371],[2.14032,41.36339]]]}},{"type":"Feature","properties":{"s":"st-carrer-de-joan-miro"},"geometry":{"type":"MultiLineString","coordinates":[[[2.19262,41.39216],[2.19373,41.39131],[2.19598,41.38963],[2.19702,41.38882]]]}},{"type":"Feature","properties":{"s":"st-carrer-de-salvador-espriu"},"geometry":{"type":"MultiLineString","coordinates":[[[2.19359,41.38624],[2.19595,41.38802],[2.19817,41.38968],[2.19948,41.39063],[2.20164,41.39226],[2.20274,41.39306],[2.20615,41.39565]]]}},{"type":"Feature","properties":{"s":"st-carrer-de-rosa-sensat"},"geometry":{"type":"MultiLineString","coordinates":[[[2.19376,41.39301],[2.19566,41.39155],[2.19594,41.39135]],[[2.19817,41.38968],[2.19661,41.39088],[2.19594,41.39135]],[[2.19594,41.39135],[2.19649,41.39137]]]}},{"type":"Feature","properties":{"s":"st-carrer-de-l-arquitecte-sert"},"geometry":{"type":"MultiLineString","coordinates":[[[2.20002,41.38931],[2.20028,41.39007],[2.19948,41.39063],[2.19781,41.39186],[2.19648,41.39286]]]}},{"type":"Feature","properties":{"s":"st-carrer-de-frederic-mompou"},"geometry":{"type":"MultiLineString","coordinates":[[[2.19884,41.3928],[2.1992,41.39254],[2.20013,41.39183],[2.20061,41.39149]]]}},{"type":"Feature","properties":{"s":"st-carrer-de-joan-oliver"},"geometry":{"type":"MultiLineString","coordinates":[[[2.19979,41.39363],[2.20164,41.39226]]]}},{"type":"Feature","properties":{"s":"st-carrer-de-jaume-vicens-i-vives"},"geometry":{"type":"MultiLineString","coordinates":[[[2.2008,41.39452],[2.20186,41.39371],[2.20274,41.39306],[2.20398,41.39211]]]}},{"type":"Feature","properties":{"s":"st-carrer-de-moscou"},"geometry":{"type":"MultiLineString","coordinates":[[[2.19338,41.39105],[2.19452,41.38906],[2.19418,41.38763],[2.19335,41.38643]]]}},{"type":"Feature","properties":{"s":"st-placa-de-tirant-lo-blanc"},"geometry":{"type":"MultiLineString","coordinates":[[[2.20164,41.39226],[2.20056,41.39306],[2.20164,41.39226]]]}},{"type":"Feature","properties":{"s":"st-carrer-de-munic"},"geometry":{"type":"MultiLineString","coordinates":[[[2.19566,41.39155],[2.19679,41.39159]]]}},{"type":"Feature","properties":{"s":"st-carrer-d-helsinki"},"geometry":{"type":"MultiLineString","coordinates":[[[2.19532,41.39181],[2.19703,41.39178]]]}},{"type":"Feature","properties":{"s":"st-carrer-d-amsterdam"},"geometry":{"type":"MultiLineString","coordinates":[[[2.19532,41.39181],[2.1959,41.39222],[2.19641,41.39222],[2.19703,41.39178],[2.19649,41.39137]]]}},{"type":"Feature","properties":{"s":"st-carrer-d-anvers"},"geometry":{"type":"MultiLineString","coordinates":[[[2.19668,41.39203],[2.19563,41.39202]]]}},{"type":"Feature","properties":{"s":"st-carrer-de-seul"},"geometry":{"type":"MultiLineString","coordinates":[[[2.19481,41.39095],[2.19572,41.39095]]]}},{"type":"Feature","properties":{"s":"st-carrer-d-estocolm"},"geometry":{"type":"MultiLineString","coordinates":[[[2.1945,41.39121],[2.19496,41.39155]]]}},{"type":"Feature","properties":{"s":"st-carrer-de-melbourne"},"geometry":{"type":"MultiLineString","coordinates":[[[2.19615,41.3912],[2.19458,41.39114]]]}},{"type":"Feature","properties":{"s":"st-carrer-de-los-angeles"},"geometry":{"type":"MultiLineString","coordinates":[[[2.19471,41.39135],[2.19594,41.39135]]]}},{"type":"Feature","properties":{"s":"st-carrer-de-saint-louis"},"geometry":{"type":"MultiLineString","coordinates":[[[2.19566,41.39155],[2.19496,41.39155]]]}},{"type":"Feature","properties":{"s":"st-placa-de-rafael-benet"},"geometry":{"type":"MultiLineString","coordinates":[[[2.12669,41.39681],[2.12667,41.39653]]]}},{"type":"Feature","properties":{"s":"st-carrer-de-la-fonolleda"},"geometry":{"type":"MultiLineString","coordinates":[[[2.10161,41.41189],[2.10121,41.41223],[2.09951,41.41304]]]}},{"type":"Feature","properties":{"s":"st-carrer-de-victor-jara"},"geometry":{"type":"MultiLineString","coordinates":[[[2.16401,41.44152],[2.16306,41.44115]]]}},{"type":"Feature","properties":{"s":"st-placa-de-margarida-xirgu"},"geometry":{"type":"MultiLineString","coordinates":[[[2.15632,41.37082],[2.15773,41.37127],[2.15793,41.3711]]]}},{"type":"Feature","properties":{"s":"st-placa-de-rosa-sabater"},"geometry":{"type":"MultiLineString","coordinates":[[[2.13724,41.40781],[2.13741,41.40731]]]}},{"type":"Feature","properties":{"s":"st-placa-de-l-abat-escarre"},"geometry":{"type":"MultiLineString","coordinates":[[[2.18974,41.43009],[2.19067,41.43035],[2.1911,41.43043],[2.19117,41.43008],[2.18974,41.43009]]]}},{"type":"Feature","properties":{"s":"st-passeig-del-migdia"},"geometry":{"type":"MultiLineString","coordinates":[[[2.15169,41.36027],[2.1575,41.35956],[2.16053,41.3616],[2.16142,41.36285],[2.16335,41.36454],[2.16629,41.36539],[2.16758,41.36583]]]}},{"type":"Feature","properties":{"s":"st-platja-del-bogatell"},"geometry":{"type":"MultiLineString","coordinates":[[[2.20923,41.39656],[2.20769,41.39576]]]}},{"type":"Feature","properties":{"s":"st-moll-de-marina"},"geometry":{"type":"MultiLineString","coordinates":[[[2.19941,41.38583],[2.19806,41.38685]]]}},{"type":"Feature","properties":{"s":"st-moll-de-mestral"},"geometry":{"type":"MultiLineString","coordinates":[[[2.19773,41.38678],[2.20064,41.38895]]]}},{"type":"Feature","properties":{"s":"st-moll-de-gregal"},"geometry":{"type":"MultiLineString","coordinates":[[[2.20064,41.38895],[2.20316,41.38703]]]}},{"type":"Feature","properties":{"s":"st-carrer-del-doctor-font-i-quer"},"geometry":{"type":"MultiLineString","coordinates":[[[2.15683,41.36285],[2.16004,41.36517],[2.16171,41.36681],[2.1631,41.36725],[2.16373,41.36708],[2.16407,41.36662],[2.16551,41.36676]]]}},{"type":"Feature","properties":{"s":"st-carrer-de-l-anoia"},"geometry":{"type":"MultiLineString","coordinates":[[[2.14097,41.36234],[2.14038,41.36333]]]}},{"type":"Feature","properties":{"s":"st-carrer-del-gaia"},"geometry":{"type":"MultiLineString","coordinates":[[[2.14097,41.36234],[2.14178,41.36134]]]}},{"type":"Feature","properties":{"s":"st-placa-de-palestina"},"geometry":{"type":"MultiLineString","coordinates":[[[2.13979,41.42499],[2.13882,41.42491]]]}},{"type":"Feature","properties":{"s":"st-carrer-de-la-muga"},"geometry":{"type":"MultiLineString","coordinates":[[[2.14107,41.36351],[2.14135,41.36335],[2.1419,41.36256]],[[2.1415,41.36242],[2.14097,41.36337]]]}},{"type":"Feature","properties":{"s":"st-carrer-de-sallent"},"geometry":{"type":"MultiLineString","coordinates":[[[2.13353,41.37031],[2.13247,41.37009]]]}},{"type":"Feature","properties":{"s":"st-carrer-de-l-onyar"},"geometry":{"type":"MultiLineString","coordinates":[[[2.1415,41.36242],[2.14194,41.36195],[2.14225,41.3615]]]}},{"type":"Feature","properties":{"s":"st-escales-del-polvori"},"geometry":{"type":"MultiLineString","coordinates":[[[2.14038,41.36333],[2.14032,41.36339]]]}},{"type":"Feature","properties":{"s":"st-placa-del-primer-de-maig"},"geometry":{"type":"MultiLineString","coordinates":[[[2.1855,41.46609],[2.18631,41.46564]]]}},{"type":"Feature","properties":{"s":"st-carrer-del-coure"},"geometry":{"type":"MultiLineString","coordinates":[[[2.13366,41.35806],[2.13513,41.35864],[2.13559,41.35807]]]}},{"type":"Feature","properties":{"s":"st-carrer-del-plati"},"geometry":{"type":"MultiLineString","coordinates":[[[2.1349,41.35779],[2.13408,41.35894]]]}},{"type":"Feature","properties":{"s":"st-placa-del-sol-de-baix"},"geometry":{"type":"MultiLineString","coordinates":[[[2.12933,41.38143],[2.1288,41.38215]],[[2.12958,41.38268],[2.13058,41.38183]]]}},{"type":"Feature","properties":{"s":"st-placeta-de-can-garriga"},"geometry":{"type":"MultiLineString","coordinates":[[[2.12412,41.39867],[2.1239,41.3989]]]}},{"type":"Feature","properties":{"s":"st-travessia-de-castellfollit"},"geometry":{"type":"MultiLineString","coordinates":[[[2.17582,41.45573],[2.1749,41.45575]]]}},{"type":"Feature","properties":{"s":"st-carrer-de-gerard-piera"},"geometry":{"type":"MultiLineString","coordinates":[[[2.12831,41.38181],[2.12992,41.38292]]]}},{"type":"Feature","properties":{"s":"st-carrer-de-batista-i-roca"},"geometry":{"type":"MultiLineString","coordinates":[[[2.13597,41.38673],[2.13668,41.38715]]]}},{"type":"Feature","properties":{"s":"st-placa-de-felix-rodriguez-de-la-fuente"},"geometry":{"type":"MultiLineString","coordinates":[[[2.20429,41.43487],[2.20404,41.43505]]]}},{"type":"Feature","properties":{"s":"st-carrer-de-la-foixarda"},"geometry":{"type":"MultiLineString","coordinates":[[[2.14582,41.36913],[2.14665,41.36808],[2.14627,41.36709]]]}},{"type":"Feature","properties":{"s":"st-carrer-de-jordi-rubio-i-balaguer"},"geometry":{"type":"MultiLineString","coordinates":[[[2.20207,41.41581],[2.2032,41.41665]]]}},{"type":"Feature","properties":{"s":"st-carrer-de-l-avet"},"geometry":{"type":"MultiLineString","coordinates":[[[2.10597,41.41668],[2.10797,41.41731],[2.10961,41.41774]]]}},{"type":"Feature","properties":{"s":"st-carrer-del-bedoll"},"geometry":{"type":"MultiLineString","coordinates":[[[2.11714,41.42184],[2.11692,41.42162]]]}},{"type":"Feature","properties":{"s":"st-cami-del-faig"},"geometry":{"type":"MultiLineString","coordinates":[[[2.10705,41.41769],[2.10797,41.41731]]]}},{"type":"Feature","properties":{"s":"st-cami-de-la-savina"},"geometry":{"type":"MultiLineString","coordinates":[[[2.11528,41.42646],[2.10766,41.424]]]}},{"type":"Feature","properties":{"s":"st-placa-del-mig-de-can-clos"},"geometry":{"type":"MultiLineString","coordinates":[[[2.14675,41.36143],[2.14736,41.36097]]]}},{"type":"Feature","properties":{"s":"st-placa-de-diagonal-mar"},"geometry":{"type":"MultiLineString","coordinates":[[[2.21338,41.4107],[2.21434,41.41096]]]}},{"type":"Feature","properties":{"s":"st-carrer-d-antoni-alberdi"},"geometry":{"type":"MultiLineString","coordinates":[[[2.12864,41.39124],[2.12972,41.39151]]]}},{"type":"Feature","properties":{"s":"st-espigo-de-bac-de-roda"},"geometry":{"type":"MultiLineString","coordinates":[[[2.21361,41.40016],[2.21399,41.39987]]]}},{"type":"Feature","properties":{"s":"st-carrer-del-bisbe-josep-climent"},"geometry":{"type":"MultiLineString","coordinates":[[[2.2013,41.39586],[2.20115,41.39482],[2.20223,41.39401]]]}},{"type":"Feature","properties":{"s":"st-espigo-d-antoni-gutierrez-diaz"},"geometry":{"type":"MultiLineString","coordinates":[[[2.20923,41.39656],[2.20997,41.39599]]]}},{"type":"Feature","properties":{"s":"st-carrer-de-dolca-de-provenca"},"geometry":{"type":"MultiLineString","coordinates":[[[2.20545,41.42006],[2.20604,41.4205]]]}},{"type":"Feature","properties":{"s":"st-passatge-de-la-ferradura"},"geometry":{"type":"MultiLineString","coordinates":[[[2.19843,41.42256],[2.19764,41.42266],[2.19797,41.42381]]]}},{"type":"Feature","properties":{"s":"st-passeig-maritim-del-bogatell"},"geometry":{"type":"MultiLineString","coordinates":[[[2.20398,41.39211],[2.20515,41.39364],[2.20672,41.39521],[2.20769,41.39576]]]}},{"type":"Feature","properties":{"s":"st-passeig-maritim-de-nova-icaria"},"geometry":{"type":"MultiLineString","coordinates":[[[2.20028,41.39007],[2.20398,41.39211]]]}},{"type":"Feature","properties":{"s":"st-passeig-maritim-del-port-olimpic"},"geometry":{"type":"MultiLineString","coordinates":[[[2.19737,41.38705],[2.20002,41.38931]]]}},{"type":"Feature","properties":{"s":"st-carrer-de-torre-melina"},"geometry":{"type":"MultiLineString","coordinates":[[[2.10916,41.3837],[2.10764,41.38124]]]}},{"type":"Feature","properties":{"s":"st-carrer-de-lluis-sole-i-sabaris"},"geometry":{"type":"MultiLineString","coordinates":[[[2.11854,41.38439],[2.11955,41.38508]]]}},{"type":"Feature","properties":{"s":"st-passeig-maritim-de-la-mar-bella"},"geometry":{"type":"MultiLineString","coordinates":[[[2.21244,41.40116],[2.21588,41.40374],[2.21316,41.40063],[2.21271,41.40019],[2.20923,41.39656],[2.20769,41.39576]]]}},{"type":"Feature","properties":{"s":"st-placa-de-les-caramelles"},"geometry":{"type":"MultiLineString","coordinates":[[[2.16764,41.38165],[2.16719,41.38209]]]}},{"type":"Feature","properties":{"s":"st-carrer-d-aurora-bertrana"},"geometry":{"type":"MultiLineString","coordinates":[[[2.1202,41.37721],[2.11936,41.37805]]]}},{"type":"Feature","properties":{"s":"st-carrer-de-can-segalar"},"geometry":{"type":"MultiLineString","coordinates":[[[2.13034,41.38788],[2.13118,41.38809],[2.13226,41.38861],[2.13291,41.38897]]]}},{"type":"Feature","properties":{"s":"st-carretera-del-cementiri-de-collserola"},"geometry":{"type":"MultiLineString","coordinates":[[[2.15912,41.45041],[2.15493,41.44356]]]}},{"type":"Feature","properties":{"s":"st-carrer-de-can-rabia"},"geometry":{"type":"MultiLineString","coordinates":[[[2.13327,41.39453],[2.13418,41.39359],[2.13441,41.39319],[2.13489,41.39209]]]}},{"type":"Feature","properties":{"s":"st-nus-de-la-trinitat"},"geometry":{"type":"MultiLineString","coordinates":[[[2.19475,41.4476],[2.19561,41.44704]]]}},{"type":"Feature","properties":{"s":"st-carrer-de-can-valero"},"geometry":{"type":"MultiLineString","coordinates":[[[2.16142,41.36285],[2.16004,41.36517]]]}},{"type":"Feature","properties":{"s":"st-cami-de-la-foixarda"},"geometry":{"type":"MultiLineString","coordinates":[[[2.14498,41.36512],[2.14578,41.36561],[2.14768,41.36752],[2.14665,41.36808]]]}},{"type":"Feature","properties":{"s":"st-carrer-dels-jocs-del-92"},"geometry":{"type":"MultiLineString","coordinates":[[[2.14578,41.36561],[2.14604,41.36309],[2.14752,41.36249],[2.1499,41.35976]]]}},{"type":"Feature","properties":{"s":"st-carrer-de-pierre-de-coubertin"},"geometry":{"type":"MultiLineString","coordinates":[[[2.15169,41.36027],[2.14604,41.36309]]]}},{"type":"Feature","properties":{"s":"st-cami-del-salze"},"geometry":{"type":"MultiLineString","coordinates":[[[2.10645,41.41953],[2.10407,41.42069],[2.10766,41.424],[2.10577,41.42861],[2.11417,41.42811]]]}},{"type":"Feature","properties":{"s":"st-carrer-dels-vivers"},"geometry":{"type":"MultiLineString","coordinates":[[[2.159,41.3674],[2.15926,41.36659]],[[2.15777,41.36672],[2.15899,41.36644]]]}},{"type":"Feature","properties":{"s":"st-placa-de-josep-maria-huertas-claveria"},"geometry":{"type":"MultiLineString","coordinates":[[[2.20036,41.40308],[2.20051,41.40363]]]}},{"type":"Feature","properties":{"s":"st-carrer-de-haifa"},"geometry":{"type":"MultiLineString","coordinates":[[[2.13871,41.42664],[2.13837,41.42595]]]}},{"type":"Feature","properties":{"s":"st-placa-de-robert-gerhard"},"geometry":{"type":"MultiLineString","coordinates":[[[2.20516,41.43451],[2.20483,41.43516]]]}},{"type":"Feature","properties":{"s":"st-placa-de-valdivia"},"geometry":{"type":"MultiLineString","coordinates":[[[2.13181,41.38943],[2.13226,41.38861]]]}},{"type":"Feature","properties":{"s":"st-avinguda-d-albert-bastardas"},"geometry":{"type":"MultiLineString","coordinates":[[[2.1069,41.38303],[2.10764,41.38124],[2.10775,41.38043],[2.10791,41.37998],[2.10786,41.37802],[2.10914,41.37606]]]}},{"type":"Feature","properties":{"s":"st-avinguda-de-can-marcet"},"geometry":{"type":"MultiLineString","coordinates":[[[2.1523,41.43376],[2.15134,41.43432],[2.14847,41.43487],[2.14769,41.43534]]]}},{"type":"Feature","properties":{"s":"st-carrer-del-doctor-aiguader"},"geometry":{"type":"MultiLineString","coordinates":[[[2.19426,41.38589],[2.19163,41.3844],[2.19063,41.38418],[2.18943,41.38365],[2.18716,41.38263]],[[2.19359,41.38624],[2.19311,41.38588]],[[2.18716,41.38263],[2.18638,41.38203],[2.18566,41.38218],[2.18716,41.38263]]]}},{"type":"Feature","properties":{"s":"st-carrer-de-miguel-hernandez"},"geometry":{"type":"MultiLineString","coordinates":[[[2.16934,41.4444],[2.16747,41.44367]],[[2.16324,41.44164],[2.16448,41.44276],[2.16737,41.44386]]]}},{"type":"Feature","properties":{"s":"st-carrer-de-carles-soldevila"},"geometry":{"type":"MultiLineString","coordinates":[[[2.16452,41.44078],[2.1638,41.44184]]]}},{"type":"Feature","properties":{"s":"st-carrer-de-juan-ramon-jimenez"},"geometry":{"type":"MultiLineString","coordinates":[[[2.1615,41.44197],[2.16235,41.44229]]]}},{"type":"Feature","properties":{"s":"st-escullera-del-poblenou"},"geometry":{"type":"MultiLineString","coordinates":[[[2.20002,41.384],[2.20316,41.38703]]]}},{"type":"Feature","properties":{"s":"st-moll-de-xaloc"},"geometry":{"type":"MultiLineString","coordinates":[[[2.20316,41.38703],[2.20141,41.38616]]]}},{"type":"Feature","properties":{"s":"st-avinguda-de-marti-codolar"},"geometry":{"type":"MultiLineString","coordinates":[[[2.14738,41.42424],[2.14853,41.42686],[2.1486,41.429],[2.14766,41.4304]]]}},{"type":"Feature","properties":{"s":"st-carrer-de-coll-i-alentorn"},"geometry":{"type":"MultiLineString","coordinates":[[[2.14233,41.42479],[2.14458,41.42491],[2.14738,41.42424],[2.14991,41.42577]]]}},{"type":"Feature","properties":{"s":"st-carrer-de-les-basses-d-horta"},"geometry":{"type":"MultiLineString","coordinates":[[[2.14507,41.42692],[2.14458,41.42491]]]}},{"type":"Feature","properties":{"s":"st-carrer-de-la-granja-vella"},"geometry":{"type":"MultiLineString","coordinates":[[[2.15008,41.42643],[2.14853,41.42686],[2.14507,41.42692],[2.14356,41.42737]]]}},{"type":"Feature","properties":{"s":"st-avinguda-del-cardenal-vidal-i-barraquer"},"geometry":{"type":"MultiLineString","coordinates":[[[2.1523,41.43376],[2.15232,41.43318],[2.15142,41.43257],[2.15095,41.4311],[2.15101,41.42986],[2.15109,41.42922],[2.15111,41.42862],[2.15088,41.42805],[2.15044,41.42743],[2.15008,41.42643]]]}},{"type":"Feature","properties":{"s":"st-carrer-del-pare-mariana"},"geometry":{"type":"MultiLineString","coordinates":[[[2.14508,41.43071],[2.14588,41.43049],[2.14629,41.4304],[2.14766,41.4304],[2.15101,41.42986]]]}},{"type":"Feature","properties":{"s":"st-carrer-de-can-travi"},"geometry":{"type":"MultiLineString","coordinates":[[[2.15134,41.43432],[2.15075,41.43274],[2.15008,41.43132]]]}},{"type":"Feature","properties":{"s":"st-carrer-de-l-arquitecte-moragas"},"geometry":{"type":"MultiLineString","coordinates":[[[2.14689,41.43156],[2.14714,41.43206],[2.14782,41.43353],[2.14847,41.43487]]]}},{"type":"Feature","properties":{"s":"st-placa-de-josep-pallach"},"geometry":{"type":"MultiLineString","coordinates":[[[2.14965,41.43303],[2.15025,41.43408]]]}},{"type":"Feature","properties":{"s":"st-placa-de-joan-cornudella"},"geometry":{"type":"MultiLineString","coordinates":[[[2.14848,41.43334],[2.149,41.43386]]]}},{"type":"Feature","properties":{"s":"st-placa-de-cesar-vallejo"},"geometry":{"type":"MultiLineString","coordinates":[[[2.16806,41.43528],[2.16875,41.43511]]]}},{"type":"Feature","properties":{"s":"st-carrer-d-ignasi-agusti"},"geometry":{"type":"MultiLineString","coordinates":[[[2.16724,41.44443],[2.16821,41.44478]]]}},{"type":"Feature","properties":{"s":"st-placa-de-la-pau"},"geometry":{"type":"MultiLineString","coordinates":[[[2.20814,41.42236],[2.20816,41.42311]]]}},{"type":"Feature","properties":{"s":"st-placa-d-isabel-de-villena"},"geometry":{"type":"MultiLineString","coordinates":[[[2.16832,41.4431],[2.16758,41.44296]]]}},{"type":"Feature","properties":{"s":"st-carrer-de-riudaura"},"geometry":{"type":"MultiLineString","coordinates":[[[2.14128,41.36233],[2.14207,41.3614]]]}},{"type":"Feature","properties":{"s":"st-placa-del-llagut"},"geometry":{"type":"MultiLineString","coordinates":[[[2.19023,41.38109],[2.1896,41.38174]]]}},{"type":"Feature","properties":{"s":"st-carrer-del-poliol"},"geometry":{"type":"MultiLineString","coordinates":[[[2.10197,41.40894],[2.10129,41.40831]]]}},{"type":"Feature","properties":{"s":"st-passeig-de-garcia-faria"},"geometry":{"type":"MultiLineString","coordinates":[[[2.20833,41.39931],[2.20929,41.40016],[2.2104,41.40097],[2.21377,41.40352],[2.21833,41.40691],[2.22099,41.40919]]]}},{"type":"Feature","properties":{"s":"st-carrer-de-rubio-i-balaguer"},"geometry":{"type":"MultiLineString","coordinates":[[[2.14848,41.43334],[2.14802,41.43234]]]}},{"type":"Feature","properties":{"s":"st-placa-del-baro-de-viver"},"geometry":{"type":"MultiLineString","coordinates":[[[2.19815,41.44737],[2.20055,41.44818]]]}},{"type":"Feature","properties":{"s":"st-placa-de-ca-n-ensenya"},"geometry":{"type":"MultiLineString","coordinates":[[[2.16879,41.43724],[2.16938,41.43744]]]}},{"type":"Feature","properties":{"s":"st-carrer-de-nulles"},"geometry":{"type":"MultiLineString","coordinates":[[[2.1736,41.42745],[2.17323,41.42655]]]}},{"type":"Feature","properties":{"s":"st-carrer-de-vila-rodona"},"geometry":{"type":"MultiLineString","coordinates":[[[2.17427,41.42625],[2.17543,41.42592]],[[2.17254,41.42674],[2.17363,41.42643]]]}},{"type":"Feature","properties":{"s":"st-avinguda-de-manuel-azana"},"geometry":{"type":"MultiLineString","coordinates":[[[2.11097,41.37727],[2.10977,41.3773]]]}},{"type":"Feature","properties":{"s":"st-carrer-del-general-batet"},"geometry":{"type":"MultiLineString","coordinates":[[[2.10791,41.37998],[2.10977,41.3773]]]}},{"type":"Feature","properties":{"s":"st-passatge-de-sant-joan-de-malta"},"geometry":{"type":"MultiLineString","coordinates":[[[2.19393,41.40767],[2.19649,41.40958]]]}},{"type":"Feature","properties":{"s":"st-placa-d-emili-mira"},"geometry":{"type":"MultiLineString","coordinates":[[[2.13014,41.40961],[2.12997,41.40987],[2.13107,41.41039]]]}},{"type":"Feature","properties":{"s":"st-placa-del-mar"},"geometry":{"type":"MultiLineString","coordinates":[[[2.18935,41.37555],[2.18978,41.37451]]]}},{"type":"Feature","properties":{"s":"st-carrer-del-naranjo-de-bulnes"},"geometry":{"type":"MultiLineString","coordinates":[[[2.11468,41.40069],[2.116,41.40197]]]}},{"type":"Feature","properties":{"s":"st-carrer-del-polvori"},"geometry":{"type":"MultiLineString","coordinates":[[[2.14511,41.36827],[2.14498,41.36512],[2.14392,41.36397]]]}},{"type":"Feature","properties":{"s":"st-placa-de-la-clota"},"geometry":{"type":"MultiLineString","coordinates":[[[2.15087,41.42619],[2.15065,41.42611]],[[2.15065,41.42611],[2.15008,41.42643],[2.14991,41.42577],[2.15065,41.42611]]]}},{"type":"Feature","properties":{"s":"st-placa-de-joan-casanelles"},"geometry":{"type":"MultiLineString","coordinates":[[[2.19174,41.40909],[2.19162,41.40891]],[[2.19148,41.40843],[2.19162,41.40891]],[[2.19187,41.4087],[2.19162,41.40891]]]}},{"type":"Feature","properties":{"s":"st-carrer-de-josep-samitier"},"geometry":{"type":"MultiLineString","coordinates":[[[2.11878,41.38077],[2.1185,41.38243]]]}},{"type":"Feature","properties":{"s":"st-carrer-de-maria-montessori"},"geometry":{"type":"MultiLineString","coordinates":[[[2.15595,41.37141],[2.15528,41.37038]]]}},{"type":"Feature","properties":{"s":"st-placa-del-poble-gitano"},"geometry":{"type":"MultiLineString","coordinates":[[[2.16056,41.40156],[2.16072,41.40166]]]}},{"type":"Feature","properties":{"s":"st-carrer-de-menendez-y-pelayo"},"geometry":{"type":"MultiLineString","coordinates":[[[2.12249,41.38444],[2.12102,41.38403]]]}},{"type":"Feature","properties":{"s":"st-carrer-de-merce-rodoreda"},"geometry":{"type":"MultiLineString","coordinates":[[[2.12262,41.41277],[2.12489,41.41318]]]}},{"type":"Feature","properties":{"s":"st-carrer-de-josep-sunyol-i-garriga"},"geometry":{"type":"MultiLineString","coordinates":[[[2.10947,41.37598],[2.11106,41.37696],[2.11177,41.37689]]]}},{"type":"Feature","properties":{"s":"st-carrer-de-carles-ferrer-salat"},"geometry":{"type":"MultiLineString","coordinates":[[[2.10775,41.38043],[2.10587,41.37916]]]}},{"type":"Feature","properties":{"s":"st-placa-de-clementina-arderiu"},"geometry":{"type":"MultiLineString","coordinates":[[[2.21128,41.42276],[2.21056,41.42296]],[[2.20985,41.42283],[2.21056,41.42296]],[[2.21038,41.42343],[2.21056,41.42296]]]}},{"type":"Feature","properties":{"s":"st-placa-de-les-havaneres"},"geometry":{"type":"MultiLineString","coordinates":[[[2.18277,41.42138],[2.18266,41.4208]]]}},{"type":"Feature","properties":{"s":"st-passatge-del-vapor-vell"},"geometry":{"type":"MultiLineString","coordinates":[[[2.13494,41.37718],[2.13446,41.3767]]]}},{"type":"Feature","properties":{"s":"st-placa-de-la-marina-de-sants"},"geometry":{"type":"MultiLineString","coordinates":[[[2.13988,41.36099],[2.13951,41.36084]]]}},{"type":"Feature","properties":{"s":"st-passatge-de-la-canadenca"},"geometry":{"type":"MultiLineString","coordinates":[[[2.17185,41.37485],[2.17117,41.37348]]]}},{"type":"Feature","properties":{"s":"st-carrer-sense-n-700946-hospitalet"},"geometry":{"type":"MultiLineString","coordinates":[[[2.10161,41.38196],[2.10587,41.37916]]]}},{"type":"Feature","properties":{"s":"st-carrer-de-francesca-bonnemaison"},"geometry":{"type":"MultiLineString","coordinates":[[[2.20531,41.42189],[2.20675,41.42294]]]}},{"type":"Feature","properties":{"s":"st-carrer-de-pere-verges"},"geometry":{"type":"MultiLineString","coordinates":[[[2.20921,41.42258],[2.20894,41.42336]]]}},{"type":"Feature","properties":{"s":"st-carrer-de-l-antartic"},"geometry":{"type":"MultiLineString","coordinates":[[[2.14723,41.32463],[2.14535,41.32164]]]}},{"type":"Feature","properties":{"s":"st-carrer-de-l-artic"},"geometry":{"type":"MultiLineString","coordinates":[[[2.13986,41.32728],[2.13841,41.32493],[2.13738,41.3233],[2.13691,41.32259]]]}},{"type":"Feature","properties":{"s":"st-carrer-de-l-atlantic"},"geometry":{"type":"MultiLineString","coordinates":[[[2.14218,41.32635],[2.14084,41.32411],[2.13945,41.32185]]]}},{"type":"Feature","properties":{"s":"st-carrer-de-l-indic"},"geometry":{"type":"MultiLineString","coordinates":[[[2.14229,41.32177],[2.14321,41.32323],[2.14458,41.32553]]]}},{"type":"Feature","properties":{"s":"st-passatge-de-malacca"},"geometry":{"type":"MultiLineString","coordinates":[[[2.14198,41.32369],[2.14086,41.32181]]]}},{"type":"Feature","properties":{"s":"st-carrer-de-la-mar-groga"},"geometry":{"type":"MultiLineString","coordinates":[[[2.14723,41.32463],[2.14458,41.32553],[2.1434,41.32595],[2.14218,41.32635],[2.13986,41.32728],[2.13668,41.32829]]]}},{"type":"Feature","properties":{"s":"st-carrer-de-la-mar-roja"},"geometry":{"type":"MultiLineString","coordinates":[[[2.13841,41.32493],[2.14084,41.32411],[2.14321,41.32323],[2.14578,41.32235]]]}},{"type":"Feature","properties":{"s":"st-avinguda-dels-ports-d-europa"},"geometry":{"type":"MultiLineString","coordinates":[[[2.13663,41.32209],[2.13945,41.32185],[2.14229,41.32177],[2.14535,41.32164],[2.14824,41.3215],[2.15087,41.32133]],[[2.13691,41.32259],[2.13377,41.32251]]]}},{"type":"Feature","properties":{"s":"st-passatge-de-suez"},"geometry":{"type":"MultiLineString","coordinates":[[[2.14198,41.32369],[2.1434,41.32595]]]}},{"type":"Feature","properties":{"s":"st-carrer-de-gaspar-cassado"},"geometry":{"type":"MultiLineString","coordinates":[[[2.111,41.39587],[2.11184,41.39657],[2.11319,41.40048],[2.11422,41.4013]]]}},{"type":"Feature","properties":{"s":"st-placa-del-doctor-cararach-mauri"},"geometry":{"type":"MultiLineString","coordinates":[[[2.19161,41.42731],[2.19092,41.42729]]]}},{"type":"Feature","properties":{"s":"st-placa-de-montserrat-roca-i-balta"},"geometry":{"type":"MultiLineString","coordinates":[[[2.19309,41.4312],[2.19329,41.43176],[2.19348,41.43125]]]}},{"type":"Feature","properties":{"s":"st-carrer-d-apelles-fenosa"},"geometry":{"type":"MultiLineString","coordinates":[[[2.15836,41.39843],[2.15897,41.39779]]]}},{"type":"Feature","properties":{"s":"st-placa-de-josep-m-poblet"},"geometry":{"type":"MultiLineString","coordinates":[[[2.12962,41.37788],[2.13011,41.37805]]]}},{"type":"Feature","properties":{"s":"st-placa-de-la-modernitat"},"geometry":{"type":"MultiLineString","coordinates":[[[2.19284,41.44607],[2.19279,41.44699]]]}},{"type":"Feature","properties":{"s":"st-placa-de-manuel-torrente"},"geometry":{"type":"MultiLineString","coordinates":[[[2.15721,41.40589],[2.15703,41.40577]]]}},{"type":"Feature","properties":{"s":"st-placa-verda-de-la-prosperitat"},"geometry":{"type":"MultiLineString","coordinates":[[[2.18377,41.44206],[2.18317,41.44141]]]}},{"type":"Feature","properties":{"s":"st-escales-del-matagalls"},"geometry":{"type":"MultiLineString","coordinates":[[[2.16596,41.43052],[2.16606,41.43108]]]}},{"type":"Feature","properties":{"s":"st-escales-d-erta"},"geometry":{"type":"MultiLineString","coordinates":[[[2.16504,41.43072],[2.16512,41.43125]]]}},{"type":"Feature","properties":{"s":"st-passatge-de-granollers"},"geometry":{"type":"MultiLineString","coordinates":[[[2.15901,41.42678],[2.1594,41.42665]]]}},{"type":"Feature","properties":{"s":"st-carrer-de-can-falgas"},"geometry":{"type":"MultiLineString","coordinates":[[[2.10577,41.39108],[2.10584,41.39074],[2.10515,41.3895]]]}},{"type":"Feature","properties":{"s":"st-carrer-de-george-r-collins"},"geometry":{"type":"MultiLineString","coordinates":[[[2.11958,41.3896],[2.11857,41.38918]]]}},{"type":"Feature","properties":{"s":"st-carrer-del-sauc"},"geometry":{"type":"MultiLineString","coordinates":[[[2.10729,41.40255],[2.10758,41.40198],[2.10663,41.40179],[2.10648,41.40208]]]}},{"type":"Feature","properties":{"s":"st-placa-d-artur-martorell"},"geometry":{"type":"MultiLineString","coordinates":[[[2.20763,41.42013],[2.20836,41.42055]]]}},{"type":"Feature","properties":{"s":"st-placa-de-manuel-ainaud"},"geometry":{"type":"MultiLineString","coordinates":[[[2.21049,41.42194],[2.20869,41.4212]]]}},{"type":"Feature","properties":{"s":"st-carrer-de-josep-estalella"},"geometry":{"type":"MultiLineString","coordinates":[[[2.2084,41.42143],[2.20814,41.42236]]]}},{"type":"Feature","properties":{"s":"st-placa-de-fernando-de-los-rios"},"geometry":{"type":"MultiLineString","coordinates":[[[2.20934,41.42486],[2.20754,41.42358],[2.20934,41.42486]]]}},{"type":"Feature","properties":{"s":"st-carrer-d-angels-garriga"},"geometry":{"type":"MultiLineString","coordinates":[[[2.20964,41.42251],[2.20926,41.4236]]]}},{"type":"Feature","properties":{"s":"st-carrer-de-felix-marti-alpera"},"geometry":{"type":"MultiLineString","coordinates":[[[2.21,41.42243],[2.20952,41.42379]]]}},{"type":"Feature","properties":{"s":"st-placa-de-nou-barris"},"geometry":{"type":"MultiLineString","coordinates":[[[2.18589,41.44527],[2.18524,41.4454]]]}},{"type":"Feature","properties":{"s":"st-carrer-de-cordelles"},"geometry":{"type":"MultiLineString","coordinates":[[[2.19747,41.43259],[2.19806,41.43416],[2.19789,41.43543]]]}},{"type":"Feature","properties":{"s":"st-carrer-de-vila-arrufat"},"geometry":{"type":"MultiLineString","coordinates":[[[2.13315,41.3982],[2.13494,41.39833]]]}},{"type":"Feature","properties":{"s":"st-placa-de-george-orwell"},"geometry":{"type":"MultiLineString","coordinates":[[[2.17714,41.3807],[2.17773,41.38047]]]}},{"type":"Feature","properties":{"s":"st-passatge-mare-de-deu-de-l-estrella"},"geometry":{"type":"MultiLineString","coordinates":[[[2.11577,41.40835],[2.11604,41.40953]]]}},{"type":"Feature","properties":{"s":"st-carrer-de-pau-romeva"},"geometry":{"type":"MultiLineString","coordinates":[[[2.13655,41.39064],[2.13763,41.38952]]]}},{"type":"Feature","properties":{"s":"st-placa-de-marti-llaurado"},"geometry":{"type":"MultiLineString","coordinates":[[[2.13104,41.39444],[2.13111,41.39488]]]}},{"type":"Feature","properties":{"s":"st-placa-de-jacint-reventos"},"geometry":{"type":"MultiLineString","coordinates":[[[2.18066,41.38362],[2.18077,41.38341]]]}},{"type":"Feature","properties":{"s":"st-placa-de-l-estatut"},"geometry":{"type":"MultiLineString","coordinates":[[[2.15703,41.42901],[2.1564,41.42982]],[[2.1564,41.42982],[2.15561,41.43015],[2.15581,41.43055],[2.15658,41.43026],[2.15668,41.43003],[2.1564,41.42982]]]}},{"type":"Feature","properties":{"s":"st-placa-de-conxita-badia"},"geometry":{"type":"MultiLineString","coordinates":[[[2.20571,41.42218],[2.20648,41.42159]]]}},{"type":"Feature","properties":{"s":"st-placa-de-blanquerna"},"geometry":{"type":"MultiLineString","coordinates":[[[2.17365,41.37499],[2.17449,41.37508]]]}},{"type":"Feature","properties":{"s":"st-placa-d-alfonso-comin"},"geometry":{"type":"MultiLineString","coordinates":[[[2.13854,41.41455],[2.13812,41.41533],[2.13738,41.41597],[2.13627,41.41599],[2.13627,41.41511],[2.13782,41.41408],[2.13854,41.41455]]]}},{"type":"Feature","properties":{"s":"st-carrer-de-budapest"},"geometry":{"type":"MultiLineString","coordinates":[[[2.16609,41.41669],[2.16716,41.41734],[2.16792,41.41828],[2.16845,41.41884]]]}},{"type":"Feature","properties":{"s":"st-passatge-de-casa-llarga"},"geometry":{"type":"MultiLineString","coordinates":[[[2.20148,41.42563],[2.20204,41.42606]]]}},{"type":"Feature","properties":{"s":"st-placa-de-pere-falques"},"geometry":{"type":"MultiLineString","coordinates":[[[2.19545,41.43],[2.19541,41.42991],[2.19593,41.42988]]]}},{"type":"Feature","properties":{"s":"st-placa-de-julio-gonzalez"},"geometry":{"type":"MultiLineString","coordinates":[[[2.20557,41.40186],[2.20759,41.40141]]]}},{"type":"Feature","properties":{"s":"st-passatge-d-amadeu-bagues"},"geometry":{"type":"MultiLineString","coordinates":[[[2.17281,41.38169],[2.17341,41.38183]]]}},{"type":"Feature","properties":{"s":"st-placeta-de-rafaela-serrano"},"geometry":{"type":"MultiLineString","coordinates":[[[2.17695,41.43174],[2.17739,41.43172]]]}},{"type":"Feature","properties":{"s":"st-cami-de-les-quatre-estacions"},"geometry":{"type":"MultiLineString","coordinates":[[[2.18428,41.45449],[2.18013,41.45012]]]}},{"type":"Feature","properties":{"s":"st-carrer-sense-nom-pg-santa-coloma-nus-trinitat"},"geometry":{"type":"MultiLineString","coordinates":[[[2.19414,41.44652],[2.19475,41.4476]]]}},{"type":"Feature","properties":{"s":"st-placa-de-mossen-joan-cortinas"},"geometry":{"type":"MultiLineString","coordinates":[[[2.20592,41.43409],[2.20692,41.43335]]]}},{"type":"Feature","properties":{"s":"st-placa-d-alvaro-cunqueiro"},"geometry":{"type":"MultiLineString","coordinates":[[[2.16938,41.42852],[2.16915,41.42798]]]}},{"type":"Feature","properties":{"s":"st-placa-de-sant-galdric"},"geometry":{"type":"MultiLineString","coordinates":[[[2.17127,41.38227],[2.17146,41.38203]]]}},{"type":"Feature","properties":{"s":"st-placa-de-l-olivereta"},"geometry":{"type":"MultiLineString","coordinates":[[[2.12854,41.37214],[2.12907,41.3725]]]}},{"type":"Feature","properties":{"s":"st-carrer-de-joan-sales"},"geometry":{"type":"MultiLineString","coordinates":[[[2.14172,41.43322],[2.14373,41.4327],[2.14383,41.43208]]]}},{"type":"Feature","properties":{"s":"st-carrer-d-albert-einstein"},"geometry":{"type":"MultiLineString","coordinates":[[[2.16915,41.43602],[2.17079,41.43589]]]}},{"type":"Feature","properties":{"s":"st-carrer-de-marie-curie"},"geometry":{"type":"MultiLineString","coordinates":[[[2.171,41.43759],[2.16879,41.43724],[2.16654,41.43747]],[[2.16789,41.43771],[2.16687,41.43781]]]}},{"type":"Feature","properties":{"s":"st-placa-de-merce-capsir"},"geometry":{"type":"MultiLineString","coordinates":[[[2.19673,41.41469],[2.19667,41.41531]]]}},{"type":"Feature","properties":{"s":"st-placa-de-joaquim-xirau-i-palau"},"geometry":{"type":"MultiLineString","coordinates":[[[2.17678,41.37876],[2.17695,41.37861],[2.17632,41.37844],[2.17678,41.37876]]]}},{"type":"Feature","properties":{"s":"st-placa-del-taxi"},"geometry":{"type":"MultiLineString","coordinates":[[[2.18045,41.41579],[2.18077,41.4163]]]}},{"type":"Feature","properties":{"s":"st-carrer-de-luz-casanova"},"geometry":{"type":"MultiLineString","coordinates":[[[2.17583,41.44435],[2.17466,41.44368]]]}},{"type":"Feature","properties":{"s":"st-placa-de-miguel-de-unamuno"},"geometry":{"type":"MultiLineString","coordinates":[[[2.16981,41.44373],[2.16872,41.44312]]]}},{"type":"Feature","properties":{"s":"st-placa-de-josep-puig-i-esteve"},"geometry":{"type":"MultiLineString","coordinates":[[[2.1201,41.39538],[2.11978,41.3953]]]}},{"type":"Feature","properties":{"s":"st-placa-constellacions"},"geometry":{"type":"MultiLineString","coordinates":[[[2.19144,41.40507],[2.19107,41.40533]]]}},{"type":"Feature","properties":{"s":"st-carrer-de-greenwich"},"geometry":{"type":"MultiLineString","coordinates":[[[2.19021,41.4047],[2.19051,41.40492]]]}},{"type":"Feature","properties":{"s":"st-placa-de-monterrey"},"geometry":{"type":"MultiLineString","coordinates":[[[2.20583,41.44349],[2.20611,41.44351]]]}},{"type":"Feature","properties":{"s":"st-placa-de-l-ossa-menor"},"geometry":{"type":"MultiLineString","coordinates":[[[2.19144,41.40507],[2.19173,41.40509]]]}},{"type":"Feature","properties":{"s":"st-carrer-dels-solsticis"},"geometry":{"type":"MultiLineString","coordinates":[[[2.19079,41.40554],[2.19144,41.40507],[2.19191,41.40469]]]}},{"type":"Feature","properties":{"s":"st-placa-de-pere-coromines"},"geometry":{"type":"MultiLineString","coordinates":[[[2.1716,41.3772],[2.17176,41.37736]]]}},{"type":"Feature","properties":{"s":"st-placa-de-mossen-ferran-palau"},"geometry":{"type":"MultiLineString","coordinates":[[[2.14456,41.43387],[2.14419,41.43319]]]}},{"type":"Feature","properties":{"s":"st-placa-de-josep-obiols"},"geometry":{"type":"MultiLineString","coordinates":[[[2.1251,41.39603],[2.12515,41.39606]]]}},{"type":"Feature","properties":{"s":"st-placa-de-l-ictineo"},"geometry":{"type":"MultiLineString","coordinates":[[[2.18418,41.37853],[2.18341,41.37767]]]}},{"type":"Feature","properties":{"s":"st-passeig-d-itaca"},"geometry":{"type":"MultiLineString","coordinates":[[[2.18341,41.37767],[2.18264,41.37613]]]}},{"type":"Feature","properties":{"s":"st-placa-de-l-odissea"},"geometry":{"type":"MultiLineString","coordinates":[[[2.18393,41.37555],[2.18264,41.37613]]]}},{"type":"Feature","properties":{"s":"st-cami-de-la-torre-de-sansalvador"},"geometry":{"type":"MultiLineString","coordinates":[[[2.10562,41.41187],[2.10541,41.41024]]]}},{"type":"Feature","properties":{"s":"st-passatge-dels-dardanels"},"geometry":{"type":"MultiLineString","coordinates":[[[2.14835,41.32412],[2.14681,41.32157]]]}},{"type":"Feature","properties":{"s":"st-passatge-d-aral"},"geometry":{"type":"MultiLineString","coordinates":[[[2.14951,41.32371],[2.14824,41.3215]]]}},{"type":"Feature","properties":{"s":"st-carrer-de-l-avancada"},"geometry":{"type":"MultiLineString","coordinates":[[[2.20866,41.43666],[2.21018,41.43337]]]}},{"type":"Feature","properties":{"s":"st-carrer-de-josep-ferrater-i-mora"},"geometry":{"type":"MultiLineString","coordinates":[[[2.21145,41.40359],[2.21265,41.40268]],[[2.21106,41.40384],[2.21007,41.40442]]]}},{"type":"Feature","properties":{"s":"st-placa-de-frederic-mares"},"geometry":{"type":"MultiLineString","coordinates":[[[2.17475,41.38382],[2.17498,41.38368]]]}},{"type":"Feature","properties":{"s":"st-placa-de-pieyre-de-mandiargues"},"geometry":{"type":"MultiLineString","coordinates":[[[2.17192,41.37753],[2.17205,41.37768]]]}},{"type":"Feature","properties":{"s":"st-carrer-de-robert-robert"},"geometry":{"type":"MultiLineString","coordinates":[[[2.17713,41.44455],[2.17586,41.44364]]]}},{"type":"Feature","properties":{"s":"st-placa-de-portocristo"},"geometry":{"type":"MultiLineString","coordinates":[[[2.1737,41.4365],[2.17401,41.43695]]]}},{"type":"Feature","properties":{"s":"st-carrer-de-maria-aurelia-capmany"},"geometry":{"type":"MultiLineString","coordinates":[[[2.16807,41.37976],[2.16731,41.38041]]]}},{"type":"Feature","properties":{"s":"st-placa-de-les-roquetes"},"geometry":{"type":"MultiLineString","coordinates":[[[2.17588,41.44832],[2.17683,41.44835]]]}},{"type":"Feature","properties":{"s":"st-placa-de-josep-rovira"},"geometry":{"type":"MultiLineString","coordinates":[[[2.19412,41.41072],[2.19417,41.41036]]]}},{"type":"Feature","properties":{"s":"st-placa-de-gabriela-mistral"},"geometry":{"type":"MultiLineString","coordinates":[[[2.19279,41.40984],[2.19334,41.41013]]]}},{"type":"Feature","properties":{"s":"st-pas-de-l-institut-escola"},"geometry":{"type":"MultiLineString","coordinates":[[[2.18758,41.38741],[2.18687,41.38708]]]}},{"type":"Feature","properties":{"s":"st-carrer-de-josep-pijoan"},"geometry":{"type":"MultiLineString","coordinates":[[[2.17678,41.37876],[2.17722,41.37907]]]}},{"type":"Feature","properties":{"s":"st-carrer-de-duoda"},"geometry":{"type":"MultiLineString","coordinates":[[[2.2066,41.42007],[2.20465,41.42154]]]}},{"type":"Feature","properties":{"s":"st-placa-de-victoria-kent"},"geometry":{"type":"MultiLineString","coordinates":[[[2.19581,41.4137],[2.19559,41.41387],[2.19529,41.41367]]]}},{"type":"Feature","properties":{"s":"st-placa-de-joaquin-maurin"},"geometry":{"type":"MultiLineString","coordinates":[[[2.1985,41.42079],[2.19782,41.42132]]]}},{"type":"Feature","properties":{"s":"st-placa-de-maria-antonia-salva"},"geometry":{"type":"MultiLineString","coordinates":[[[2.1964,41.41585],[2.19689,41.41563]]]}},{"type":"Feature","properties":{"s":"st-placa-de-mossen-miquel-vall-i-mundo"},"geometry":{"type":"MultiLineString","coordinates":[[[2.10979,41.40336],[2.10969,41.40352]]]}},{"type":"Feature","properties":{"s":"st-passatge-del-llobregat"},"geometry":{"type":"MultiLineString","coordinates":[[[2.14101,41.36434],[2.14019,41.36432]]]}},{"type":"Feature","properties":{"s":"st-placa-de-jean-genet"},"geometry":{"type":"MultiLineString","coordinates":[[[2.17353,41.3766],[2.17412,41.37649]]]}},{"type":"Feature","properties":{"s":"st-placa-de-la-vidriera"},"geometry":{"type":"MultiLineString","coordinates":[[[2.14153,41.3728],[2.14103,41.37248]]]}},{"type":"Feature","properties":{"s":"st-placa-de-pere-figuera-i-serra"},"geometry":{"type":"MultiLineString","coordinates":[[[2.12302,41.39931],[2.12288,41.39945]]]}},{"type":"Feature","properties":{"s":"st-placa-de-madrona-prat"},"geometry":{"type":"MultiLineString","coordinates":[[[2.13566,41.42734],[2.1353,41.42717]]]}},{"type":"Feature","properties":{"s":"st-cami-del-turo-del-puig"},"geometry":{"type":"MultiLineString","coordinates":[[[2.11417,41.42811],[2.10942,41.42862]]]}},{"type":"Feature","properties":{"s":"st-placa-de-jaume-sabartes"},"geometry":{"type":"MultiLineString","coordinates":[[[2.18166,41.38566],[2.18111,41.38553]]]}},{"type":"Feature","properties":{"s":"st-placa-d-hilari-salvado"},"geometry":{"type":"MultiLineString","coordinates":[[[2.19156,41.37962],[2.1917,41.37925]],[[2.19143,41.37898],[2.19177,41.37906]]]}},{"type":"Feature","properties":{"s":"st-passeig-del-taulat"},"geometry":{"type":"MultiLineString","coordinates":[[[2.20687,41.4004],[2.21,41.40296],[2.21106,41.40384],[2.2119,41.4045],[2.2133,41.40564]],[[2.21372,41.40529],[2.2081,41.40105],[2.20705,41.40028]],[[2.21349,41.40548],[2.21654,41.40829],[2.21753,41.40936],[2.21892,41.41082],[2.21931,41.41133]]]}},{"type":"Feature","properties":{"s":"st-placa-de-ramon-calsina"},"geometry":{"type":"MultiLineString","coordinates":[[[2.21245,41.40544],[2.21223,41.40644]]]}},{"type":"Feature","properties":{"s":"st-placa-de-llevant"},"geometry":{"type":"MultiLineString","coordinates":[[[2.21931,41.41133],[2.21895,41.41159]]]}},{"type":"Feature","properties":{"s":"st-passeig-de-l-havana"},"geometry":{"type":"MultiLineString","coordinates":[[[2.20038,41.43921],[2.19792,41.43794],[2.1964,41.43725],[2.19585,41.43551]]]}},{"type":"Feature","properties":{"s":"st-placa-de-les-treballadores-i-treballadors-de-la-harry-walker"},"geometry":{"type":"MultiLineString","coordinates":[[[2.18174,41.43926],[2.18104,41.43988]]]}},{"type":"Feature","properties":{"s":"st-passatge-de-mocambic"},"geometry":{"type":"MultiLineString","coordinates":[[[2.13377,41.32251],[2.13436,41.32342]]]}},{"type":"Feature","properties":{"s":"st-passatge-de-yucatan"},"geometry":{"type":"MultiLineString","coordinates":[[[2.13738,41.3233],[2.13438,41.32438]]]}},{"type":"Feature","properties":{"s":"st-passatge-de-la-martinica"},"geometry":{"type":"MultiLineString","coordinates":[[[2.13853,41.3228],[2.13958,41.32453]]]}},{"type":"Feature","properties":{"s":"st-cami-antic-de-sant-llatzer"},"geometry":{"type":"MultiLineString","coordinates":[[[2.15937,41.44112],[2.16154,41.43992]]]}},{"type":"Feature","properties":{"s":"st-placa-de-botticelli"},"geometry":{"type":"MultiLineString","coordinates":[[[2.1523,41.43376],[2.15232,41.43318],[2.15287,41.43382],[2.1523,41.43376]]]}},{"type":"Feature","properties":{"s":"st-pas-d-isadora-duncan"},"geometry":{"type":"MultiLineString","coordinates":[[[2.14421,41.42878],[2.1486,41.429]]]}},{"type":"Feature","properties":{"s":"st-placa-de-la-mitja-lluna"},"geometry":{"type":"MultiLineString","coordinates":[[[2.16531,41.42012],[2.16513,41.42017]]]}},{"type":"Feature","properties":{"s":"st-placa-de-can-galta-cremat"},"geometry":{"type":"MultiLineString","coordinates":[[[2.18743,41.44096],[2.18705,41.44031]]]}},{"type":"Feature","properties":{"s":"st-placa-de-josep-andreu-i-abello"},"geometry":{"type":"MultiLineString","coordinates":[[[2.19038,41.44869],[2.19052,41.44693]]]}},{"type":"Feature","properties":{"s":"st-placa-de-can-fabra"},"geometry":{"type":"MultiLineString","coordinates":[[[2.19041,41.43482],[2.19078,41.43485]]]}},{"type":"Feature","properties":{"s":"st-carrer-de-sao-paulo"},"geometry":{"type":"MultiLineString","coordinates":[[[2.20038,41.43921],[2.19961,41.43911],[2.19548,41.43868]]]}},{"type":"Feature","properties":{"s":"st-carrer-de-joan-comorera"},"geometry":{"type":"MultiLineString","coordinates":[[[2.19213,41.43854],[2.19326,41.43858],[2.19386,41.43856]]]}},{"type":"Feature","properties":{"s":"st-carrer-d-estefania-de-requesens"},"geometry":{"type":"MultiLineString","coordinates":[[[2.19206,41.43992],[2.19316,41.43995]]]}},{"type":"Feature","properties":{"s":"st-rambla-de-fabra-i-puig"},"geometry":{"type":"MultiLineString","coordinates":[[[2.18974,41.43009],[2.18909,41.43009],[2.188,41.43012],[2.18461,41.43017]]]}},{"type":"Feature","properties":{"s":"st-carrer-de-ferran-turne"},"geometry":{"type":"MultiLineString","coordinates":[[[2.1917,41.42509],[2.19327,41.42468]]]}},{"type":"Feature","properties":{"s":"st-placa-de-kobe"},"geometry":{"type":"MultiLineString","coordinates":[[[2.19354,41.42605],[2.19308,41.4254],[2.19272,41.42482]]]}},{"type":"Feature","properties":{"s":"st-placa-de-les-sibilles"},"geometry":{"type":"MultiLineString","coordinates":[[[2.14917,41.43203],[2.14802,41.43234]]]}},{"type":"Feature","properties":{"s":"st-carrer-de-fernando-pessoa"},"geometry":{"type":"MultiLineString","coordinates":[[[2.19284,41.44607],[2.19287,41.44421],[2.19302,41.44227],[2.19309,41.44095],[2.19326,41.43858],[2.19335,41.43773]]]}},{"type":"Feature","properties":{"s":"st-carrer-dels-tarongers"},"geometry":{"type":"MultiLineString","coordinates":[[[2.16409,41.36857],[2.16362,41.36895],[2.16426,41.36895],[2.16409,41.36857]],[[2.16409,41.36857],[2.16551,41.36676],[2.16407,41.36662]],[[2.16407,41.36662],[2.16786,41.36673],[2.16629,41.36539],[2.16407,41.36662]]]}},{"type":"Feature","properties":{"s":"st-passatge-d-elena-girol"},"geometry":{"type":"MultiLineString","coordinates":[[[2.13566,41.3815],[2.13491,41.38123]]]}},{"type":"Feature","properties":{"s":"st-carrer-d-antoni-gilabert-i-bonet"},"geometry":{"type":"MultiLineString","coordinates":[[[2.17583,41.44435],[2.17646,41.44487]]]}},{"type":"Feature","properties":{"s":"st-carrer-de-jaume-brossa"},"geometry":{"type":"MultiLineString","coordinates":[[[2.20354,41.42922],[2.20194,41.42986],[2.20111,41.43007],[2.19988,41.43016],[2.19712,41.42847]]]}},{"type":"Feature","properties":{"s":"st-placa-de-les-drassanes"},"geometry":{"type":"MultiLineString","coordinates":[[[2.17665,41.37443],[2.17574,41.37433],[2.17573,41.37338]]]}},{"type":"Feature","properties":{"s":"st-carrer-longitudinal-11"},"geometry":{"type":"MultiLineString","coordinates":[[[2.12317,41.33093],[2.11956,41.32499]]]}},{"type":"Feature","properties":{"s":"st-carrer-de-gaziel"},"geometry":{"type":"MultiLineString","coordinates":[[[2.12045,41.4071],[2.12125,41.40757],[2.12205,41.40791],[2.12224,41.40809],[2.12299,41.41091],[2.12178,41.41179]]]}},{"type":"Feature","properties":{"s":"st-carrer-de-josep-m-llado"},"geometry":{"type":"MultiLineString","coordinates":[[[2.12578,41.41034],[2.12366,41.41158]]]}},{"type":"Feature","properties":{"s":"st-carrer-de-la-barcelonesa"},"geometry":{"type":"MultiLineString","coordinates":[[[2.1964,41.43725],[2.19508,41.43752]]]}},{"type":"Feature","properties":{"s":"st-carrer-de-merida"},"geometry":{"type":"MultiLineString","coordinates":[[[2.1972,41.43886],[2.19792,41.43794]]]}},{"type":"Feature","properties":{"s":"st-passeig-de-potosi"},"geometry":{"type":"MultiLineString","coordinates":[[[2.19973,41.44281],[2.1968,41.44258]]]}},{"type":"Feature","properties":{"s":"st-carrer-de-la-campana-de-la-maquinista"},"geometry":{"type":"MultiLineString","coordinates":[[[2.19961,41.43911],[2.19949,41.43992],[2.19898,41.44275]]]}},{"type":"Feature","properties":{"s":"st-passatge-de-posoltega"},"geometry":{"type":"MultiLineString","coordinates":[[[2.1964,41.43725],[2.19684,41.43882]]]}},{"type":"Feature","properties":{"s":"st-carrer-dels-trens-de-la-maquinista"},"geometry":{"type":"MultiLineString","coordinates":[[[2.19737,41.43971],[2.19776,41.44123],[2.19771,41.44265]]]}},{"type":"Feature","properties":{"s":"st-carrer-de-les-naus-de-la-maquinista"},"geometry":{"type":"MultiLineString","coordinates":[[[2.19737,41.43971],[2.1984,41.43981],[2.19949,41.43992]]]}},{"type":"Feature","properties":{"s":"st-carrer-dels-ponts-de-la-maquinista"},"geometry":{"type":"MultiLineString","coordinates":[[[2.1984,41.43981],[2.19776,41.44123]]]}},{"type":"Feature","properties":{"s":"st-carrer-de-pere-terre-i-domenech"},"geometry":{"type":"MultiLineString","coordinates":[[[2.19169,41.42581],[2.19308,41.4254],[2.19374,41.42524]]]}},{"type":"Feature","properties":{"s":"st-rambla-del-raval"},"geometry":{"type":"MultiLineString","coordinates":[[[2.16807,41.37976],[2.16875,41.37917],[2.16943,41.37862],[2.16961,41.37845],[2.17055,41.37771]]]}},{"type":"Feature","properties":{"s":"st-carrer-de-saturnino-calleja"},"geometry":{"type":"MultiLineString","coordinates":[[[2.14338,41.42363],[2.14335,41.42402]]]}},{"type":"Feature","properties":{"s":"st-carrer-de-la-republica-dominicana"},"geometry":{"type":"MultiLineString","coordinates":[[[2.1968,41.44258],[2.19684,41.43882]]]}},{"type":"Feature","properties":{"s":"st-placa-d-ovidi-montllor"},"geometry":{"type":"MultiLineString","coordinates":[[[2.15684,41.37214],[2.15673,41.37163]]]}},{"type":"Feature","properties":{"s":"st-placa-de-les-matematiques"},"geometry":{"type":"MultiLineString","coordinates":[[[2.1389,41.36508],[2.1396,41.36587]]]}},{"type":"Feature","properties":{"s":"st-avinguda-del-carrilet"},"geometry":{"type":"MultiLineString","coordinates":[[[2.13283,41.36552],[2.13471,41.36608],[2.13537,41.36635],[2.13691,41.36679]],[[2.13545,41.36601],[2.1366,41.36635]]]}},{"type":"Feature","properties":{"s":"st-carrer-numero-29"},"geometry":{"type":"MultiLineString","coordinates":[[[2.12742,41.33717],[2.12523,41.33793],[2.1221,41.33939]]]}},{"type":"Feature","properties":{"s":"st-carrer-numero-28"},"geometry":{"type":"MultiLineString","coordinates":[[[2.12577,41.33882],[2.123,41.33982]]]}},{"type":"Feature","properties":{"s":"st-carrer-numero-27"},"geometry":{"type":"MultiLineString","coordinates":[[[2.1286,41.33897],[2.12635,41.33973],[2.12437,41.34043]]]}},{"type":"Feature","properties":{"s":"st-avinguda-numero-1"},"geometry":{"type":"MultiLineString","coordinates":[[[2.12523,41.33793],[2.12635,41.33973],[2.12778,41.34141]]]}},{"type":"Feature","properties":{"s":"st-avinguda-numero-2"},"geometry":{"type":"MultiLineString","coordinates":[[[2.12875,41.34105],[2.12768,41.33929]]]}},{"type":"Feature","properties":{"s":"st-avinguda-numero-3"},"geometry":{"type":"MultiLineString","coordinates":[[[2.12742,41.33717],[2.12973,41.34072],[2.13098,41.34268]]]}},{"type":"Feature","properties":{"s":"st-carrer-de-pau-sabater"},"geometry":{"type":"MultiLineString","coordinates":[[[2.17923,41.46007],[2.17844,41.45942],[2.17818,41.45893]]]}},{"type":"Feature","properties":{"s":"st-carrer-de-jane-addams"},"geometry":{"type":"MultiLineString","coordinates":[[[2.13717,41.3599],[2.1367,41.36037],[2.13627,41.36077],[2.13594,41.36121],[2.13543,41.36228]]]}},{"type":"Feature","properties":{"s":"st-carrer-de-gernika"},"geometry":{"type":"MultiLineString","coordinates":[[[2.1367,41.36037],[2.13532,41.35979]]]}},{"type":"Feature","properties":{"s":"st-carrer-de-soweto"},"geometry":{"type":"MultiLineString","coordinates":[[[2.13627,41.36077],[2.135,41.36023]]]}},{"type":"Feature","properties":{"s":"st-carrer-de-francesc-boix-i-campo"},"geometry":{"type":"MultiLineString","coordinates":[[[2.13594,41.36121],[2.13468,41.3607]]]}},{"type":"Feature","properties":{"s":"st-carrer-numero-21"},"geometry":{"type":"MultiLineString","coordinates":[[[2.13507,41.3439],[2.13847,41.34268]]]}},{"type":"Feature","properties":{"s":"st-carrer-numero-22"},"geometry":{"type":"MultiLineString","coordinates":[[[2.1333,41.34356],[2.13457,41.34313],[2.13802,41.34199]]]}},{"type":"Feature","properties":{"s":"st-carrer-numero-24"},"geometry":{"type":"MultiLineString","coordinates":[[[2.13098,41.34268],[2.13366,41.34176]]]}},{"type":"Feature","properties":{"s":"st-carrer-numero-25"},"geometry":{"type":"MultiLineString","coordinates":[[[2.12778,41.34141],[2.12875,41.34105],[2.13103,41.34027]]]}},{"type":"Feature","properties":{"s":"st-avinguda-numero-4"},"geometry":{"type":"MultiLineString","coordinates":[[[2.1333,41.34356],[2.13239,41.3422],[2.13103,41.34027],[2.13002,41.33862]]]}},{"type":"Feature","properties":{"s":"st-avinguda-numero-5"},"geometry":{"type":"MultiLineString","coordinates":[[[2.13366,41.34176],[2.13507,41.3439]]]}},{"type":"Feature","properties":{"s":"st-carretera-antiga-de-montjuic"},"geometry":{"type":"MultiLineString","coordinates":[[[2.17153,41.37117],[2.16932,41.37156]]]}},{"type":"Feature","properties":{"s":"st-placa-de-sarah-bernhardt"},"geometry":{"type":"MultiLineString","coordinates":[[[2.13941,41.36773],[2.14013,41.36726]]]}},{"type":"Feature","properties":{"s":"st-avinguda-numero-6"},"geometry":{"type":"MultiLineString","coordinates":[[[2.13753,41.34119],[2.13802,41.34199],[2.13847,41.34268]]]}},{"type":"Feature","properties":{"s":"st-carrer-numero-23"},"geometry":{"type":"MultiLineString","coordinates":[[[2.13407,41.34239],[2.13753,41.34119]]]}},{"type":"Feature","properties":{"s":"st-carrer-s-n-ctra-vallvi-barna"},"geometry":{"type":"MultiLineString","coordinates":[[[2.12096,41.41888],[2.12064,41.41805]]]}},{"type":"Feature","properties":{"s":"st-escales-de-montclar"},"geometry":{"type":"MultiLineString","coordinates":[[[2.1125,41.40916],[2.11311,41.40919]]]}},{"type":"Feature","properties":{"s":"st-carrer-de-l-enginyeria"},"geometry":{"type":"MultiLineString","coordinates":[[[2.13421,41.41627],[2.1341,41.41667],[2.13054,41.41828]]]}},{"type":"Feature","properties":{"s":"st-placa-de-raimon-noguera"},"geometry":{"type":"MultiLineString","coordinates":[[[2.18197,41.38545],[2.18178,41.38534]]]}},{"type":"Feature","properties":{"s":"st-avinguda-del-parc-logistic"},"geometry":{"type":"MultiLineString","coordinates":[[[2.12437,41.34043],[2.123,41.33982],[2.1221,41.33939]]]}},{"type":"Feature","properties":{"s":"st-passatge-de-ricard-zamora"},"geometry":{"type":"MultiLineString","coordinates":[[[2.13261,41.39218],[2.13441,41.39319]]]}},{"type":"Feature","properties":{"s":"st-carrer-de-francesc-de-borja-moll"},"geometry":{"type":"MultiLineString","coordinates":[[[2.21861,41.41341],[2.21919,41.41293],[2.22011,41.41226]]]}},{"type":"Feature","properties":{"s":"st-carrer-d-anais-nin"},"geometry":{"type":"MultiLineString","coordinates":[[[2.21928,41.41392],[2.21985,41.41341],[2.22064,41.41283]]]}},{"type":"Feature","properties":{"s":"st-carrer-de-josep-narcis-roca"},"geometry":{"type":"MultiLineString","coordinates":[[[2.21974,41.41252],[2.2204,41.41301],[2.22127,41.41356]]]}},{"type":"Feature","properties":{"s":"st-carrer-de-pierre-vilar"},"geometry":{"type":"MultiLineString","coordinates":[[[2.21919,41.41293],[2.22061,41.41398]]]}},{"type":"Feature","properties":{"s":"st-carrer-longitudinal-1"},"geometry":{"type":"MultiLineString","coordinates":[[[2.11672,41.33095],[2.11788,41.33279]],[[2.11649,41.33028],[2.11543,41.32856]],[[2.11752,41.3329],[2.11849,41.33444]]]}},{"type":"Feature","properties":{"s":"st-carrer-longitudinal-2"},"geometry":{"type":"MultiLineString","coordinates":[[[2.11413,41.33029],[2.11324,41.32886]]]}},{"type":"Feature","properties":{"s":"st-carrer-longitudinal-3"},"geometry":{"type":"MultiLineString","coordinates":[[[2.11761,41.33066],[2.11873,41.33249]],[[2.11761,41.32985],[2.11654,41.32817]]]}},{"type":"Feature","properties":{"s":"st-carrer-longitudinal-4"},"geometry":{"type":"MultiLineString","coordinates":[[[2.11345,41.33051],[2.11424,41.33185]]]}},{"type":"Feature","properties":{"s":"st-carrer-longitudinal-8"},"geometry":{"type":"MultiLineString","coordinates":[[[2.11164,41.32983],[2.11316,41.33227],[2.11379,41.3333]]]}},{"type":"Feature","properties":{"s":"st-carrer-longitudinal-9"},"geometry":{"type":"MultiLineString","coordinates":[[[2.12231,41.33122],[2.12119,41.32947],[2.12073,41.32872],[2.1197,41.32711],[2.11845,41.32506]]]}},{"type":"Feature","properties":{"s":"st-carrer-transversal-1"},"geometry":{"type":"MultiLineString","coordinates":[[[2.1173,41.33427],[2.11819,41.33396]]]}},{"type":"Feature","properties":{"s":"st-carrer-transversal-2"},"geometry":{"type":"MultiLineString","coordinates":[[[2.11398,41.33543],[2.1173,41.33427]]]}},{"type":"Feature","properties":{"s":"st-carrer-transversal-4"},"geometry":{"type":"MultiLineString","coordinates":[[[2.11524,41.33354],[2.11321,41.33427]]]}},{"type":"Feature","properties":{"s":"st-carrer-transversal-6"},"geometry":{"type":"MultiLineString","coordinates":[[[2.11204,41.33394],[2.11379,41.3333],[2.11486,41.33292]]]}},{"type":"Feature","properties":{"s":"st-carrer-transversal-7"},"geometry":{"type":"MultiLineString","coordinates":[[[2.1156,41.33136],[2.11672,41.33095],[2.11761,41.33066],[2.11889,41.33026],[2.12209,41.32916]]]}},{"type":"Feature","properties":{"s":"st-carrer-transversal-9"},"geometry":{"type":"MultiLineString","coordinates":[[[2.11521,41.33074],[2.11649,41.33028],[2.11761,41.32985],[2.11841,41.32952],[2.12164,41.3284]]]}},{"type":"Feature","properties":{"s":"st-carrer-transversal-10"},"geometry":{"type":"MultiLineString","coordinates":[[[2.1129,41.33187],[2.11148,41.33236]]]}},{"type":"Feature","properties":{"s":"st-carrer-transversal-11"},"geometry":{"type":"MultiLineString","coordinates":[[[2.12065,41.32678],[2.11866,41.32747],[2.11654,41.32817],[2.11415,41.329]]]}},{"type":"Feature","properties":{"s":"st-carrer-transversal-12"},"geometry":{"type":"MultiLineString","coordinates":[[[2.11479,41.33007],[2.11345,41.33051],[2.11235,41.33099],[2.11134,41.33128]]]}},{"type":"Feature","properties":{"s":"st-carrer-transversal-13"},"geometry":{"type":"MultiLineString","coordinates":[[[2.11394,41.32863],[2.11729,41.32746]],[[2.11423,41.32765],[2.11472,41.32729]]]}},{"type":"Feature","properties":{"s":"st-carrer-transversal-14"},"geometry":{"type":"MultiLineString","coordinates":[[[2.11197,41.32931],[2.11394,41.32863]]]}},{"type":"Feature","properties":{"s":"st-carrer-transversal-15"},"geometry":{"type":"MultiLineString","coordinates":[[[2.11423,41.32765],[2.11472,41.32729]]]}},{"type":"Feature","properties":{"s":"st-carrer-transversal-17"},"geometry":{"type":"MultiLineString","coordinates":[[[2.1163,41.32583],[2.11845,41.32506],[2.11956,41.32499]],[[2.11395,41.32725],[2.11444,41.32691]]]}},{"type":"Feature","properties":{"s":"st-placa-de-vazquez-montalban"},"geometry":{"type":"MultiLineString","coordinates":[[[2.16973,41.37933],[2.16943,41.37862]]]}},{"type":"Feature","properties":{"s":"st-carrer-nou-de-sadurni"},"geometry":{"type":"MultiLineString","coordinates":[[[2.16973,41.37933],[2.17054,41.37866]]]}},{"type":"Feature","properties":{"s":"st-placa-de-juliana-morell"},"geometry":{"type":"MultiLineString","coordinates":[[[2.21292,41.41873],[2.21323,41.41896]],[[2.2136,41.41924],[2.21323,41.41896]],[[2.21323,41.41896],[2.21394,41.41844]]]}},{"type":"Feature","properties":{"s":"st-carrer-sense-nom-tucuman-junoy"},"geometry":{"type":"MultiLineString","coordinates":[[[2.19928,41.44504],[2.19743,41.44476]]]}},{"type":"Feature","properties":{"s":"st-placa-de-carme-montoriol"},"geometry":{"type":"MultiLineString","coordinates":[[[2.18495,41.4126],[2.18457,41.41291]]]}},{"type":"Feature","properties":{"s":"st-placa-de-can-portabella"},"geometry":{"type":"MultiLineString","coordinates":[[[2.19366,41.42924],[2.1954,41.42911]]]}},{"type":"Feature","properties":{"s":"st-carrer-d-emilia-coranty"},"geometry":{"type":"MultiLineString","coordinates":[[[2.20017,41.40806],[2.1989,41.40879],[2.19763,41.40955]]]}},{"type":"Feature","properties":{"s":"st-placa-d-ernest-lluch-i-martin"},"geometry":{"type":"MultiLineString","coordinates":[[[2.21931,41.41133],[2.2222,41.41198]]]}},{"type":"Feature","properties":{"s":"st-carretera-circumvallacio-tram-8"},"geometry":{"type":"MultiLineString","coordinates":[[[2.15385,41.33646],[2.15424,41.33724],[2.15542,41.33913]],[[2.15826,41.34238],[2.16341,41.34152]]]}},{"type":"Feature","properties":{"s":"st-carrer-h-moll-inflamables"},"geometry":{"type":"MultiLineString","coordinates":[[[2.15385,41.33646],[2.15284,41.33479],[2.14974,41.32978]]]}},{"type":"Feature","properties":{"s":"st-carrer-del-port-de-lagos"},"geometry":{"type":"MultiLineString","coordinates":[[[2.15394,41.32831],[2.15503,41.33079],[2.15553,41.33199],[2.15714,41.33565]]]}},{"type":"Feature","properties":{"s":"st-carrer-a-moll-inflamables"},"geometry":{"type":"MultiLineString","coordinates":[[[2.15714,41.33565],[2.15385,41.33646]]]}},{"type":"Feature","properties":{"s":"st-carrer-b-moll-inflamables"},"geometry":{"type":"MultiLineString","coordinates":[[[2.15625,41.33361],[2.15284,41.33479]]]}},{"type":"Feature","properties":{"s":"st-carrer-c-moll-inflamables"},"geometry":{"type":"MultiLineString","coordinates":[[[2.15553,41.33199],[2.15188,41.33325]]]}},{"type":"Feature","properties":{"s":"st-carrer-del-port-de-rotterdam"},"geometry":{"type":"MultiLineString","coordinates":[[[2.15503,41.33079],[2.15117,41.3321]]]}},{"type":"Feature","properties":{"s":"st-carrer-del-port-de-genova"},"geometry":{"type":"MultiLineString","coordinates":[[[2.15057,41.33113],[2.15456,41.32975]]]}},{"type":"Feature","properties":{"s":"st-carrer-f-moll-inflamables"},"geometry":{"type":"MultiLineString","coordinates":[[[2.15394,41.32831],[2.14974,41.32978]]]}},{"type":"Feature","properties":{"s":"st-carrer-del-port-de-ningbo"},"geometry":{"type":"MultiLineString","coordinates":[[[2.15919,41.32822],[2.16034,41.33076],[2.16208,41.33469],[2.16319,41.33724]]]}},{"type":"Feature","properties":{"s":"st-carrer-del-port-d-alexandria"},"geometry":{"type":"MultiLineString","coordinates":[[[2.15714,41.33565],[2.15966,41.33528],[2.16208,41.33469]]]}},{"type":"Feature","properties":{"s":"st-carrer-del-port-de-casablanca"},"geometry":{"type":"MultiLineString","coordinates":[[[2.15553,41.33199],[2.15795,41.33135],[2.16034,41.33076]]]}},{"type":"Feature","properties":{"s":"st-carrer-del-port-de-haifa"},"geometry":{"type":"MultiLineString","coordinates":[[[2.15394,41.32831],[2.15656,41.32821],[2.15919,41.32822]]]}},{"type":"Feature","properties":{"s":"st-carrer-del-port-de-miami"},"geometry":{"type":"MultiLineString","coordinates":[[[2.15656,41.32821],[2.15795,41.33135],[2.15966,41.33528]]]}},{"type":"Feature","properties":{"s":"st-carrer-del-port-de-tianjin"},"geometry":{"type":"MultiLineString","coordinates":[[[2.15714,41.33565],[2.1583,41.33847],[2.16319,41.33724]]]}},{"type":"Feature","properties":{"s":"st-passatge-de-maria-llimona"},"geometry":{"type":"MultiLineString","coordinates":[[[2.20794,41.40452],[2.20907,41.40539],[2.21022,41.40624]]]}},{"type":"Feature","properties":{"s":"st-placa-d-angel-rodriguez"},"geometry":{"type":"MultiLineString","coordinates":[[[2.13316,41.39209],[2.13367,41.39235]]]}},{"type":"Feature","properties":{"s":"st-placa-de-tisner"},"geometry":{"type":"MultiLineString","coordinates":[[[2.19375,41.40067],[2.19307,41.4004]]]}},{"type":"Feature","properties":{"s":"st-placa-de-cal-muns"},"geometry":{"type":"MultiLineString","coordinates":[[[2.13903,41.37114],[2.13853,41.37101]]]}},{"type":"Feature","properties":{"s":"st-passatge-de-daro"},"geometry":{"type":"MultiLineString","coordinates":[[[2.14104,41.3639],[2.1418,41.36394]]]}},{"type":"Feature","properties":{"s":"st-carrer-de-besiberri"},"geometry":{"type":"MultiLineString","coordinates":[[[2.17175,41.43281],[2.1712,41.43211]]]}},{"type":"Feature","properties":{"s":"st-placa-de-dolors-piera"},"geometry":{"type":"MultiLineString","coordinates":[[[2.19443,41.40165],[2.1949,41.402]]]}},{"type":"Feature","properties":{"s":"st-passatge-de-magdalena-giralt"},"geometry":{"type":"MultiLineString","coordinates":[[[2.1887,41.44521],[2.1893,41.44485]]]}},{"type":"Feature","properties":{"s":"st-passatge-de-madrona-prat"},"geometry":{"type":"MultiLineString","coordinates":[[[2.1353,41.42717],[2.13481,41.42712]]]}},{"type":"Feature","properties":{"s":"st-escales-de-tenerife"},"geometry":{"type":"MultiLineString","coordinates":[[[2.16378,41.41712],[2.16393,41.4165]]]}},{"type":"Feature","properties":{"s":"st-pas-de-ramon-cabau"},"geometry":{"type":"MultiLineString","coordinates":[[[2.17207,41.38193],[2.17245,41.38211]]]}},{"type":"Feature","properties":{"s":"st-placa-dels-titellaires"},"geometry":{"type":"MultiLineString","coordinates":[[[2.17464,41.44625],[2.17456,41.44602]]]}},{"type":"Feature","properties":{"s":"st-placa-de-la-hispano-suissa"},"geometry":{"type":"MultiLineString","coordinates":[[[2.1889,41.42203],[2.18891,41.42275]]]}},{"type":"Feature","properties":{"s":"st-passatge-d-alfonso-lafuente"},"geometry":{"type":"MultiLineString","coordinates":[[[2.17581,41.43263],[2.1763,41.43328]]]}},{"type":"Feature","properties":{"s":"st-passatge-d-aristotil"},"geometry":{"type":"MultiLineString","coordinates":[[[2.16938,41.42852],[2.16952,41.42896]]]}},{"type":"Feature","properties":{"s":"st-placa-d-isabel-vila"},"geometry":{"type":"MultiLineString","coordinates":[[[2.19484,41.40143],[2.19523,41.40173]]]}},{"type":"Feature","properties":{"s":"st-placeta-de-luis-bunuel"},"geometry":{"type":"MultiLineString","coordinates":[[[2.18165,41.43445],[2.18111,41.43512]]]}},{"type":"Feature","properties":{"s":"st-avinguda-d-eduard-maristany"},"geometry":{"type":"MultiLineString","coordinates":[[[2.21931,41.41133],[2.22127,41.41356]]]}},{"type":"Feature","properties":{"s":"st-placa-de-charles-darwin"},"geometry":{"type":"MultiLineString","coordinates":[[[2.1954,41.3843],[2.19529,41.38507]]]}},{"type":"Feature","properties":{"s":"st-placeta-d-aureli-capmany"},"geometry":{"type":"MultiLineString","coordinates":[[[2.16731,41.38041],[2.16716,41.38055]]]}},{"type":"Feature","properties":{"s":"st-carrer-del-lligabosc"},"geometry":{"type":"MultiLineString","coordinates":[[[2.10042,41.42518],[2.09698,41.42395]]]}},{"type":"Feature","properties":{"s":"st-placa-de-les-ceramiques-vicens"},"geometry":{"type":"MultiLineString","coordinates":[[[2.1239,41.37892],[2.12433,41.37917]]]}},{"type":"Feature","properties":{"s":"st-placa-de-les-dones-del-36"},"geometry":{"type":"MultiLineString","coordinates":[[[2.15422,41.40482],[2.1534,41.40475]]]}},{"type":"Feature","properties":{"s":"st-passatge-de-mart"},"geometry":{"type":"MultiLineString","coordinates":[[[2.09825,41.42946],[2.09867,41.43021]]]}},{"type":"Feature","properties":{"s":"st-carrer-d-otilia-castellvi"},"geometry":{"type":"MultiLineString","coordinates":[[[2.14119,41.41727],[2.14014,41.41659],[2.13957,41.41623],[2.13904,41.41593]]]}},{"type":"Feature","properties":{"s":"st-placa-de-prosperitat"},"geometry":{"type":"MultiLineString","coordinates":[[[2.17871,41.44025],[2.17917,41.43993]]]}},{"type":"Feature","properties":{"s":"st-placa-del-gas"},"geometry":{"type":"MultiLineString","coordinates":[[[2.18965,41.38308],[2.19093,41.38337]]]}},{"type":"Feature","properties":{"s":"st-placa-de-l-aigua"},"geometry":{"type":"MultiLineString","coordinates":[[[2.18581,41.45082],[2.1866,41.45072]]]}},{"type":"Feature","properties":{"s":"st-pas-d-antonio-cuadrillero"},"geometry":{"type":"MultiLineString","coordinates":[[[2.18662,41.45227],[2.18549,41.45131],[2.18467,41.451],[2.18339,41.45004]]]}},{"type":"Feature","properties":{"s":"st-placa-del-raim"},"geometry":{"type":"MultiLineString","coordinates":[[[2.17358,41.446],[2.1741,41.44629]]]}},{"type":"Feature","properties":{"s":"st-carrer-de-dolors-lleonart"},"geometry":{"type":"MultiLineString","coordinates":[[[2.1391,41.41408],[2.14001,41.41465]]]}},{"type":"Feature","properties":{"s":"st-placa-de-la-primavera"},"geometry":{"type":"MultiLineString","coordinates":[[[2.18853,41.44458],[2.18842,41.44603]]]}},{"type":"Feature","properties":{"s":"st-carrer-de-clara-zetkin"},"geometry":{"type":"MultiLineString","coordinates":[[[2.19109,41.42394],[2.19173,41.42392],[2.1933,41.42396]]]}},{"type":"Feature","properties":{"s":"st-placa-de-l-aire"},"geometry":{"type":"MultiLineString","coordinates":[[[2.18653,41.45016],[2.18462,41.45016]]]}},{"type":"Feature","properties":{"s":"st-placa-de-llibertat-rodenas"},"geometry":{"type":"MultiLineString","coordinates":[[[2.20453,41.42249],[2.20349,41.42198],[2.20258,41.4218]]]}},{"type":"Feature","properties":{"s":"st-placa-de-la-cosmos"},"geometry":{"type":"MultiLineString","coordinates":[[[2.15246,41.42511],[2.15243,41.42567]]]}},{"type":"Feature","properties":{"s":"st-placa-de-willy-brandt"},"geometry":{"type":"MultiLineString","coordinates":[[[2.21753,41.40936],[2.21958,41.40826]]]}},{"type":"Feature","properties":{"s":"st-placa-de-leonardo-da-vinci"},"geometry":{"type":"MultiLineString","coordinates":[[[2.21931,41.41133],[2.22129,41.40977]]]}},{"type":"Feature","properties":{"s":"st-placa-del-forum"},"geometry":{"type":"MultiLineString","coordinates":[[[2.2222,41.41198],[2.22129,41.40977]]]}},{"type":"Feature","properties":{"s":"st-placa-de-joaquim-serra"},"geometry":{"type":"MultiLineString","coordinates":[[[2.17959,41.44607],[2.18033,41.44718],[2.17882,41.44709],[2.17895,41.44684]]]}},{"type":"Feature","properties":{"s":"st-passatge-de-montserrat-de-andres"},"geometry":{"type":"MultiLineString","coordinates":[[[2.14244,41.3722],[2.14384,41.37271]]]}},{"type":"Feature","properties":{"s":"st-placa-del-moviment-obrer"},"geometry":{"type":"MultiLineString","coordinates":[[[2.14022,41.35568],[2.13969,41.35642]]]}},{"type":"Feature","properties":{"s":"st-placa-sense-nom-alts-forns"},"geometry":{"type":"MultiLineString","coordinates":[[[2.13869,41.35778],[2.13925,41.357]]]}},{"type":"Feature","properties":{"s":"st-placa-de-rosa-peraulet"},"geometry":{"type":"MultiLineString","coordinates":[[[2.20381,41.4017],[2.20478,41.40152]]]}},{"type":"Feature","properties":{"s":"st-placeta-de-daniel-dalmases"},"geometry":{"type":"MultiLineString","coordinates":[[[2.12738,41.38473],[2.12765,41.38502]]]}},{"type":"Feature","properties":{"s":"st-placa-de-joan-riera"},"geometry":{"type":"MultiLineString","coordinates":[[[2.17399,41.44201],[2.17395,41.44187]]]}},{"type":"Feature","properties":{"s":"st-passatge-d-aurora-diaz-plaja"},"geometry":{"type":"MultiLineString","coordinates":[[[2.1746,41.42696],[2.17397,41.42714]]]}},{"type":"Feature","properties":{"s":"st-carrer-d-isaac-newton"},"geometry":{"type":"MultiLineString","coordinates":[[[2.12578,41.41034],[2.12678,41.41072],[2.12824,41.41158],[2.12993,41.41286],[2.13084,41.41382],[2.13236,41.41425],[2.13393,41.41447],[2.13485,41.41462],[2.13595,41.41499],[2.13627,41.41511]]]}},{"type":"Feature","properties":{"s":"st-placeta-d-anna-muria"},"geometry":{"type":"MultiLineString","coordinates":[[[2.17501,41.37815],[2.17485,41.37823]]]}},{"type":"Feature","properties":{"s":"st-placa-de-pilar-miro"},"geometry":{"type":"MultiLineString","coordinates":[[[2.20079,41.4478],[2.20156,41.44807],[2.20185,41.44773]]]}},{"type":"Feature","properties":{"s":"st-cami-del-cel-del-tibidabo"},"geometry":{"type":"MultiLineString","coordinates":[[[2.11928,41.42436],[2.11966,41.42242]]]}},{"type":"Feature","properties":{"s":"st-placeta-de-marconi"},"geometry":{"type":"MultiLineString","coordinates":[[[2.1885,41.40988],[2.18896,41.40962]]]}},{"type":"Feature","properties":{"s":"st-carrer-d-amalia-garcia"},"geometry":{"type":"MultiLineString","coordinates":[[[2.13354,41.41902],[2.13334,41.41916],[2.13287,41.41943],[2.13221,41.4199]]]}},{"type":"Feature","properties":{"s":"st-carrer-del-sindic-rahola"},"geometry":{"type":"MultiLineString","coordinates":[[[2.15177,41.43999],[2.15475,41.44046]]]}},{"type":"Feature","properties":{"s":"st-placa-major-de-nou-barris"},"geometry":{"type":"MultiLineString","coordinates":[[[2.17145,41.43643],[2.17124,41.43677]]]}},{"type":"Feature","properties":{"s":"st-placa-de-la-rosa-dels-vents"},"geometry":{"type":"MultiLineString","coordinates":[[[2.18738,41.36816],[2.18913,41.36786]]]}},{"type":"Feature","properties":{"s":"st-passeig-del-mare-nostrum"},"geometry":{"type":"MultiLineString","coordinates":[[[2.18759,41.37037],[2.18878,41.36976]]]}},{"type":"Feature","properties":{"s":"st-carrer-de-joan-ferrandiz"},"geometry":{"type":"MultiLineString","coordinates":[[[2.13981,41.40682],[2.14037,41.40684]]]}},{"type":"Feature","properties":{"s":"st-carrer-de-josefa-rosich"},"geometry":{"type":"MultiLineString","coordinates":[[[2.13818,41.41655],[2.13904,41.41593],[2.13967,41.41519]]]}},{"type":"Feature","properties":{"s":"st-placa-de-sant-pol-de-mar"},"geometry":{"type":"MultiLineString","coordinates":[[[2.20313,41.4373],[2.20267,41.43742]]]}},{"type":"Feature","properties":{"s":"st-passatge-del-pinsa"},"geometry":{"type":"MultiLineString","coordinates":[[[2.16125,41.42053],[2.16094,41.42098]]]}},{"type":"Feature","properties":{"s":"st-escales-de-la-floresta"},"geometry":{"type":"MultiLineString","coordinates":[[[2.15175,41.42521],[2.15184,41.42604]]]}},{"type":"Feature","properties":{"s":"st-placa-de-numen-mestre"},"geometry":{"type":"MultiLineString","coordinates":[[[2.14285,41.4237],[2.14303,41.42305]]]}},{"type":"Feature","properties":{"s":"st-placa-d-adolf-marsillach"},"geometry":{"type":"MultiLineString","coordinates":[[[2.14258,41.42373],[2.14265,41.42294]]]}},{"type":"Feature","properties":{"s":"st-carrer-d-antoni-santiburcio"},"geometry":{"type":"MultiLineString","coordinates":[[[2.18853,41.44458],[2.19067,41.44436]]]}},{"type":"Feature","properties":{"s":"st-carrer-de-victor-colomer"},"geometry":{"type":"MultiLineString","coordinates":[[[2.18923,41.44296],[2.19076,41.44301]]]}},{"type":"Feature","properties":{"s":"st-carrer-de-la-maternitat-d-elna"},"geometry":{"type":"MultiLineString","coordinates":[[[2.15371,41.43552],[2.15134,41.43432]]]}},{"type":"Feature","properties":{"s":"st-carrer-sense-nom-palamos-s-agaro"},"geometry":{"type":"MultiLineString","coordinates":[[[2.18653,41.45016],[2.18694,41.44983]]]}},{"type":"Feature","properties":{"s":"st-carrer-de-felix-amat"},"geometry":{"type":"MultiLineString","coordinates":[[[2.19071,41.44369],[2.18975,41.44364]]]}},{"type":"Feature","properties":{"s":"st-carrer-de-rosario-pi"},"geometry":{"type":"MultiLineString","coordinates":[[[2.17194,41.43035],[2.17195,41.43119],[2.1718,41.43142],[2.17171,41.43176]]]}},{"type":"Feature","properties":{"s":"st-carrer-d-hipatia-d-alexandria"},"geometry":{"type":"MultiLineString","coordinates":[[[2.14658,41.43386],[2.14446,41.435]]]}},{"type":"Feature","properties":{"s":"st-passatge-de-carmen-de-burgos"},"geometry":{"type":"MultiLineString","coordinates":[[[2.19177,41.4116],[2.19305,41.41237]]]}},{"type":"Feature","properties":{"s":"st-carrer-de-palafrugell"},"geometry":{"type":"MultiLineString","coordinates":[[[2.19339,41.45038],[2.19253,41.45081]]]}},{"type":"Feature","properties":{"s":"st-carrer-de-paulo-freire"},"geometry":{"type":"MultiLineString","coordinates":[[[2.14861,41.43615],[2.14824,41.43672],[2.14758,41.43799]]]}},{"type":"Feature","properties":{"s":"st-placa-de-joan-pelegri"},"geometry":{"type":"MultiLineString","coordinates":[[[2.14255,41.37664],[2.14253,41.37603]]]}},{"type":"Feature","properties":{"s":"st-carrer-dels-tallers-ferroviaris"},"geometry":{"type":"MultiLineString","coordinates":[[[2.12045,41.33942],[2.11753,41.3417]]]}},{"type":"Feature","properties":{"s":"st-placa-de-carmen-laforet"},"geometry":{"type":"MultiLineString","coordinates":[[[2.17723,41.42779],[2.17643,41.42739]]]}},{"type":"Feature","properties":{"s":"st-passatge-de-ma-angels-rivas"},"geometry":{"type":"MultiLineString","coordinates":[[[2.17607,41.42611],[2.17728,41.42618]]]}},{"type":"Feature","properties":{"s":"st-passatge-de-llucieta-canya"},"geometry":{"type":"MultiLineString","coordinates":[[[2.10743,41.4009],[2.10663,41.40179]]]}},{"type":"Feature","properties":{"s":"st-placa-del-vuit-de-marc"},"geometry":{"type":"MultiLineString","coordinates":[[[2.17449,41.38531],[2.17458,41.38536]]]}},{"type":"Feature","properties":{"s":"st-placa-d-herta-frankel"},"geometry":{"type":"MultiLineString","coordinates":[[[2.14482,41.42272],[2.1449,41.42255]]]}},{"type":"Feature","properties":{"s":"st-placa-de-mossen-eduard-piquer"},"geometry":{"type":"MultiLineString","coordinates":[[[2.15673,41.41901],[2.15691,41.41924]]]}},{"type":"Feature","properties":{"s":"st-carrer-de-francesc-pedra"},"geometry":{"type":"MultiLineString","coordinates":[[[2.1318,41.38759],[2.13264,41.38851],[2.13302,41.38887]]]}},{"type":"Feature","properties":{"s":"st-passatge-de-josep-mula"},"geometry":{"type":"MultiLineString","coordinates":[[[2.20764,41.42226],[2.20633,41.42327]]]}},{"type":"Feature","properties":{"s":"st-carrer-d-ignasi-sola-morales"},"geometry":{"type":"MultiLineString","coordinates":[[[2.1147,41.38992],[2.11413,41.38926]]]}}]}